#
# A fatal error has been detected by the Java Runtime Environment:
#
#  EXCEPTION_ACCESS_VIOLATION (0xc0000005) at pc=0x0000024fae046633, pid=251068, tid=253068
#
# JRE version: Java(TM) SE Runtime Environment (21.0.5+9) (build 21.0.5+9-LTS-239)
# Java VM: Java HotSpot(TM) 64-Bit Server VM (21.0.5+9-LTS-239, mixed mode, sharing, tiered, compressed oops, compressed class ptrs, g1 gc, windows-amd64)
# Problematic frame:
# J 13599 c2 java.util.concurrent.ConcurrentHashMap.computeIfAbsent(Ljava/lang/Object;Ljava/util/function/Function;)Ljava/lang/Object; java.base@21.0.5 (576 bytes) @ 0x0000024fae046633 [0x0000024fae046380+0x00000000000002b3]
#
# No core dump will be written. Minidumps are not enabled by default on client versions of Windows
#
# If you would like to submit a bug report, please visit:
#   https://bugreport.java.com/bugreport/crash.jsp
#

---------------  S U M M A R Y ------------

Command Line: --add-opens=java.base/java.lang=ALL-UNNAMED --add-opens=java.base/java.lang.invoke=ALL-UNNAMED --add-opens=java.base/java.util=ALL-UNNAMED --add-opens=java.prefs/java.util.prefs=ALL-UNNAMED --add-exports=jdk.compiler/com.sun.tools.javac.api=ALL-UNNAMED --add-exports=jdk.compiler/com.sun.tools.javac.util=ALL-UNNAMED --add-opens=java.base/java.util=ALL-UNNAMED --add-opens=java.prefs/java.util.prefs=ALL-UNNAMED --add-opens=java.base/java.nio.charset=ALL-UNNAMED --add-opens=java.base/java.net=ALL-UNNAMED --add-opens=java.base/java.util.concurrent=ALL-UNNAMED --add-opens=java.base/java.util.concurrent.atomic=ALL-UNNAMED --add-opens=java.xml/javax.xml.namespace=ALL-UNNAMED --add-opens=java.base/java.time=ALL-UNNAMED -Xmx2G -Dfile.encoding=UTF-8 -Duser.country=CN -Duser.language=zh -Duser.variant -javaagent:C:\Users\byd\.gradle\wrapper\dists\gradle-9.4.0-bin\lcvyxq3t37f6mx9miaydrrgs\gradle-9.4.0\lib\agents\gradle-instrumentation-agent-9.4.0.jar org.gradle.launcher.daemon.bootstrap.GradleDaemon 9.4.0

Host: 13th Gen Intel(R) Core(TM) i7-13700KF, 24 cores, 31G,  Windows 11 , 64 bit Build 26100 (10.0.26100.7705)
Time: Wed Mar 18 02:56:13 2026  Windows 11 , 64 bit Build 26100 (10.0.26100.7705) elapsed time: 11.747966 seconds (0d 0h 0m 11s)

---------------  T H R E A D  ---------------

Current thread (0x0000024f8ae72bc0):  JavaThread "pool-2-thread-20"        [_thread_in_Java, id=253068, stack(0x000000b07c200000,0x000000b07c300000) (1024K)]

Stack: [0x000000b07c200000,0x000000b07c300000],  sp=0x000000b07c2fe7b0,  free space=1017k
Native frames: (J=compiled Java code, j=interpreted, Vv=VM code, C=native code)
C  0x0000024fae046633

The last pc belongs to nmethod (printed below).

siginfo: EXCEPTION_ACCESS_VIOLATION (0xc0000005), reading address 0xffffffffffffffff


Registers:
RAX=0x000000b07c2fe850, RBX=0x0000000000000000, RCX=0x2d06aee3a9cb0000, RDX=0x0000024fae02da24
RSP=0x000000b07c2fe7b0, RBP=0x00000000a3410218, RSI=0x0000000000000000, RDI=0x0000000000000000
R8 =0x0000000000000000, R9 =0x0000000000000006, R10=0x656e696d2f74656e, R11=0x0000000000000888
R12=0x0000000000000000, R13=0x0000000000000001, R14=0x0000000086d94180, R15=0x0000024f8ae72bc0
RIP=0x0000024fae046633, EFLAGS=0x0000000000010202


Register to memory mapping:

RAX=0x000000b07c2fe850 is pointing into the stack for thread: 0x0000024f8ae72bc0
RBX=0x0 is null
RCX=0x2d06aee3a9cb0000 is an unknown value
RDX=0x0000024fae02da24 is at entry_point+612 in (nmethod*)0x0000024fae02d510
Compiled method (c2)   11774 13060   !   4       daomephsta.unpick.impl.classresolvers.PathClassResolver::resolveClass (90 bytes)
 total in heap  [0x0000024fae02d510,0x0000024fae02ef38] = 6696
 relocation     [0x0000024fae02d668,0x0000024fae02d7c0] = 344
 main code      [0x0000024fae02d7c0,0x0000024fae02e630] = 3696
 stub code      [0x0000024fae02e630,0x0000024fae02e6b0] = 128
 oops           [0x0000024fae02e6b0,0x0000024fae02e6e0] = 48
 metadata       [0x0000024fae02e6e0,0x0000024fae02e7c0] = 224
 scopes data    [0x0000024fae02e7c0,0x0000024fae02eb50] = 912
 scopes pcs     [0x0000024fae02eb50,0x0000024fae02ed60] = 528
 dependencies   [0x0000024fae02ed60,0x0000024fae02ed68] = 8
 handler table  [0x0000024fae02ed68,0x0000024fae02ef18] = 432
 nul chk table  [0x0000024fae02ef18,0x0000024fae02ef38] = 32
RSP=0x000000b07c2fe7b0 is pointing into the stack for thread: 0x0000024f8ae72bc0
RBP=
[error occurred during error reporting (printing register info), id 0xc0000005, EXCEPTION_ACCESS_VIOLATION (0xc0000005) at pc=0x00007ffaf7ccd5a1]
RSI=0x0 is null
RDI=0x0 is null
R8 =0x0 is null
R9 =0x0000000000000006 is an unknown value
R10=0x656e696d2f74656e is an unknown value
R11=0x0000000000000888 is an unknown value
R12=0x0 is null
R13=0x0000000000000001 is an unknown value
R14=0x0000000086d94180 is an oop: jdk.nio.zipfs.ZipFileSystem$IndexNode 
{0x0000000086d94180} - klass: 'jdk/nio/zipfs/ZipFileSystem$IndexNode'
 - ---- fields (total size 5 words):
 - 'hashcode' 'I' @12  -642974764 (0xd9acfbd4)
 - 'pos' 'I' @16  -1 (0xffffffff)
 - 'isdir' 'Z' @20  false (0x00)
 - 'name' '[B' @24  [B{0x00000000a3410300} (0xa3410300)
 - 'child' 'Ljdk/nio/zipfs/ZipFileSystem$IndexNode;' @28  null (0x00000000)
 - 'sibling' 'Ljdk/nio/zipfs/ZipFileSystem$IndexNode;' @32  null (0x00000000)
R15=0x0000024f8ae72bc0 is a thread

Top of Stack: (sp=0x000000b07c2fe7b0)
0x000000b07c2fe7b0:   0000000099213510 0000024fae046c28
0x000000b07c2fe7c0:   0000024f8ae72bc0 0000000000000000
0x000000b07c2fe7d0:   00000005a340fce8 2b0da9d586e3b000
0x000000b07c2fe7e0:   00000000a3410208 00000000888f5088
0x000000b07c2fe7f0:   0000000000000000 00000000888f50c8
0x000000b07c2fe800:   00000000888f50ec 00000000a3410218
0x000000b07c2fe810:   0000000086d5f7e0 0000000099200070
0x000000b07c2fe820:   00000000992134f0 00000000a340fce8
0x000000b07c2fe830:   00000000992163f8 0000024fae040764
0x000000b07c2fe840:   0000000086d5f7e0 0000000000000000
0x000000b07c2fe850:   0000000000000001 00007ffaf81ec569
0x000000b07c2fe860:   0000000086d5d760 0000024fae372334
0x000000b07c2fe870:   0000006b86d7a4e8 00000000a340fce8
0x000000b07c2fe880:   0000000086d5d760 0000000086d7a4e8
0x000000b07c2fe890:   0000003c00000001 0000002e0000003a
0x000000b07c2fe8a0:   0000003c00000001 000000b07c2fe989
0x000000b07c2fe8b0:   000000b07c2fe928 0000024f8ae72bc0
0x000000b07c2fe8c0:   00000000a6226d40 0000024fa66c6904
0x000000b07c2fe8d0:   0000000000000000 0000024fa66c6900
0x000000b07c2fe8e0:   0000024f8ae72bc0 00007ffaf7f4cbf7
0x000000b07c2fe8f0:   00000000a340f9a0 0000000000000000
0x000000b07c2fe900:   0000000086d7f1f8 0000000086d5d6d8
0x000000b07c2fe910:   00000000888fa778 0000000086d5f758
0x000000b07c2fe920:   00000000888fa778 00007ffaf8548b30
0x000000b07c2fe930:   00000000a6226d40 0000024fa69d49bc
0x000000b07c2fe940:   0000000000000003 0000024fa77c099c
0x000000b07c2fe950:   00000000a38f01b0 6c632f7466617263
0x000000b07c2fe960:   00000000a5783ca0 00007ffaf7f50cb9
0x000000b07c2fe970:   00000000a416bb98 00000000a512f088
0x000000b07c2fe980:   0000024f8ae72bc0 00000000a6231b88
0x000000b07c2fe990:   0000024f8ae72bc0 00007ffaf7f4cced
0x000000b07c2fe9a0:   0000000000000000 00000000a340fc48 

Instructions: (pc=0x0000024fae046633)
0x0000024fae046533:   c0 4c 8b 54 24 50 f0 45 0f b1 1a 0f 94 c3 0f b6
0x0000024fae046543:   db 85 db 74 29 4c 8b dd 4d 33 da 49 c1 eb 14 4d
0x0000024fae046553:   85 db 74 1a 49 c1 ea 09 48 b9 00 00 06 b6 4f 02
0x0000024fae046563:   00 00 49 03 ca 80 39 02 0f 85 43 09 00 00 85 db
0x0000024fae046573:   0f 84 db 0a 00 00 48 89 6c 24 58 44 89 74 24 24
0x0000024fae046583:   48 89 74 24 40 48 8b 54 24 30 4c 8b 44 24 78 66
0x0000024fae046593:   66 90 48 b8 30 72 af 8b 4f 02 00 00 e8 ec 82 78
0x0000024fae0465a3:   ff 0f 1f 84 00 94 04 00 00 48 8b f8 48 85 c0 0f
0x0000024fae0465b3:   85 00 07 00 00 33 ff 33 db 41 80 7f 40 00 0f 85
0x0000024fae0465c3:   68 08 00 00 48 8b 74 24 50 4c 8b d6 4c 8b c3 44
0x0000024fae0465d3:   89 06 4c 8b db 4d 33 da 49 c1 eb 14 4d 85 db 74
0x0000024fae0465e3:   1f 48 85 db 74 1a 49 c1 ea 09 48 b9 00 00 06 b6
0x0000024fae0465f3:   4f 02 00 00 49 03 ca 80 39 02 0f 85 63 08 00 00
0x0000024fae046603:   41 bd 01 00 00 00 48 8b 74 24 40 48 8b 6c 24 58
0x0000024fae046613:   48 8d 84 24 a0 00 00 00 48 83 38 00 0f 84 7b 00
0x0000024fae046623:   00 00 4c 8b 55 00 41 f6 c2 02 0f 84 62 00 00 00
0x0000024fae046633:   49 83 ba 86 00 00 00 00 74 09 49 ff 8a 86 00 00
0x0000024fae046643:   00 eb 4b 49 8b 82 96 00 00 00 49 0b 82 8e 00 00
0x0000024fae046653:   00 75 0a 49 c7 42 3e 00 00 00 00 eb 3e 49 83 ba
0x0000024fae046663:   9e 00 00 00 00 74 22 48 33 c0 49 c7 42 3e 00 00
0x0000024fae046673:   00 00 f0 83 04 24 00 49 83 ba 9e 00 00 00 00 75
0x0000024fae046683:   0d f0 4d 0f b1 7a 3e 75 05 83 c8 01 eb 0d a8 00
0x0000024fae046693:   eb 09 4c 8b 10 f0 4c 0f b1 55 00 75 0a 49 ff 8f
0x0000024fae0466a3:   48 05 00 00 45 33 d2 0f 85 69 0c 00 00 45 85 ed
0x0000024fae0466b3:   0f 84 1d 07 00 00 48 8b ef 48 85 ed 0f 85 d0 05
0x0000024fae0466c3:   00 00 48 8b fe 48 8b c7 48 81 c4 b0 00 00 00 5d
0x0000024fae0466d3:   49 3b a7 48 04 00 00 0f 87 77 12 00 00 c3 44 0f
0x0000024fae0466e3:   b6 5d 11 45 85 db 0f 85 13 08 00 00 44 0f be 45
0x0000024fae0466f3:   10 45 85 c0 0f 85 1f 0d 00 00 44 8b 5d 14 49 8b
0x0000024fae046703:   d3 66 66 90 e8 b4 c9 dd ff 0f 1f 84 00 fc 05 00
0x0000024fae046713:   01 85 c0 0f 84 7b 08 00 00 89 45 0c e9 d1 fc ff
0x0000024fae046723:   ff 4c 89 44 24 48 45 8b 42 0c 4d 8b da 41 83 f8 


Stack slot to memory mapping:

stack at sp + 0 slots: 0x0000000099213510 is an oop: java.lang.String 
{0x0000000099213510} - klass: 'java/lang/String'
 - string: "net/minecraft/client/render/entity/model/EntityModelPartNames"
 - ---- fields (total size 3 words):
 - private 'hash' 'I' @12  -1425210664 (0xab0d02d8)
 - private final 'coder' 'B' @16  0 (0x00)
 - private 'hashIsZero' 'Z' @17  false (0x00)
 - injected 'flags' 'B' @18  0 (0x00)
 - private final 'value' '[B' @20  [B{0x0000000099213528} (0x99213528)
stack at sp + 1 slots: 0x0000024fae046c28 is at entry_point+2216 in (nmethod*)0x0000024fae046110
Compiled method (c2)   11790 13599   !   4       java.util.concurrent.ConcurrentHashMap::computeIfAbsent (576 bytes)
 total in heap  [0x0000024fae046110,0x0000024fae048358] = 8776
 relocation     [0x0000024fae046268,0x0000024fae046368] = 256
 main code      [0x0000024fae046380,0x0000024fae047978] = 5624
 stub code      [0x0000024fae047978,0x0000024fae0479d8] = 96
 metadata       [0x0000024fae0479d8,0x0000024fae047a00] = 40
 scopes data    [0x0000024fae047a00,0x0000024fae048028] = 1576
 scopes pcs     [0x0000024fae048028,0x0000024fae048208] = 480
 dependencies   [0x0000024fae048208,0x0000024fae048210] = 8
 handler table  [0x0000024fae048210,0x0000024fae048348] = 312
 nul chk table  [0x0000024fae048348,0x0000024fae048358] = 16
stack at sp + 2 slots: 0x0000024f8ae72bc0 is a thread
stack at sp + 3 slots: 0x0 is null
stack at sp + 4 slots: 0x00000005a340fce8 is an unknown value
stack at sp + 5 slots: 0x2b0da9d586e3b000 is an unknown value
stack at sp + 6 slots: 0x00000000a3410208 is an oop: [B 
{0x00000000a3410208} - klass: {type array byte}
 - length: 67
stack at sp + 7 slots: 0x00000000888f5088 is an oop: java.util.concurrent.ConcurrentHashMap 
{0x00000000888f5088} - klass: 'java/util/concurrent/ConcurrentHashMap'
 - ---- fields (total size 8 words):
 - transient 'keySet' 'Ljava/util/Set;' @12  null (0x00000000)
 - transient 'values' 'Ljava/util/Collection;' @16  null (0x00000000)
 - private volatile transient 'sizeCtl' 'I' @20  12 (0x0000000c)
 - private volatile transient 'baseCount' 'J' @24  0 (0x0000000000000000)
 - private volatile transient 'transferIndex' 'I' @32  0 (0x00000000)
 - private volatile transient 'cellsBusy' 'I' @36  0 (0x00000000)
 - volatile transient 'table' '[Ljava/util/concurrent/ConcurrentHashMap$Node;' @40  a 'java/util/concurrent/ConcurrentHashMap$Node'[16] {0x00000000888f50c8} (0x888f50c8)
 - private volatile transient 'nextTable' '[Ljava/util/concurrent/ConcurrentHashMap$Node;' @44  null (0x00000000)
 - private volatile transient 'counterCells' '[Ljava/util/concurrent/ConcurrentHashMap$CounterCell;' @48  null (0x00000000)
 - private transient 'keySet' 'Ljava/util/concurrent/ConcurrentHashMap$KeySetView;' @52  null (0x00000000)
 - private transient 'values' 'Ljava/util/concurrent/ConcurrentHashMap$ValuesView;' @56  null (0x00000000)
 - private transient 'entrySet' 'Ljava/util/concurrent/ConcurrentHashMap$EntrySetView;' @60  null (0x00000000)


Compiled method (c2)   11796 13599   !   4       java.util.concurrent.ConcurrentHashMap::computeIfAbsent (576 bytes)
 total in heap  [0x0000024fae046110,0x0000024fae048358] = 8776
 relocation     [0x0000024fae046268,0x0000024fae046368] = 256
 main code      [0x0000024fae046380,0x0000024fae047978] = 5624
 stub code      [0x0000024fae047978,0x0000024fae0479d8] = 96
 metadata       [0x0000024fae0479d8,0x0000024fae047a00] = 40
 scopes data    [0x0000024fae047a00,0x0000024fae048028] = 1576
 scopes pcs     [0x0000024fae048028,0x0000024fae048208] = 480
 dependencies   [0x0000024fae048208,0x0000024fae048210] = 8
 handler table  [0x0000024fae048210,0x0000024fae048348] = 312
 nul chk table  [0x0000024fae048348,0x0000024fae048358] = 16

[Constant Pool (empty)]

[MachCode]
[Entry Point]
  # {method} {0x0000024fbd066290} 'computeIfAbsent' '(Ljava/lang/Object;Ljava/util/function/Function;)Ljava/lang/Object;' in 'java/util/concurrent/ConcurrentHashMap'
  # this:     rdx:rdx   = 'java/util/concurrent/ConcurrentHashMap'
  # parm0:    r8:r8     = 'java/lang/Object'
  # parm1:    r9:r9     = 'java/util/function/Function'
  #           [sp+0xc0]  (sp of caller)
  0x0000024fae046380: 448b 5208 | 49bb 0000 | 00bd 4f02 | 0000 4d03 | d349 3bc2 

  0x0000024fae046394: ;   {runtime_call ic_miss_stub}
  0x0000024fae046394: 0f85 e683 | 6bff 6690 | 0f1f 4000 
[Verified Entry Point]
  0x0000024fae0463a0: 8984 2400 | 80ff ff55 | 4881 ecb0 | 0000 0090 | 4181 7f20 | 1100 0000 | 0f85 af15 | 0000 4889 
  0x0000024fae0463c0: 5424 384c | 894c 2430 | 4c89 4424 | 7845 8b58 | 084d 85c9 | 0f84 be0f 

  0x0000024fae0463d8: ;   {metadata('java/lang/String')}
  0x0000024fae0463d8: 0000 4181 | fb40 e700 | 000f 858b | 0800 0049 | 8be8 8b45 | 0c85 c00f | 84ec 0200 | 004c 8b54 
  0x0000024fae0463f8: 2438 458b | 6a28 448b | d041 c1ea | 1044 33d0 | 4c8b 5c24 | 784d 8bc3 | 4489 4424 | 2041 81e2 
  0x0000024fae046418: ffff ff7f | 4489 5424 | 2c33 f633 | ff45 85ed | 0f84 2909 | 0000 458b | 750c 4585 | f60f 862c 
  0x0000024fae046438: 0f00 004d | 8bc5 41ff | ce44 2374 | 242c 4d63 | d64f 8d54 | 9510 4c89 | 5424 5045 | 8b12 4585 
  0x0000024fae046458: d20f 85c5 | 0200 0049 | 8baf b801 | 0000 4c8b | d549 83c2 | 204d 3b97 | c801 0000 | 0f83 280b 
  0x0000024fae046478: 0000 4d89 | 97b8 0100 | 0041 0f0d | 8ac0 0000 | 0048 c745 | 0001 0000 

  0x0000024fae046490: ;   {metadata('java/util/concurrent/ConcurrentHashMap$ReservationNode')}
  0x0000024fae046490: 00c7 4508 | 28c6 1700 | 4c89 6510 | 4c89 6518 | c745 0cfd | ffff ff41 | 807f 4000 | 0f85 4309 
  0x0000024fae0464b0: 0000 4c89 | 4424 4844 | 8965 14f0 | 8344 24c0 | 0048 8d9c | 24a0 0000 | 0048 8b45 | 00a8 020f 
  0x0000024fae0464d0: 8524 0000 | 0048 83c8 | 0148 8903 | f048 0fb1 | 5d00 0f84 | 3700 0000 | 482b c448 | 2507 f0ff 
  0x0000024fae0464f0: ff48 8903 | e924 0000 | 004c 8bd0 | 4833 c0f0 | 4d0f b17a | 3e48 c703 | 0300 0000 | 7411 4c3b 
  0x0000024fae046510: f875 1549 | ff82 8600 | 0000 4833 | c075 0949 | ff87 4805 | 0000 33c0 | 0f85 1f0d | 0000 4c8b 
  0x0000024fae046530: dd48 33c0 | 4c8b 5424 | 50f0 450f | b11a 0f94 | c30f b6db | 85db 7429 | 4c8b dd4d | 33da 49c1 
  0x0000024fae046550: eb14 4d85 | db74 1a49 | c1ea 0948 | b900 0006 | b64f 0200 | 0049 03ca | 8039 020f | 8543 0900 
  0x0000024fae046570: 0085 db0f | 84db 0a00 | 0048 896c | 2458 4489 | 7424 2448 | 8974 2440 | 488b 5424 | 304c 8b44 
  0x0000024fae046590: ;   {no_reloc}
  0x0000024fae046590: 2478 6666 | 9048 b830 | 72af 8b4f 

  0x0000024fae04659c: ;   {virtual_call}
  0x0000024fae04659c: 0200 00e8 

  0x0000024fae0465a0: ; ImmutableOopMap {rbp=Oop [32]=NarrowOop [48]=Oop [56]=Oop [72]=Oop [80]=Derived_oop_[72] [88]=Oop [120]=Oop }
                      ;*invokeinterface apply {reexecute=0 rethrow=0 return_oop=1}
                      ; - java.util.concurrent.ConcurrentHashMap::computeIfAbsent@115 (line 1708)
  0x0000024fae0465a0: ec82 78ff 

  0x0000024fae0465a4: ;   {other}
  0x0000024fae0465a4: 0f1f 8400 | 9404 0000 | 488b f848 | 85c0 0f85 | 0007 0000 | 33ff 33db | 4180 7f40 | 000f 8568 
  0x0000024fae0465c4: 0800 0048 | 8b74 2450 | 4c8b d64c | 8bc3 4489 | 064c 8bdb | 4d33 da49 | c1eb 144d | 85db 741f 
  0x0000024fae0465e4: 4885 db74 | 1a49 c1ea | 0948 b900 | 0006 b64f | 0200 0049 | 03ca 8039 | 020f 8563 | 0800 0041 
  0x0000024fae046604: bd01 0000 | 0048 8b74 | 2440 488b | 6c24 5848 | 8d84 24a0 | 0000 0048 | 8338 000f | 847b 0000 
  0x0000024fae046624: 004c 8b55 | 0041 f6c2 | 020f 8462 | 0000 0049 | 83ba 8600 | 0000 0074 | 0949 ff8a | 8600 0000 
  0x0000024fae046644: eb4b 498b | 8296 0000 | 0049 0b82 | 8e00 0000 | 750a 49c7 | 423e 0000 | 0000 eb3e | 4983 ba9e 
  0x0000024fae046664: 0000 0000 | 7422 4833 | c049 c742 | 3e00 0000 | 00f0 8304 | 2400 4983 | ba9e 0000 | 0000 750d 
  0x0000024fae046684: f04d 0fb1 | 7a3e 7505 | 83c8 01eb | 0da8 00eb | 094c 8b10 | f04c 0fb1 | 5500 750a 

  0x0000024fae0466a0: ;   {no_reloc}
  0x0000024fae0466a0: 49ff 8f48 | 0500 0045 | 33d2 0f85 | 690c 0000 | 4585 ed0f | 841d 0700 | 0048 8bef | 4885 ed0f 
  0x0000024fae0466c0: 85d0 0500 | 0048 8bfe | 488b c748 | 81c4 b000 

  0x0000024fae0466d0: ;   {poll_return}
  0x0000024fae0466d0: 0000 5d49 | 3ba7 4804 | 0000 0f87 | 7712 0000 | c344 0fb6 | 5d11 4585 | db0f 8513 | 0800 0044 
  0x0000024fae0466f0: 0fbe 4510 | 4585 c00f | 851f 0d00 | 0044 8b5d | 1449 8bd3 

  0x0000024fae046704: ;   {static_call}
  0x0000024fae046704: 6666 90e8 

  0x0000024fae046708: ; ImmutableOopMap {rbp=Oop [48]=Oop [56]=Oop [120]=Oop }
                      ;*invokestatic hashCode {reexecute=0 rethrow=0 return_oop=0}
                      ; - java.lang.String::hashCode@27 (line 2369)
                      ; - java.util.concurrent.ConcurrentHashMap::computeIfAbsent@17 (line 1694)
  0x0000024fae046708: b4c9 ddff 

  0x0000024fae04670c: ;   {other}
  0x0000024fae04670c: 0f1f 8400 | fc05 0001 | 85c0 0f84 | 7b08 0000 | 8945 0ce9 | d1fc ffff | 4c89 4424 | 4845 8b42 
  0x0000024fae04672c: 0c4d 8bda | 4183 f8ff | 0f84 cf07 | 0000 443b | 4424 2c0f | 847c 0400 | 0048 8d9c | 24a0 0000 
  0x0000024fae04674c: 0049 8b03 | a802 0f85 | 2300 0000 | 4883 c801 | 4889 03f0 | 490f b11b | 0f84 3700 | 0000 482b 
  0x0000024fae04676c: c448 2507 | f0ff ff48 | 8903 e924 | 0000 004c | 8bc8 4833 | c0f0 4d0f | b179 3e48 | c703 0300 
  0x0000024fae04678c: 0000 7411 | 4c3b f875 | 1549 ff81 | 8600 0000 | 4833 c075 | 0949 ff87 | 4805 0000 | 33c0 0f85 
  0x0000024fae0467ac: c80c 0000 | 4c8b 4c24 | 5045 8b09 | 453b ca0f | 852b 0600 | 0045 85c0 | 0f8c 1e0e | 0000 4d8b 
  0x0000024fae0467cc: c3bb 0100 | 0000 4d8b | c841 8b48 | 0c3b 4c24 | 2c0f 85af | 0100 0041 | 8b69 104c | 8bc5 488b 
  0x0000024fae0467ec: 4c24 784c | 3bc1 0f84 | d200 0000 | 85ed 0f84 | 6d0e 0000 | 895c 2464 | 4c89 4c24 

  0x0000024fae046808: ;   {no_reloc}
  0x0000024fae046808: 704c 895c | 2468 4489 | 5424 604c | 8b54 2448 | 4c89 5424 | 5844 8974 | 244c 4889 | 7424 5044 
  0x0000024fae046828: 8b54 2420 | 4489 5424 | 4844 8b54 | 242c 4489 | 5424 4444 | 896c 2440 | 4c8b 5424 | 304c 8954 
  0x0000024fae046848: 2428 4889 | 4c24 204c | 8bc5 488b | 5424 7866 | 9048 b840 | e700 bd4f 

  0x0000024fae046860: ;   {virtual_call}
  0x0000024fae046860: 0200 00e8 

  0x0000024fae046864: ; ImmutableOopMap {[32]=Oop [40]=Oop [56]=Oop [64]=NarrowOop [72]=NarrowOop [88]=Oop [96]=NarrowOop [104]=Oop [112]=Oop }
                      ;*invokevirtual equals {reexecute=0 rethrow=0 return_oop=0}
                      ; - java.util.concurrent.ConcurrentHashMap::computeIfAbsent@323 (line 1734)
  0x0000024fae046864: b877 fcff 

  0x0000024fae046868: ;   {other}
  0x0000024fae046868: 0f1f 8400 | 5807 0002 | 85c0 0f84 | e407 0000 | 4c8b 5424 | 204c 8954 | 2478 4c8b | 5424 284c 
  0x0000024fae046888: 8954 2430 | 448b 6c24 | 4044 8b5c | 2444 4489 | 5c24 2c44 | 8b54 2448 | 4489 5424 | 2048 8b74 
  0x0000024fae0468a8: 2450 448b | 4424 4c4c | 8b54 2458 | 4c89 5424 | 484c 8b5c | 2468 4c8b | 4c24 708b | 5c24 6445 
  0x0000024fae0468c8: 8bf0 458b | 4114 498b | f833 ed48 | 8d84 24a0 | 0000 0048 | 8338 000f | 8479 0000 | 004d 8b13 
  0x0000024fae0468e8: 41f6 c202 | 0f84 6200 | 0000 4983 | ba86 0000 | 0000 7409 | 49ff 8a86 | 0000 00eb | 4b49 8b82 
  0x0000024fae046908: 9600 0000 | 490b 828e | 0000 0075 | 0a49 c742 | 3e00 0000 | 00eb 3d49 | 83ba 9e00 | 0000 0074 
  0x0000024fae046928: 2248 33c0 | 49c7 423e | 0000 0000 | f083 0424 | 0049 83ba | 9e00 0000 | 0075 0df0 | 4d0f b17a 
  0x0000024fae046948: 3e75 0583 | c801 eb0c | a800 eb08 | 4c8b 10f0 | 4d0f b113 | 750a 49ff | 8f48 0500 

  0x0000024fae046964: ;   {no_reloc}
  0x0000024fae046964: 0045 33d2 | 0f85 fd0b | 0000 85db | 0f84 6004 | 0000 83fb | 080f 8da1 | 0c00 0085 | ed0f 8441 
  0x0000024fae046984: fdff ff48 | 8bef 448b | ebe9 2afd | ffff 458b | 4118 4585 | c00f 850c | 0200 0089 | 5c24 6049 
  0x0000024fae0469a4: 8be9 4c89 | 5c24 6844 | 8954 2454 | 4c8b 5424 | 484c 8954 | 2458 4489 | 7424 5048 | 8974 2448 
  0x0000024fae0469c4: 448b 5c24 | 2c44 895c | 2428 4489 | 6c24 244c | 8b54 2438 | 4c89 5424 | 404c 8b54 | 2430 4c89 
  0x0000024fae0469e4: 5424 384c | 8b54 2478 | 4c89 5424 | 3048 8b54 | 2438 4c8b | 4424 7866 | 9048 b810 | 93e9 884f 
  0x0000024fae046a04: ;   {virtual_call}
  0x0000024fae046a04: 0200 00e8 

  0x0000024fae046a08: ; ImmutableOopMap {rbp=Oop [32]=NarrowOop [36]=NarrowOop [48]=Oop [56]=Oop [64]=Oop [84]=NarrowOop [88]=Oop [104]=Oop [120]=Oop }
                      ;*invokeinterface apply {reexecute=0 rethrow=0 return_oop=1}
                      ; - java.util.concurrent.ConcurrentHashMap::computeIfAbsent@356 (line 1740)
  0x0000024fae046a08: 847e 78ff 

  0x0000024fae046a0c: ;   {other}
  0x0000024fae046a0c: 0f1f 8400 | fc08 0003 | 488b f848 | 85c0 0f84 | 3f01 0000 | 4c8b c541 | 8b68 1885 | ed0f 85d3 
  0x0000024fae046a2c: 0c00 0049 | 8b97 b801 | 0000 4c8b | d249 83c2 | 204d 3b97 | c801 0000 | 0f83 a309 | 0000 4d89 
  0x0000024fae046a4c: 97b8 0100 | 0041 0f0d | 8ac0 0000 | 0048 c702 | 0100 0000 

  0x0000024fae046a60: ;   {metadata('java/util/concurrent/ConcurrentHashMap$Node')}
  0x0000024fae046a60: c742 0850 | b517 0044 | 8962 0c44 | 8962 144c | 8962 1844 | 8b54 2420 | 4489 5210 | 448b 5424 
  0x0000024fae046a80: 2844 8954 | 242c 4489 | 520c 4180 | 7f40 000f | 85d7 0600 | 004c 8bd2 | 4c8b cf44 | 894a 1448 
  0x0000024fae046aa0: 8bda 4c8b | df4d 33da | 49c1 eb14 | 4d85 db74 | 1a49 c1ea | 0948 b900 | 0006 b64f | 0200 0049 
  0x0000024fae046ac0: 03ca 8039 | 020f 8522 | 0700 00f0 | 8344 24c0 | 0041 807f | 4000 0f85 | 5d06 0000 | 4189 5818 
  0x0000024fae046ae0: 4c8b d24d | 8bd8 4d33 | d349 c1ea | 144d 85d2 | 741a 49c1 | eb09 48b9 | 0000 06b6 | 4f02 0000 
  0x0000024fae046b00: 4903 cb80 | 3902 0f85 | 9306 0000 | f083 4424 | c000 bd01 | 0000 004c | 8b54 2430 | 4c89 5424 
  0x0000024fae046b20: 784c 8b54 | 2438 4c89 | 5424 304c | 8b54 2440 | 4c89 5424 | 3844 8b6c | 2424 488b | 7424 4844 
  0x0000024fae046b40: 8b54 2450 | 4c8b 5c24 | 584c 895c | 2448 4c8b | 5c24 688b | 5c24 6045 | 8bf2 e974 

  0x0000024fae046b5c: ;   {no_reloc}
  0x0000024fae046b5c: fdff ff33 | ed33 ff4c | 8b54 2438 | 4c89 5424 | 304c 8b54 | 2440 4c89 | 5424 3844 | 8b6c 2424 
  0x0000024fae046b7c: 448b 5424 | 2844 8954 | 242c 488b | 7424 4844 | 8b44 2450 | 4c8b 5424 | 584c 8954 | 2448 4c8b 
  0x0000024fae046b9c: 5c24 688b | 5c24 6045 | 8bf0 e928 | fdff ff49 | 8b87 5004 | 0000 ffc3 

  0x0000024fae046bb4: ; ImmutableOopMap {r10=NarrowOop r11=Oop rbp=Oop r13=NarrowOop [32]=NarrowOop [48]=Oop [56]=Oop [72]=Oop [120]=Oop }
                      ;*goto {reexecute=1 rethrow=0 return_oop=0}
                      ; - (reexecute) java.util.concurrent.ConcurrentHashMap::computeIfAbsent@410 (line 1730)
                      ;   {poll}
  0x0000024fae046bb4: 498b e885 | 004c 8bc5 | e911 fcff | ff41 8b6a | 104c 8bcd | 488b 4c24 | 784c 3bc9 | 0f84 8800 
  0x0000024fae046bd4: 0000 85ed | 0f84 b509 | 0000 4489 | 4424 5444 | 8954 2450 | 4c8b 5424 | 4844 8974 | 2448 4889 
  0x0000024fae046bf4: 7c24 4044 | 8b4c 242c | 4489 4c24 | 2444 896c | 2420 4c8b | c548 8b54 | 2478 4c89 | 5424 584c 
  0x0000024fae046c14: 895c 2460 | 9048 b8ff | ffff ffff 

  0x0000024fae046c20: ;   {virtual_call}
  0x0000024fae046c20: ffff ffe8 

  0x0000024fae046c24: ; ImmutableOopMap {[32]=NarrowOop [48]=Oop [56]=Oop [64]=Oop [80]=NarrowOop [88]=Oop [96]=Oop [120]=Oop }
                      ;*invokevirtual equals {reexecute=0 rethrow=0 return_oop=0}
                      ; - java.util.concurrent.ConcurrentHashMap::computeIfAbsent@241 (line 1721)
  0x0000024fae046c24: 387c 78ff 

  0x0000024fae046c28: ;   {other}
  0x0000024fae046c28: 0f1f 8400 | 180b 0005 | 85c0 0f84 | 8809 0000 | 448b 6c24 | 2044 8b54 | 2424 4489 | 5424 2c48 
  0x0000024fae046c48: 8b7c 2440 | 448b 4c24 | 4844 8b54 | 2450 448b | 4424 5445 | 8bf1 418b | 6a14 85ed | 0f84 e207 
  0x0000024fae046c68: 0000 488b | fde9 56fa | ffff 498b | d049 8be9 | 9048 b8d8 | dc11 bd4f 

  0x0000024fae046c80: ;   {virtual_call}
  0x0000024fae046c80: 0200 00e8 

  0x0000024fae046c84: ; ImmutableOopMap {rbp=Oop [48]=Oop [56]=Oop [120]=Oop }
                      ;*invokevirtual hashCode {reexecute=0 rethrow=0 return_oop=0}
                      ; - java.util.concurrent.ConcurrentHashMap::computeIfAbsent@17 (line 1694)
  0x0000024fae046c84: 98fc fcff 

  0x0000024fae046c88: ;   {other}
  0x0000024fae046c88: 0f1f 8400 | 780b 0006 | e960 f7ff | ff41 b801 | 0000 0048 | 8b54 2438 

  0x0000024fae046ca0: ;   {optimized virtual_call}
  0x0000024fae046ca0: 458b cde8 

  0x0000024fae046ca4: ; ImmutableOopMap {rbp=Oop }
                      ;*invokevirtual addCount {reexecute=0 rethrow=0 return_oop=0}
                      ; - java.util.concurrent.ConcurrentHashMap::computeIfAbsent@570 (line 1776)
  0x0000024fae046ca4: d80e 0f00 

  0x0000024fae046ca8: ;   {other}
  0x0000024fae046ca8: 0f1f 8400 | 980b 0007 | 488b f5e9 | 0dfa ffff | 498b 9fb8 | 0100 004c | 8bd3 4983 | c220 4d3b 
  0x0000024fae046cc8: 97c8 0100 | 000f 836e | 0600 004d | 8997 b801 | 0000 410f | 0d8a c000 | 0000 48c7 | 0301 0000 
  0x0000024fae046ce8: ;   {metadata('java/util/concurrent/ConcurrentHashMap$Node')}
  0x0000024fae046ce8: 00c7 4308 | 50b5 1700 | 4489 630c | 4489 6314 | 4c89 6318 | 448b 5c24 | 2044 895b | 1044 8b54 
  0x0000024fae046d08: 242c 4489 | 530c 4180 | 7f40 000f | 859f 0300 | 004c 8bd3 | 4c8b df44 | 895b 144c | 8bdf 4d33 
  0x0000024fae046d28: da49 c1eb | 144d 85db | 741a 49c1 | ea09 48b9 | 0000 06b6 | 4f02 0000 | 4903 ca80 | 3902 0f85 
  0x0000024fae046d48: 9f03 0000 | f083 4424 | c000 e965 | f8ff ff48 | 897c 2450 | 4889 7424 | 4844 8b54 | 2420 4489 
  0x0000024fae046d68: 5424 4444 | 8b5c 242c | 4489 5c24 | 404c 8b54 | 2438 4c89 | 5424 284c | 8b54 2430 | 4c89 5424 
  0x0000024fae046d88: 2048 8b54 

  0x0000024fae046d8c: ;   {optimized virtual_call}
  0x0000024fae046d8c: 2438 90e8 

  0x0000024fae046d90: ; ImmutableOopMap {[32]=Oop [40]=Oop [68]=NarrowOop [80]=Oop [120]=Oop }
                      ;*invokevirtual initTable {reexecute=0 rethrow=0 return_oop=1}
                      ; - java.util.concurrent.ConcurrentHashMap::computeIfAbsent@51 (line 1700)
  0x0000024fae046d90: ec7c 6bff 

  0x0000024fae046d94: ;   {other}
  0x0000024fae046d94: 0f1f 8400 | 840c 0008 | 4c8b 5424 | 504c 8b44 | 2420 4c89 | 4424 304c | 8b44 2428 | 4c89 4424 
  0x0000024fae046db4: 3844 8b44 | 2440 4489 | 4424 2c44 | 8b4c 2444 | 4489 4c24 | 2048 8b74 | 2448 4889 | 4424 4849 
  0x0000024fae046dd4: 8bfa 498b | 9750 0400 | 0048 8b4c | 2448 4c8b 

  0x0000024fae046de4: ; ImmutableOopMap {rdi=Oop r13=NarrowOop [32]=NarrowOop [48]=Oop [56]=Oop [72]=Oop [120]=Oop }
                      ;*goto {reexecute=1 rethrow=0 return_oop=0}
                      ; - (reexecute) java.util.concurrent.ConcurrentHashMap::computeIfAbsent@558 (line 1774)
                      ;   {poll}
  0x0000024fae046de4: e985 02e9 | 39f6 ffff | 33ed 33db | e9de faff | ff44 8b5d | 1445 85db | 7427 4d8b | 5728 498b 
  0x0000024fae046e04: cb4d 85d2 | 0f84 a205 | 0000 498b | d84d 8b5f | 384b 894c | 13f8 4983 | c2f8 4d89 | 5728 4c8b 
  0x0000024fae046e24: c34c 8944 | 2448 e988 | f6ff ff48 | 8b74 2450 | 448b 1645 | 85d2 0f84 | 8cf7 ffff | 4d8b 5f28 
  0x0000024fae046e44: 498b ca4d | 85db 0f84 | 8005 0000 | 4d8b 5738 | 4b89 4c1a | f849 83c3 | f84d 895f | 28e9 66f7 
  0x0000024fae046e64: ffff 4d8b | 5748 4d8b | 5f58 f083 | 4424 c000 | 8039 000f | 8486 f7ff | ff44 8821 | 4d85 d275 
  0x0000024fae046e84: 1d49 8bd7 | 49ba b0ed | eaf7 fa7f | 0000 41ff 

  0x0000024fae046e94: ;   {other}
  0x0000024fae046e94: d20f 1f84 | 0000 0000 | 00e9 61f7 | ffff 4b89 | 4c13 f849 | 83c2 f84d | 8957 48e9 | 4ff7 ffff 
  0x0000024fae046eb4: 4d8b 5748 | 4d8b 5f58 | f083 4424 | c000 8039 | 000f 84a6 | f6ff ff44 | 8821 4d85 | d275 1d49 
  0x0000024fae046ed4: 8bd7 49ba | b0ed eaf7 | fa7f 0000 

  0x0000024fae046ee0: ;   {other}
  0x0000024fae046ee0: 41ff d20f | 1f84 0000 | 0000 00e9 | 81f6 ffff | 4b89 4c13 | f849 83c2 | f84d 8957 | 48e9 6ff6 
  0x0000024fae046f00: ffff 33c0 | e9ec f4ff | ff4c 8b54 | 2448 4889 | 7c24 5048 | 8974 2448 | 448b 4424 | 2044 8944 
  0x0000024fae046f20: 2444 448b | 4c24 2c44 | 894c 2440 | 4c8b 4424 | 384c 8944 | 2428 4c8b | 4424 304c | 8944 2420 
  0x0000024fae046f40: 488b 5424 | 384d 8bc2 

  0x0000024fae046f48: ;   {optimized virtual_call}
  0x0000024fae046f48: 4d8b cbe8 

  0x0000024fae046f4c: ; ImmutableOopMap {[32]=Oop [40]=Oop [68]=NarrowOop [80]=Oop [120]=Oop }
                      ;*invokevirtual helpTransfer {reexecute=0 rethrow=0 return_oop=1}
                      ; - java.util.concurrent.ConcurrentHashMap::computeIfAbsent@207 (line 1719)
  0x0000024fae046f4c: 460a 0000 

  0x0000024fae046f50: ;   {other}
  0x0000024fae046f50: 0f1f 8400 | 400e 000a | 4c8b 5424 | 504c 8b44 | 2420 4c89 | 4424 304c | 8b44 2428 | 4c89 4424 
  0x0000024fae046f70: 3844 8b44 | 2440 4489 | 4424 2c44 | 8b4c 2444 | 4489 4c24 | 2048 8b74 | 2448 4889 | 4424 4849 
  0x0000024fae046f90: 8bfa e93f | feff ffc6 | 4511 0133 | c0e9 53f4 | ffff 4c8b | 5424 504c | 8954 2468 | 4c89 4424 
  0x0000024fae046fb0: 6044 8974 | 2458 4889 | 7c24 5048 | 8974 2448 | 448b 5424 | 2044 8954 | 2444 448b | 5c24 2c44 
  0x0000024fae046fd0: 895c 2440 | 4c8b 5424 | 384c 8954 | 2428 4c8b | 5424 304c | 8954 2420 

  0x0000024fae046fe8: ;   {metadata('java/util/concurrent/ConcurrentHashMap$ReservationNode')}
  0x0000024fae046fe8: 48ba 28c6 | 17bd 4f02 

  0x0000024fae046ff0: ;   {runtime_call _new_instance_Java}
  0x0000024fae046ff0: 0000 90e8 

  0x0000024fae046ff4: ; ImmutableOopMap {[32]=Oop [40]=Oop [68]=NarrowOop [80]=Oop [96]=Oop [104]=Derived_oop_[96] [120]=Oop }
                      ;*new {reexecute=0 rethrow=0 return_oop=1}
                      ; - java.util.concurrent.ConcurrentHashMap::computeIfAbsent@79 (line 1702)
  0x0000024fae046ff4: 0872 78ff 

  0x0000024fae046ff8: ;   {other}
  0x0000024fae046ff8: 0f1f 8400 | e80e 000b | 4c8b 5424 | 204c 8954 | 2430 4c8b | 5424 284c | 8954 2438 | 448b 5424 
  0x0000024fae047018: 4044 8954 | 242c 448b | 5c24 4444 | 895c 2420 | 488b 7424 | 4848 8b7c | 2450 448b | 4c24 584c 
  0x0000024fae047038: 8b54 2460 | 4c8b 5c24 | 684c 895c | 2450 488b | e84d 8bc2 | 458b f1e9 | 4cf4 ffff | 4533 ede9 
  0x0000024fae047058: b7f5 ffff | 4c8b 5424 | 204c 8954 | 2478 4c8b | 5424 284c | 8954 2430 | 448b 6c24 | 4044 8b5c 
  0x0000024fae047078: 2444 4489 | 5c24 2c44 | 8b5c 2448 | 4489 5c24 | 2048 8b74 | 2450 448b | 4424 4c4c | 8b54 2458 
  0x0000024fae047098: 4c89 5424 | 4844 8b54 | 2460 4c8b | 5c24 684c | 8b4c 2470 | 8b5c 2464 | 458b f0e9 | daf8 ffff 
  0x0000024fae0470b8: 448b 5b14 | 4585 db0f | 8454 fcff | ff4d 8b57 | 2849 8bcb | 4d85 d20f | 847b 0500 | 004d 8b5f 
  0x0000024fae0470d8: 384b 894c | 13f8 4983 | c2f8 4d89 | 5728 e92e | fcff ff4d | 8b57 484d | 8b5f 58f0 

  0x0000024fae0470f4: ;   {no_reloc}
  0x0000024fae0470f4: 8344 24c0 | 0080 3900 | 0f84 4afc | ffff 4488 | 214d 85d2 | 751d 498b | d749 bab0 | edea f7fa 
  0x0000024fae047114: 7f00 0041 

  0x0000024fae047118: ;   {other}
  0x0000024fae047118: ffd2 0f1f | 8400 0000 | 0000 e925 | fcff ff4b | 894c 13f8 | 4983 c2f8 | 4d89 5748 | e913 fcff 
  0x0000024fae047138: ff45 8b50 | 1845 85d2 | 0f84 96f9 | ffff 4d8b | 5f28 498b | ca4d 85db | 0f84 4e05 | 0000 4d8b 
  0x0000024fae047158: 5738 4b89 | 4c1a f849 | 83c3 f84d | 895f 28e9 | 70f9 ffff | 448b 5214 | 4585 d20f | 841c f9ff 
  0x0000024fae047178: ff4d 8b5f | 2849 8bca | 4d85 db0f | 844a 0500 | 004d 8b57 | 384b 894c | 1af8 4983 | c3f8 4d89 
  0x0000024fae047198: 5f28 e9f6 | f8ff ff4d | 8b57 484d | 8b5f 58f0 | 8344 24c0 | 0080 3900 | 0f84 56f9 | ffff 4488 
  0x0000024fae0471b8: 214d 85d2 | 751d 498b | d749 bab0 | edea f7fa | 7f00 0041 

  0x0000024fae0471cc: ;   {other}
  0x0000024fae0471cc: ffd2 0f1f | 8400 0000 | 0000 e931 | f9ff ff4b | 894c 13f8 | 4983 c2f8 | 4d89 5748 | e91f f9ff 
  0x0000024fae0471ec: ff4d 8b57 | 484d 8b5f | 58f0 8344 | 24c0 0080 | 3900 0f84 | c7f8 ffff | 4488 214d | 85d2 752f 
  0x0000024fae04720c: 4c8b f24d | 8be8 488b | ef49 8bd7 | 49ba b0ed | eaf7 fa7f | 0000 41ff 

  0x0000024fae047224: ;   {other}
  0x0000024fae047224: d20f 1f84 | 0000 0000 | 0048 8bfd | 4d8b c549 | 8bd6 e990 | f8ff ff4b | 894c 13f8 | 4983 c2f8 
  0x0000024fae047244: 4d89 5748 | e97e f8ff | ff48 896c | 2470 4c8b | 5424 504c | 8954 2468 | 4c8b 5424 | 484c 8954 
  0x0000024fae047264: 2460 4489 | 7424 5848 | 897c 2450 | 4889 7424 | 4844 8b54 | 2420 4489 | 5424 4444 | 8b5c 242c 
  0x0000024fae047284: 4489 5c24 | 404c 8b54 | 2438 4c89 | 5424 284c | 8b54 2430 | 4c89 5424 | 2048 8b6c | 2478 488b 
  0x0000024fae0472a4: 5424 704c | 8d84 24a0 

  0x0000024fae0472ac: ;   {runtime_call _complete_monitor_locking_Java}
  0x0000024fae0472ac: 0000 00e8 

  0x0000024fae0472b0: ; ImmutableOopMap {rbp=Oop [32]=Oop [40]=Oop [68]=NarrowOop [80]=Oop [96]=Oop [104]=Derived_oop_[96] [112]=Oop }
                      ;*monitorenter {reexecute=0 rethrow=0 return_oop=0}
                      ; - java.util.concurrent.ConcurrentHashMap::computeIfAbsent@93 (line 1703)
  0x0000024fae0472b0: 4c8c 78ff 

  0x0000024fae0472b4: ;   {other}
  0x0000024fae0472b4: 0f1f 8400 | a411 000c | 4889 6c24 | 784c 8b54 | 2420 4c89 | 5424 304c | 8b54 2428 | 4c89 5424 
  0x0000024fae0472d4: 3844 8b54 | 2440 4489 | 5424 2c44 | 8b5c 2444 | 4489 5c24 | 2048 8b74 | 2448 488b | 7c24 5044 
  0x0000024fae0472f4: 8b54 2458 | 4c8b 5c24 | 604c 895c | 2448 4c8b | 5c24 684c | 895c 2450 | 488b 6c24 | 7045 8bf2 
  0x0000024fae047314: e915 f2ff | ff48 8bcd | 488d 9424 | a000 0000 | 4d8b c749 | ba60 ef2b | f8fa 7f00 | 0041 ffd2 
  0x0000024fae047334: ;   {other}
  0x0000024fae047334: 0f1f 8400 | 0000 0000 | e96f f3ff | ff48 8be8 

  0x0000024fae047344: ;   {metadata('java/util/concurrent/ConcurrentHashMap$Node')}
  0x0000024fae047344: 48ba 50b5 | 17bd 4f02 

  0x0000024fae04734c: ;   {runtime_call _new_instance_Java}
  0x0000024fae04734c: 0000 90e8 

  0x0000024fae047350: ; ImmutableOopMap {rbp=Oop [32]=NarrowOop [48]=Oop [56]=Oop [72]=Oop [80]=Derived_oop_[72] [88]=Oop [120]=Oop }
                      ;*new {reexecute=0 rethrow=0 return_oop=1}
                      ; - java.util.concurrent.ConcurrentHashMap::computeIfAbsent@126 (line 1709)
  0x0000024fae047350: ac6e 78ff 

  0x0000024fae047354: ;   {other}
  0x0000024fae047354: 0f1f 8400 | 4412 000d | 488b fd48 | 8bd8 e995 | f9ff ffba | 45ff ffff | 488b ef4c | 8b54 2438 
  0x0000024fae047374: 4c89 5424 | 2044 8b5c | 242c 4489 | 5c24 2844 | 8974 242c 

  0x0000024fae047388: ;   {runtime_call UncommonTrapBlob}
  0x0000024fae047388: 6666 90e8 

  0x0000024fae04738c: ; ImmutableOopMap {rbp=Oop [32]=Oop [48]=Oop [120]=Oop }
                      ;*ifne {reexecute=1 rethrow=0 return_oop=0}
                      ; - (reexecute) java.util.concurrent.ConcurrentHashMap::computeIfAbsent@47 (line 1699)
  0x0000024fae04738c: 70d2 6bff 

  0x0000024fae047390: ;   {other}
  0x0000024fae047390: 0f1f 8400 | 8012 000e | ba45 ffff | ff4c 894c 

  0x0000024fae0473a0: ;   {runtime_call UncommonTrapBlob}
  0x0000024fae0473a0: 2420 90e8 

  0x0000024fae0473a4: ; ImmutableOopMap {[32]=Oop [48]=Oop }
                      ;*ifnonnull {reexecute=1 rethrow=0 return_oop=0}
                      ; - (reexecute) java.util.concurrent.ConcurrentHashMap::computeIfAbsent@5 (line 1692)
  0x0000024fae0473a4: 58d2 6bff 

  0x0000024fae0473a8: ;   {other}
  0x0000024fae0473a8: 0f1f 8400 | 9812 000f | 498b d849 | 8bd7 49ba | d0ed eaf7 | fa7f 0000 

  0x0000024fae0473c0: ;   {other}
  0x0000024fae0473c0: 41ff d20f | 1f84 0000 | 0000 00e9 | 52fa ffff | 498b d749 | bad0 edea | f7fa 7f00 | 0041 ffd2 
  0x0000024fae0473e0: ;   {other}
  0x0000024fae0473e0: 0f1f 8400 | 0000 0000 | e9df f1ff | ff4c 8944 | 2470 488b 

  0x0000024fae0473f4: ;   {metadata('java/util/concurrent/ConcurrentHashMap$Node')}
  0x0000024fae0473f4: e848 ba50 | b517 bd4f 

  0x0000024fae0473fc: ;   {runtime_call _new_instance_Java}
  0x0000024fae0473fc: 0200 00e8 

  0x0000024fae047400: ; ImmutableOopMap {rbp=Oop [32]=NarrowOop [36]=NarrowOop [48]=Oop [56]=Oop [64]=Oop [88]=Oop [104]=Oop [112]=Oop }
                      ;*new {reexecute=0 rethrow=0 return_oop=1}
                      ; - java.util.concurrent.ConcurrentHashMap::computeIfAbsent@390 (line 1744)
  0x0000024fae047400: fc6d 78ff 

  0x0000024fae047404: ;   {other}
  0x0000024fae047404: 0f1f 8400 | f412 0010 | 488b fd4c | 8b44 2470 | 488b d0e9 | 57f6 ffff | 4533 d245 | 85c0 410f 
  0x0000024fae047424: 94c2 ba45 | ffff ff4c | 8b5c 2438 | 4c89 5c24 | 204c 894c | 2428 4489 

  0x0000024fae04743c: ;   {runtime_call UncommonTrapBlob}
  0x0000024fae04743c: 5424 38e8 

  0x0000024fae047440: ; ImmutableOopMap {rbp=Oop [32]=Oop [40]=Oop }
                      ;*ifeq {reexecute=1 rethrow=0 return_oop=0}
                      ; - (reexecute) java.lang.String::hashCode@20 (line 2369)
                      ; - java.util.concurrent.ConcurrentHashMap::computeIfAbsent@17 (line 1694)
  0x0000024fae047440: bcd1 6bff 

  0x0000024fae047444: ;   {other}
  0x0000024fae047444: 0f1f 8400 | 3413 0011 | ba45 ffff | ff48 897c | 2420 4489 | 6c24 2844 | 8954 2448 | 4489 7424 
  0x0000024fae047464: 4c44 8944 

  0x0000024fae047468: ;   {runtime_call UncommonTrapBlob}
  0x0000024fae047468: 2450 90e8 

  0x0000024fae04746c: ; ImmutableOopMap {rbp=NarrowOop [32]=Oop [40]=NarrowOop [48]=Oop [56]=Oop [72]=NarrowOop [120]=Oop }
                      ;*ifnull {reexecute=1 rethrow=0 return_oop=0}
                      ; - (reexecute) java.util.concurrent.ConcurrentHashMap::computeIfAbsent@255 (line 1721)
  0x0000024fae04746c: 90d1 6bff 

  0x0000024fae047470: ;   {other}
  0x0000024fae047470: 0f1f 8400 | 6013 0012 | 4c89 9c24 | 8000 0000 | 4489 4424 | 7444 8954 | 2470 4c8b | 5424 504c 
  0x0000024fae047490: 8954 2468 | 4c8b 5424 | 484c 8954 | 2460 4489 | 7424 4c48 | 897c 2458 | 4889 7424 | 5044 8b5c 
  0x0000024fae0474b0: 2420 4489 | 5c24 4844 | 8b54 242c | 4489 5424 | 4444 896c | 2440 4c8b | 5424 384c | 8954 2428 
  0x0000024fae0474d0: 4c8b 5424 | 304c 8954 | 2420 488b | 6c24 7848 | 8b94 2480 | 0000 004c | 8d84 24a0 

  0x0000024fae0474ec: ;   {runtime_call _complete_monitor_locking_Java}
  0x0000024fae0474ec: 0000 00e8 

  0x0000024fae0474f0: ; ImmutableOopMap {rbp=Oop [32]=Oop [40]=Oop [64]=NarrowOop [72]=NarrowOop [88]=Oop [96]=Oop [104]=Derived_oop_[96] [112]=NarrowOop [128]=Oop }
                      ;*monitorenter {reexecute=0 rethrow=0 return_oop=0}
                      ; - java.util.concurrent.ConcurrentHashMap::computeIfAbsent@269 (line 1726)
  0x0000024fae0474f0: 0c8a 78ff 

  0x0000024fae0474f4: ;   {other}
  0x0000024fae0474f4: 0f1f 8400 | e413 0013 | 4889 6c24 | 784c 8b54 | 2420 4c89 | 5424 304c | 8b54 2428 | 4c89 5424 
  0x0000024fae047514: 3844 8b6c | 2440 448b | 5c24 4444 | 895c 242c | 448b 5424 | 4844 8954 | 2420 488b | 7424 5048 
  0x0000024fae047534: 8b7c 2458 | 448b 4c24 | 4c4c 8b54 | 2460 4c89 | 5424 484c | 8b54 2468 | 4c89 5424 | 5044 8b54 
  0x0000024fae047554: 2470 448b | 4424 744c | 8b9c 2480 | 0000 0045 | 8bf1 e945 | f2ff ff49 | 8bcb 488d | 9424 a000 
  0x0000024fae047574: 0000 4d8b | c749 ba60 | ef2b f8fa | 7f00 0041 

  0x0000024fae047584: ;   {other}
  0x0000024fae047584: ffd2 0f1f | 8400 0000 | 0000 e9db | f3ff ffba | 45ff ffff | 4889 7c24 | 2044 896c | 2428 4489 
  0x0000024fae0475a4: 5424 4844 | 8974 244c | 4489 4424 

  0x0000024fae0475b0: ;   {runtime_call UncommonTrapBlob}
  0x0000024fae0475b0: 5066 90e8 

  0x0000024fae0475b4: ; ImmutableOopMap {rbp=NarrowOop [32]=Oop [40]=NarrowOop [48]=Oop [56]=Oop [72]=NarrowOop [120]=Oop }
                      ;*ifnull {reexecute=1 rethrow=0 return_oop=0}
                      ; - (reexecute) java.util.concurrent.ConcurrentHashMap::computeIfAbsent@235 (line 1720)
  0x0000024fae0475b4: 48d0 6bff 

  0x0000024fae0475b8: ;   {other}
  0x0000024fae0475b8: 0f1f 8400 | a814 0014 | ba45 ffff | ff48 8b6c | 2440 448b | 5424 4844 | 8954 2444 | 8944 244c 
  0x0000024fae0475d8: ;   {runtime_call UncommonTrapBlob}
  0x0000024fae0475d8: 6666 90e8 

  0x0000024fae0475dc: ; ImmutableOopMap {rbp=Oop [32]=NarrowOop [48]=Oop [56]=Oop [80]=NarrowOop [120]=Oop }
                      ;*ifeq {reexecute=1 rethrow=0 return_oop=0}
                      ; - (reexecute) java.util.concurrent.ConcurrentHashMap::computeIfAbsent@244 (line 1721)
  0x0000024fae0475dc: 20d0 6bff 

  0x0000024fae0475e0: ;   {other}
  0x0000024fae0475e0: 0f1f 8400 | d014 0015 | ba45 ffff | ff48 8bef | 4489 6c24 | 2044 8b4c | 242c 4489 | 4c24 2444 
  0x0000024fae047600: 8974 242c | 4489 5424 | 4844 8944 | 244c 4489 

  0x0000024fae047610: ;   {runtime_call UncommonTrapBlob}
  0x0000024fae047610: 5424 50e8 

  0x0000024fae047614: ; ImmutableOopMap {rbp=Oop [32]=NarrowOop [48]=Oop [56]=Oop [72]=NarrowOop [80]=NarrowOop [120]=Oop }
                      ;*iflt {reexecute=1 rethrow=0 return_oop=0}
                      ; - (reexecute) java.util.concurrent.ConcurrentHashMap::computeIfAbsent@284 (line 1728)
  0x0000024fae047614: e8cf 6bff 

  0x0000024fae047618: ;   {other}
  0x0000024fae047618: 0f1f 8400 | 0815 0016 | ba45 ffff | ff48 897c | 2420 4489 | 6c24 284c | 8b54 2438 | 4c89 5424 
  0x0000024fae047638: 3044 8974 | 2438 895c 

  0x0000024fae047640: ;   {runtime_call UncommonTrapBlob}
  0x0000024fae047640: 243c 90e8 

  0x0000024fae047644: ; ImmutableOopMap {[32]=Oop [40]=NarrowOop [48]=Oop }
                      ;*if_icmplt {reexecute=1 rethrow=0 return_oop=0}
                      ; - (reexecute) java.util.concurrent.ConcurrentHashMap::computeIfAbsent@539 (line 1767)
  0x0000024fae047644: b8cf 6bff 

  0x0000024fae047648: ;   {other}
  0x0000024fae047648: 0f1f 8400 | 3815 0017 | 498b d749 | bad0 edea | f7fa 7f00 | 0041 ffd2 

  0x0000024fae047660: ;   {other}
  0x0000024fae047660: 0f1f 8400 | 0000 0000 | e9ac f6ff | ffba 45ff | ffff 4489 | 6c24 2044 | 8b44 242c | 4489 4424 
  0x0000024fae047680: 2489 5c24 | 2844 8974 | 242c 4c89 | 4c24 5044 | 8954 244c 

  0x0000024fae047694: ;   {runtime_call UncommonTrapBlob}
  0x0000024fae047694: 6666 90e8 

  0x0000024fae047698: ; ImmutableOopMap {rbp=NarrowOop [32]=NarrowOop [48]=Oop [56]=Oop [76]=NarrowOop [80]=Oop [120]=Oop }
                      ;*ifnull {reexecute=1 rethrow=0 return_oop=0}
                      ; - (reexecute) java.util.concurrent.ConcurrentHashMap::computeIfAbsent@317 (line 1732)
  0x0000024fae047698: 64cf 6bff 

  0x0000024fae04769c: ;   {other}
  0x0000024fae04769c: 0f1f 8400 | 8c15 0018 | 4c8b f24d | 8be8 488b | ef49 8bd7 | 49ba d0ed | eaf7 fa7f | 0000 41ff 
  0x0000024fae0476bc: ;   {other}
  0x0000024fae0476bc: d20f 1f84 | 0000 0000 | 0048 8bfd | 4d8b c549 | 8bd6 e909 | f4ff ff4c | 8bea 498b | e848 8bf7 
  0x0000024fae0476dc: 498b d749 | bad0 edea | f7fa 7f00 | 0041 ffd2 

  0x0000024fae0476ec: ;   {other}
  0x0000024fae0476ec: 0f1f 8400 | 0000 0000 | 488b fe4c | 8bc5 498b | d5e9 93f3 | ffff ba45 | ffff ff44 | 8b5c 2454 
  0x0000024fae04770c: 458b d344 | 8954 2424 

  0x0000024fae047714: ;   {runtime_call UncommonTrapBlob}
  0x0000024fae047714: 6666 90e8 

  0x0000024fae047718: ; ImmutableOopMap {rbp=NarrowOop [36]=NarrowOop [84]=NarrowOop }
                      ;*ifnull {reexecute=1 rethrow=0 return_oop=0}
                      ; - (reexecute) java.util.concurrent.ConcurrentHashMap::computeIfAbsent@372 (line 1741)
  0x0000024fae047718: e4ce 6bff 

  0x0000024fae04771c: ;   {other}
  0x0000024fae04771c: 0f1f 8400 | 0c16 0019 | ba45 ffff | ff4c 8944 

  0x0000024fae04772c: ;   {runtime_call UncommonTrapBlob}
  0x0000024fae04772c: 2420 90e8 

  0x0000024fae047730: ; ImmutableOopMap {[32]=Oop [120]=Oop }
                      ;*ifnull {reexecute=1 rethrow=0 return_oop=0}
                      ; - (reexecute) java.util.concurrent.ConcurrentHashMap::computeIfAbsent@1 (line 1692)
  0x0000024fae047730: ccce 6bff 

  0x0000024fae047734: ;   {other}
  0x0000024fae047734: 0f1f 8400 | 2416 001a | 488b d8eb | 3848 8be8 | e9ed 0000 | 0048 8be8 | e90b 0100 | 0048 8bd0 
  0x0000024fae047754: e9a2 0100 | 0048 8bd0 | e99a 0100 | 0048 8bd0 | e992 0100 | 0048 8bd0 | e98a 0100 | 0048 8bd8 
  0x0000024fae047774: eb03 488b | d84c 8b5c | 2468 488d | 8424 a000 | 0000 4883 | 3800 0f84 | 7900 0000 | 4d8b 1341 
  0x0000024fae047794: f6c2 020f | 8462 0000 | 0049 83ba | 8600 0000 | 0074 0949 | ff8a 8600 | 0000 eb4b | 498b 8296 
  0x0000024fae0477b4: 0000 0049 | 0b82 8e00 | 0000 750a | 49c7 423e | 0000 0000 | eb3d 4983 | ba9e 0000 | 0000 7422 
  0x0000024fae0477d4: 4833 c049 | c742 3e00 | 0000 00f0 | 8304 2400 | 4983 ba9e | 0000 0000 | 750d f04d | 0fb1 7a3e 
  0x0000024fae0477f4: 7505 83c8 | 01eb 0ca8 | 00eb 084c | 8b10 f04d | 0fb1 1375 | 0a49 ff8f | 4805 0000 | 4533 d20f 
  0x0000024fae047814: 8514 0100 | 0048 8bd3 | e9da 0000 | 0048 8bd0 | e9d2 0000 | 00eb 0048 | 8bd0 e9c8 

  0x0000024fae047830: ;   {no_reloc}
  0x0000024fae047830: 0000 0048 | 8be8 488b | 5424 4844 | 8b44 2424 | 4c8b 4c24 | 404c 8b54 | 2458 4c89 

  0x0000024fae04784c: ;   {static_call}
  0x0000024fae04784c: 5424 28e8 

  0x0000024fae047850: ; ImmutableOopMap {rbp=Oop [40]=Oop [88]=Oop }
                      ;*invokestatic setTabAt {reexecute=0 rethrow=0 return_oop=0}
                      ; - java.util.concurrent.ConcurrentHashMap::computeIfAbsent@159 (line 1711)
  0x0000024fae047850: 2c78 6bff 

  0x0000024fae047854: ;   {other}
  0x0000024fae047854: 0f1f 8400 | 4417 001b | 4c8b 5c24 | 2848 8d84 | 24a0 0000 | 0048 8338 | 000f 8479 | 0000 004d 
  0x0000024fae047874: 8b13 41f6 | c202 0f84 | 6200 0000 | 4983 ba86 | 0000 0000 | 7409 49ff | 8a86 0000 | 00eb 4b49 
  0x0000024fae047894: 8b82 9600 | 0000 490b | 828e 0000 | 0075 0a49 | c742 3e00 | 0000 00eb | 3d49 83ba | 9e00 0000 
  0x0000024fae0478b4: 0074 2248 | 33c0 49c7 | 423e 0000 | 0000 f083 | 0424 0049 | 83ba 9e00 | 0000 0075 | 0df0 4d0f 
  0x0000024fae0478d4: b17a 3e75 | 0583 c801 | eb0c a800 | eb08 4c8b | 10f0 4d0f | b113 750a | 49ff 8f48 | 0500 0045 
  0x0000024fae0478f4: 33d2 7510 | 488b d548 | 81c4 b000 

  0x0000024fae047900: ;   {runtime_call _rethrow_Java}
  0x0000024fae047900: 0000 5de9 | f88f 78ff | 498b cb48 | 8d94 24a0 | 0000 004d | 8bc7 49ba | 60ef 2bf8 | fa7f 0000 
  0x0000024fae047920: ;   {other}
  0x0000024fae047920: 41ff d20f | 1f84 0000 | 0000 00eb | cb48 8b4c | 2468 488d | 9424 a000 | 0000 4d8b | c749 ba60 
  0x0000024fae047940: ef2b f8fa | 7f00 0041 

  0x0000024fae047948: ;   {other}
  0x0000024fae047948: ffd2 0f1f | 8400 0000 | 0000 e9c2 

  0x0000024fae047954: ;   {internal_word}
  0x0000024fae047954: feff ff49 | bad3 6604 | ae4f 0200 | 004d 8997 | 6004 0000 

  0x0000024fae047968: ;   {runtime_call SafepointBlob}
  0x0000024fae047968: e993 dd6b 

  0x0000024fae04796c: ;   {runtime_call StubRoutines (final stubs)}
  0x0000024fae04796c: ffe8 eed3 | 69ff e947 | eaff fff4 
[Stub Code]
  0x0000024fae047978: ;   {no_reloc}
  0x0000024fae047978: 48bb 0000 | 0000 0000 

  0x0000024fae047980: ;   {runtime_call}
  0x0000024fae047980: 0000 e9fb 

  0x0000024fae047984: ;   {static_stub}
  0x0000024fae047984: ffff ff48 | bb00 0000 | 0000 0000 

  0x0000024fae047990: ;   {runtime_call}
  0x0000024fae047990: 00e9 fbff 

  0x0000024fae047994: ;   {static_stub}
  0x0000024fae047994: ffff 48bb | 20b7 40bd | 4f02 0000 

  0x0000024fae0479a0: ;   {runtime_call I2C/C2I adapters}
  0x0000024fae0479a0: e9c6 336b 

  0x0000024fae0479a4: ;   {static_stub}
  0x0000024fae0479a4: ff48 bb00 | 0000 0000 

  0x0000024fae0479ac: ;   {runtime_call}
  0x0000024fae0479ac: 0000 00e9 | fbff ffff 

  0x0000024fae0479b4: ;   {static_stub}
  0x0000024fae0479b4: 48bb 0000 | 0000 0000 

  0x0000024fae0479bc: ;   {runtime_call}
  0x0000024fae0479bc: 0000 e9fb 

  0x0000024fae0479c0: ;   {runtime_call ExceptionBlob}
  0x0000024fae0479c0: ffff ffe9 | 386b 78ff 
[Deopt Handler Code]
  0x0000024fae0479c8: e800 0000 | 0048 832c 

  0x0000024fae0479d0: ;   {runtime_call DeoptimizationBlob}
  0x0000024fae0479d0: 2405 e9c9 | cf6b fff4 
[/MachCode]


---------------  P R O C E S S  ---------------

Threads class SMR info:
_java_thread_list=0x0000024f8b144190, length=210, elements={
0x0000024f9bae68e0, 0x0000024fbc0096b0, 0x0000024fbc00c110, 0x0000024fbc010250,
0x0000024fbc0129f0, 0x0000024fbc014990, 0x0000024fbc015120, 0x0000024fbc017b50,
0x0000024fbc021120, 0x0000024fbc161810, 0x0000024fbc28b7e0, 0x0000024ffec06eb0,
0x0000024fff60a580, 0x0000024fffbf4360, 0x0000024ffebfc100, 0x0000024fffe9f0f0,
0x0000024fff3b5610, 0x0000024fffc90990, 0x0000024fff3b47c0, 0x0000024f842491f0,
0x0000024f84247e40, 0x0000024f842477b0, 0x0000024f842484d0, 0x0000024f84247120,
0x0000024f84248b60, 0x0000024f84246a90, 0x0000024f84512180, 0x0000024f84512810,
0x0000024f84513bc0, 0x0000024f84511af0, 0x0000024f84512ea0, 0x0000024f84513530,
0x0000024f84510740, 0x0000024f84514250, 0x0000024f845148e0, 0x0000024f84511460,
0x0000024f84515600, 0x0000024f84515c90, 0x0000024f84517d60, 0x0000024f84514f70,
0x0000024f84516320, 0x0000024f845176d0, 0x0000024f845169b0, 0x0000024f84517040,
0x0000024f88a42ae0, 0x0000024f88a42450, 0x0000024f88a41730, 0x0000024f88a41dc0,
0x0000024f88a43170, 0x0000024f88a43800, 0x0000024f88a43e90, 0x0000024f88a40a10,
0x0000024f88a44520, 0x0000024f88a410a0, 0x0000024f88a479a0, 0x0000024f88a458d0,
0x0000024f88a48030, 0x0000024f88a465f0, 0x0000024f88a44bb0, 0x0000024f88a47310,
0x0000024f88a45f60, 0x0000024f88a46c80, 0x0000024f88a45240, 0x0000024f87531690,
0x0000024f87530970, 0x0000024f87531000, 0x0000024f8752fc50, 0x0000024f8752e210,
0x0000024f87531d20, 0x0000024f8752f5c0, 0x0000024f875323b0, 0x0000024f8752ef30,
0x0000024f875302e0, 0x0000024f87534b10, 0x0000024f875351a0, 0x0000024f87532a40,
0x0000024f875330d0, 0x0000024f87533df0, 0x0000024f87534480, 0x0000024f87533760,
0x0000024f87535830, 0x0000024f8754e4a0, 0x0000024f8754d0f0, 0x0000024f8754ca60,
0x0000024f8754d780, 0x0000024f8754eb30, 0x0000024f8754bd40, 0x0000024f8754de10,
0x0000024f8754c3d0, 0x0000024f8754b6b0, 0x0000024f87550c00, 0x0000024f8754fee0,
0x0000024f87551fb0, 0x0000024f87551290, 0x0000024f87551920, 0x0000024f87552640,
0x0000024f8754f1c0, 0x0000024f87552cd0, 0x0000024f8754f850, 0x0000024f87550570,
0x0000024f878f30d0, 0x0000024f878f1d20, 0x0000024f878f3760, 0x0000024f878f2a40,
0x0000024f878f4480, 0x0000024f878f1000, 0x0000024f878f4b10, 0x0000024f878f1690,
0x0000024f878f7f90, 0x0000024f878f7900, 0x0000024f878f5830, 0x0000024f878f51a0,
0x0000024f878f5ec0, 0x0000024f878f6550, 0x0000024f878f6be0, 0x0000024f878f7270,
0x0000024f8aac5c10, 0x0000024f8aac41d0, 0x0000024f8aac3b40, 0x0000024f8aac4860,
0x0000024f8aac62a0, 0x0000024f8aac4ef0, 0x0000024f8aac5580, 0x0000024f8aac2e20,
0x0000024f8aac6930, 0x0000024f8aac34b0, 0x0000024f8aac6fc0, 0x0000024f8aac7650,
0x0000024f8aac7ce0, 0x0000024f8aac9db0, 0x0000024f8aaca440, 0x0000024f8aac8370,
0x0000024f8aac8a00, 0x0000024f8aac9090, 0x0000024f8aac9720, 0x0000024f8a5a36c0,
0x0000024f8a5a15f0, 0x0000024f8a5a1c80, 0x0000024f8a5a3030, 0x0000024f8a5a29a0,
0x0000024f8a5a5100, 0x0000024f8a5a3d50, 0x0000024f8a5a4a70, 0x0000024f8a5a43e0,
0x0000024f8a5a5790, 0x0000024f8a5a2310, 0x0000024f8a5a6b40, 0x0000024f8a5a5e20,
0x0000024f8a5a64b0, 0x0000024f8a5a7ef0, 0x0000024f8a5a7860, 0x0000024f8a5a8580,
0x0000024f8a5a71d0, 0x0000024f8a5a8c10, 0x0000024f8ab6ea30, 0x0000024f8ab71190,
0x0000024f8ab70470, 0x0000024f8ab70b00, 0x0000024f8ab71eb0, 0x0000024f8ab6fde0,
0x0000024f8ab71820, 0x0000024f8ab6f0c0, 0x0000024f8ab72540, 0x0000024f8ab72bd0,
0x0000024f8ab6f750, 0x0000024f8ab74ca0, 0x0000024f8ab738f0, 0x0000024f8ab73f80,
0x0000024f8ab74610, 0x0000024f8ab76050, 0x0000024f8ab73260, 0x0000024f8ab759c0,
0x0000024f8ab75330, 0x0000024f88247560, 0x0000024f882461b0, 0x0000024f88246840,
0x0000024f88245b20, 0x0000024f88246ed0, 0x0000024f88247bf0, 0x0000024f88244770,
0x0000024f88248280, 0x0000024f876e6280, 0x0000024f8adf49a0, 0x0000024f8adf5740,
0x0000024f8adf5e10, 0x0000024f8ac33870, 0x0000024f8824f8a0, 0x0000024f88250c50,
0x0000024f882512e0, 0x0000024f8824eb80, 0x0000024f8824de60, 0x0000024f8824ff30,
0x0000024f8824f210, 0x0000024f8824e4f0, 0x0000024f882505c0, 0x0000024f88251970,
0x0000024f88252000, 0x0000024f88252690, 0x0000024f88252d20, 0x0000024f882533b0,
0x0000024f88253a40, 0x0000024f8ae70af0, 0x0000024f8ae73f70, 0x0000024f8ae71180,
0x0000024f8ae74600, 0x0000024f8ae72bc0, 0x0000024f8ae74c90, 0x0000024f8ae75320,
0x0000024f8ae73250, 0x0000024f8ae72530
}

Java Threads: ( => current thread )
  0x0000024f9bae68e0 JavaThread "main"                              [_thread_blocked, id=246864, stack(0x000000b06d900000,0x000000b06da00000) (1024K)]
  0x0000024fbc0096b0 JavaThread "Reference Handler"          daemon [_thread_blocked, id=250792, stack(0x000000b06e100000,0x000000b06e200000) (1024K)]
  0x0000024fbc00c110 JavaThread "Finalizer"                  daemon [_thread_blocked, id=283432, stack(0x000000b06e200000,0x000000b06e300000) (1024K)]
  0x0000024fbc010250 JavaThread "Signal Dispatcher"          daemon [_thread_blocked, id=256800, stack(0x000000b06e300000,0x000000b06e400000) (1024K)]
  0x0000024fbc0129f0 JavaThread "Attach Listener"            daemon [_thread_blocked, id=256932, stack(0x000000b06e400000,0x000000b06e500000) (1024K)]
  0x0000024fbc014990 JavaThread "Service Thread"             daemon [_thread_blocked, id=254060, stack(0x000000b06e500000,0x000000b06e600000) (1024K)]
  0x0000024fbc015120 JavaThread "Monitor Deflation Thread"   daemon [_thread_blocked, id=261784, stack(0x000000b06e600000,0x000000b06e700000) (1024K)]
  0x0000024fbc017b50 JavaThread "C2 CompilerThread0"         daemon [_thread_blocked, id=286304, stack(0x000000b06e700000,0x000000b06e800000) (1024K)]
  0x0000024fbc021120 JavaThread "C1 CompilerThread0"         daemon [_thread_blocked, id=271888, stack(0x000000b06e800000,0x000000b06e900000) (1024K)]
  0x0000024fbc161810 JavaThread "Common-Cleaner"             daemon [_thread_blocked, id=286852, stack(0x000000b06e900000,0x000000b06ea00000) (1024K)]
  0x0000024fbc28b7e0 JavaThread "Notification Thread"        daemon [_thread_blocked, id=267412, stack(0x000000b06ec00000,0x000000b06ed00000) (1024K)]
  0x0000024ffec06eb0 JavaThread "Daemon health stats"               [_thread_blocked, id=254140, stack(0x000000b06fd00000,0x000000b06fe00000) (1024K)]
  0x0000024fff60a580 JavaThread "Incoming local TCP Connector on port 56750"        [_thread_in_native, id=265192, stack(0x000000b06fe00000,0x000000b06ff00000) (1024K)]
  0x0000024fffbf4360 JavaThread "Daemon periodic checks"            [_thread_blocked, id=281376, stack(0x000000b06ff00000,0x000000b070000000) (1024K)]
  0x0000024ffebfc100 JavaThread "Daemon"                            [_thread_blocked, id=287512, stack(0x000000b070000000,0x000000b070100000) (1024K)]
  0x0000024fffe9f0f0 JavaThread "Handler for socket connection from /127.0.0.1:56750 to /127.0.0.1:56751"        [_thread_in_native, id=293588, stack(0x000000b070100000,0x000000b070200000) (1024K)]
  0x0000024fff3b5610 JavaThread "Cancel handler"                    [_thread_blocked, id=284920, stack(0x000000b070200000,0x000000b070300000) (1024K)]
  0x0000024fffc90990 JavaThread "Daemon worker"                     [_thread_blocked, id=290376, stack(0x000000b070300000,0x000000b070400000) (1024K)]
  0x0000024fff3b47c0 JavaThread "Asynchronous log dispatcher for DefaultDaemonConnection: socket connection from /127.0.0.1:56750 to /127.0.0.1:56751"        [_thread_blocked, id=290400, stack(0x000000b070400000,0x000000b070500000) (1024K)]
  0x0000024f842491f0 JavaThread "Stdin handler"                     [_thread_blocked, id=248132, stack(0x000000b070500000,0x000000b070600000) (1024K)]
  0x0000024f84247e40 JavaThread "Daemon client event forwarder"        [_thread_blocked, id=270808, stack(0x000000b070600000,0x000000b070700000) (1024K)]
  0x0000024f842477b0 JavaThread "Cache worker for journal cache (C:\Users\byd\.gradle\caches\journal-1)"        [_thread_blocked, id=254996, stack(0x000000b070700000,0x000000b070800000) (1024K)]
  0x0000024f842484d0 JavaThread "File lock request listener"        [_thread_in_native, id=263544, stack(0x000000b070800000,0x000000b070900000) (1024K)]
  0x0000024f84247120 JavaThread "Cache worker for file hash cache (C:\Users\byd\.gradle\caches\9.4.0\fileHashes)"        [_thread_blocked, id=284388, stack(0x000000b070900000,0x000000b070a00000) (1024K)]
  0x0000024f84248b60 JavaThread "Cache worker for file hash cache (C:\Users\byd\Desktop\MC recourse\code\Litematica-Container-Filler - 1.21.1\.gradle\9.4.0\fileHashes)"        [_thread_blocked, id=265264, stack(0x000000b06ef00000,0x000000b06f000000) (1024K)]
  0x0000024f84246a90 JavaThread "Cache worker for Build Output Cleanup Cache (C:\Users\byd\Desktop\MC recourse\code\Litematica-Container-Filler - 1.21.1\.gradle\buildOutputCleanup)"        [_thread_blocked, id=261036, stack(0x000000b071400000,0x000000b071500000) (1024K)]
  0x0000024f84512180 JavaThread "File watcher server"        daemon [_thread_in_native, id=262968, stack(0x000000b071500000,0x000000b071600000) (1024K)]
  0x0000024f84512810 JavaThread "File watcher consumer"      daemon [_thread_blocked, id=254968, stack(0x000000b071600000,0x000000b071700000) (1024K)]
  0x0000024f84513bc0 JavaThread "Cache worker for file content cache (C:\Users\byd\.gradle\caches\9.4.0\fileContent)"        [_thread_blocked, id=294356, stack(0x000000b071700000,0x000000b071800000) (1024K)]
  0x0000024f84511af0 JavaThread "Cache worker for checksums cache (C:\Users\byd\Desktop\MC recourse\code\Litematica-Container-Filler - 1.21.1\.gradle\9.4.0\checksums)"        [_thread_blocked, id=274308, stack(0x000000b071800000,0x000000b071900000) (1024K)]
  0x0000024f84512ea0 JavaThread "Cache worker for cache directory md-supplier (C:\Users\byd\.gradle\caches\9.4.0\md-supplier)"        [_thread_blocked, id=295264, stack(0x000000b071900000,0x000000b071a00000) (1024K)]
  0x0000024f84513530 JavaThread "Cache worker for cache directory md-rule (C:\Users\byd\.gradle\caches\9.4.0\md-rule)"        [_thread_blocked, id=289568, stack(0x000000b071a00000,0x000000b071b00000) (1024K)]
  0x0000024f84510740 JavaThread "jar transforms"                    [_thread_blocked, id=284708, stack(0x000000b071b00000,0x000000b071c00000) (1024K)]
  0x0000024f84514250 JavaThread "jar transforms Thread 2"           [_thread_blocked, id=284008, stack(0x000000b071c00000,0x000000b071d00000) (1024K)]
  0x0000024f845148e0 JavaThread "jar transforms Thread 3"           [_thread_blocked, id=279240, stack(0x000000b071e00000,0x000000b071f00000) (1024K)]
  0x0000024f84511460 JavaThread "Build operations"                  [_thread_blocked, id=286448, stack(0x000000b071f00000,0x000000b072000000) (1024K)]
  0x0000024f84515600 JavaThread "Build operations Thread 2"         [_thread_blocked, id=276144, stack(0x000000b072000000,0x000000b072100000) (1024K)]
  0x0000024f84515c90 JavaThread "Build operations Thread 3"         [_thread_blocked, id=288432, stack(0x000000b072100000,0x000000b072200000) (1024K)]
  0x0000024f84517d60 JavaThread "Build operations Thread 4"         [_thread_blocked, id=289428, stack(0x000000b072200000,0x000000b072300000) (1024K)]
  0x0000024f84514f70 JavaThread "Build operations Thread 5"         [_thread_blocked, id=270624, stack(0x000000b072300000,0x000000b072400000) (1024K)]
  0x0000024f84516320 JavaThread "Build operations Thread 6"         [_thread_blocked, id=249796, stack(0x000000b072400000,0x000000b072500000) (1024K)]
  0x0000024f845176d0 JavaThread "Build operations Thread 7"         [_thread_blocked, id=249704, stack(0x000000b072500000,0x000000b072600000) (1024K)]
  0x0000024f845169b0 JavaThread "Build operations Thread 8"         [_thread_blocked, id=275224, stack(0x000000b072600000,0x000000b072700000) (1024K)]
  0x0000024f84517040 JavaThread "Build operations Thread 9"         [_thread_blocked, id=253148, stack(0x000000b072700000,0x000000b072800000) (1024K)]
  0x0000024f88a42ae0 JavaThread "Build operations Thread 10"        [_thread_blocked, id=272260, stack(0x000000b072800000,0x000000b072900000) (1024K)]
  0x0000024f88a42450 JavaThread "Build operations Thread 11"        [_thread_blocked, id=265128, stack(0x000000b072900000,0x000000b072a00000) (1024K)]
  0x0000024f88a41730 JavaThread "Build operations Thread 12"        [_thread_blocked, id=260244, stack(0x000000b072a00000,0x000000b072b00000) (1024K)]
  0x0000024f88a41dc0 JavaThread "Build operations Thread 13"        [_thread_blocked, id=248380, stack(0x000000b072b00000,0x000000b072c00000) (1024K)]
  0x0000024f88a43170 JavaThread "Build operations Thread 14"        [_thread_blocked, id=250040, stack(0x000000b072c00000,0x000000b072d00000) (1024K)]
  0x0000024f88a43800 JavaThread "Build operations Thread 15"        [_thread_blocked, id=289740, stack(0x000000b072d00000,0x000000b072e00000) (1024K)]
  0x0000024f88a43e90 JavaThread "Build operations Thread 16"        [_thread_blocked, id=265640, stack(0x000000b072e00000,0x000000b072f00000) (1024K)]
  0x0000024f88a40a10 JavaThread "Build operations Thread 17"        [_thread_blocked, id=267380, stack(0x000000b072f00000,0x000000b073000000) (1024K)]
  0x0000024f88a44520 JavaThread "Build operations Thread 18"        [_thread_blocked, id=291576, stack(0x000000b073000000,0x000000b073100000) (1024K)]
  0x0000024f88a410a0 JavaThread "Build operations Thread 19"        [_thread_blocked, id=270016, stack(0x000000b073100000,0x000000b073200000) (1024K)]
  0x0000024f88a479a0 JavaThread "Build operations Thread 20"        [_thread_blocked, id=294536, stack(0x000000b073200000,0x000000b073300000) (1024K)]
  0x0000024f88a458d0 JavaThread "jar transforms Thread 4"           [_thread_blocked, id=295872, stack(0x000000b073300000,0x000000b073400000) (1024K)]
  0x0000024f88a48030 JavaThread "jar transforms Thread 5"           [_thread_blocked, id=260072, stack(0x000000b073400000,0x000000b073500000) (1024K)]
  0x0000024f88a465f0 JavaThread "Build operations Thread 21"        [_thread_blocked, id=254668, stack(0x000000b073500000,0x000000b073600000) (1024K)]
  0x0000024f88a44bb0 JavaThread "Build operations Thread 22"        [_thread_blocked, id=282420, stack(0x000000b073600000,0x000000b073700000) (1024K)]
  0x0000024f88a47310 JavaThread "Build operations Thread 23"        [_thread_blocked, id=291468, stack(0x000000b073700000,0x000000b073800000) (1024K)]
  0x0000024f88a45f60 JavaThread "Build operations Thread 24"        [_thread_blocked, id=279104, stack(0x000000b073800000,0x000000b073900000) (1024K)]
  0x0000024f88a46c80 JavaThread "jar transforms Thread 6"           [_thread_blocked, id=291612, stack(0x000000b073900000,0x000000b073a00000) (1024K)]
  0x0000024f88a45240 JavaThread "jar transforms Thread 7"           [_thread_blocked, id=257272, stack(0x000000b073a00000,0x000000b073b00000) (1024K)]
  0x0000024f87531690 JavaThread "jar transforms Thread 8"           [_thread_blocked, id=282692, stack(0x000000b073b00000,0x000000b073c00000) (1024K)]
  0x0000024f87530970 JavaThread "jar transforms Thread 9"           [_thread_blocked, id=289840, stack(0x000000b073c00000,0x000000b073d00000) (1024K)]
  0x0000024f87531000 JavaThread "jar transforms Thread 10"          [_thread_blocked, id=291456, stack(0x000000b073d00000,0x000000b073e00000) (1024K)]
  0x0000024f8752fc50 JavaThread "jar transforms Thread 11"          [_thread_blocked, id=287808, stack(0x000000b073e00000,0x000000b073f00000) (1024K)]
  0x0000024f8752e210 JavaThread "jar transforms Thread 12"          [_thread_blocked, id=271636, stack(0x000000b073f00000,0x000000b074000000) (1024K)]
  0x0000024f87531d20 JavaThread "jar transforms Thread 13"          [_thread_blocked, id=268520, stack(0x000000b074000000,0x000000b074100000) (1024K)]
  0x0000024f8752f5c0 JavaThread "jar transforms Thread 14"          [_thread_blocked, id=283204, stack(0x000000b074100000,0x000000b074200000) (1024K)]
  0x0000024f875323b0 JavaThread "jar transforms Thread 15"          [_thread_blocked, id=260140, stack(0x000000b074200000,0x000000b074300000) (1024K)]
  0x0000024f8752ef30 JavaThread "Memory manager"                    [_thread_blocked, id=289940, stack(0x000000b074300000,0x000000b074400000) (1024K)]
  0x0000024f875302e0 JavaThread "jar transforms Thread 16"          [_thread_blocked, id=285752, stack(0x000000b074400000,0x000000b074500000) (1024K)]
  0x0000024f87534b10 JavaThread "Problems report writer"            [_thread_blocked, id=290188, stack(0x000000b074500000,0x000000b074600000) (1024K)]
  0x0000024f875351a0 JavaThread "HttpClient-1-SelectorManager" daemon [_thread_in_native, id=260348, stack(0x000000b074600000,0x000000b074700000) (1024K)]
  0x0000024f87532a40 JavaThread "ForkJoinPool-1-worker-1"    daemon [_thread_blocked, id=278052, stack(0x000000b074700000,0x000000b074800000) (1024K)]
  0x0000024f875330d0 JavaThread "ForkJoinPool-1-worker-2"    daemon [_thread_blocked, id=256700, stack(0x000000b074800000,0x000000b074900000) (1024K)]
  0x0000024f87533df0 JavaThread "ForkJoinPool-1-worker-3"    daemon [_thread_blocked, id=272692, stack(0x000000b074900000,0x000000b074a00000) (1024K)]
  0x0000024f87534480 JavaThread "ForkJoinPool-1-worker-4"    daemon [_thread_blocked, id=294492, stack(0x000000b074a00000,0x000000b074b00000) (1024K)]
  0x0000024f87533760 JavaThread "ForkJoinPool-1-worker-5"    daemon [_thread_blocked, id=278688, stack(0x000000b074b00000,0x000000b074c00000) (1024K)]
  0x0000024f87535830 JavaThread "ForkJoinPool-1-worker-6"    daemon [_thread_blocked, id=275300, stack(0x000000b074c00000,0x000000b074d00000) (1024K)]
  0x0000024f8754e4a0 JavaThread "ForkJoinPool-1-worker-7"    daemon [_thread_blocked, id=269452, stack(0x000000b074d00000,0x000000b074e00000) (1024K)]
  0x0000024f8754d0f0 JavaThread "ForkJoinPool-1-worker-8"    daemon [_thread_blocked, id=276400, stack(0x000000b074e00000,0x000000b074f00000) (1024K)]
  0x0000024f8754ca60 JavaThread "ForkJoinPool-1-worker-9"    daemon [_thread_blocked, id=275756, stack(0x000000b074f00000,0x000000b075000000) (1024K)]
  0x0000024f8754d780 JavaThread "ForkJoinPool-1-worker-11"   daemon [_thread_blocked, id=278384, stack(0x000000b075000000,0x000000b075100000) (1024K)]
  0x0000024f8754eb30 JavaThread "ForkJoinPool-1-worker-13"   daemon [_thread_blocked, id=258684, stack(0x000000b075100000,0x000000b075200000) (1024K)]
  0x0000024f8754bd40 JavaThread "ForkJoinPool-1-worker-12"   daemon [_thread_blocked, id=272896, stack(0x000000b075200000,0x000000b075300000) (1024K)]
  0x0000024f8754de10 JavaThread "ForkJoinPool-1-worker-10"   daemon [_thread_blocked, id=279720, stack(0x000000b075300000,0x000000b075400000) (1024K)]
  0x0000024f8754c3d0 JavaThread "ForkJoinPool-1-worker-15"   daemon [_thread_blocked, id=252392, stack(0x000000b075400000,0x000000b075500000) (1024K)]
  0x0000024f8754b6b0 JavaThread "ForkJoinPool-1-worker-14"   daemon [_thread_blocked, id=275980, stack(0x000000b075500000,0x000000b075600000) (1024K)]
  0x0000024f87550c00 JavaThread "ForkJoinPool-1-worker-20"   daemon [_thread_blocked, id=281612, stack(0x000000b075600000,0x000000b075700000) (1024K)]
  0x0000024f8754fee0 JavaThread "ForkJoinPool-1-worker-17"   daemon [_thread_blocked, id=288112, stack(0x000000b075700000,0x000000b075800000) (1024K)]
  0x0000024f87551fb0 JavaThread "ForkJoinPool-1-worker-22"   daemon [_thread_blocked, id=259756, stack(0x000000b075800000,0x000000b075900000) (1024K)]
  0x0000024f87551290 JavaThread "ForkJoinPool-1-worker-19"   daemon [_thread_blocked, id=287672, stack(0x000000b075900000,0x000000b075a00000) (1024K)]
  0x0000024f87551920 JavaThread "ForkJoinPool-1-worker-16"   daemon [_thread_blocked, id=266452, stack(0x000000b075a00000,0x000000b075b00000) (1024K)]
  0x0000024f87552640 JavaThread "ForkJoinPool-1-worker-21"   daemon [_thread_blocked, id=284168, stack(0x000000b075b00000,0x000000b075c00000) (1024K)]
  0x0000024f8754f1c0 JavaThread "ForkJoinPool-1-worker-18"   daemon [_thread_blocked, id=285032, stack(0x000000b075c00000,0x000000b075d00000) (1024K)]
  0x0000024f87552cd0 JavaThread "ForkJoinPool-1-worker-23"   daemon [_thread_blocked, id=283012, stack(0x000000b075d00000,0x000000b075e00000) (1024K)]
  0x0000024f8754f850 JavaThread "ForkJoinPool-1-worker-24"   daemon [_thread_blocked, id=262632, stack(0x000000b075e00000,0x000000b075f00000) (1024K)]
  0x0000024f87550570 JavaThread "ForkJoinPool-1-worker-26"   daemon [_thread_blocked, id=268720, stack(0x000000b075f00000,0x000000b076000000) (1024K)]
  0x0000024f878f30d0 JavaThread "ForkJoinPool-1-worker-25"   daemon [_thread_blocked, id=256444, stack(0x000000b076000000,0x000000b076100000) (1024K)]
  0x0000024f878f1d20 JavaThread "ForkJoinPool-1-worker-27"   daemon [_thread_blocked, id=272160, stack(0x000000b076100000,0x000000b076200000) (1024K)]
  0x0000024f878f3760 JavaThread "included builds"                   [_thread_blocked, id=287688, stack(0x000000b076200000,0x000000b076300000) (1024K)]
  0x0000024f878f2a40 JavaThread "Execution worker"                  [_thread_blocked, id=264316, stack(0x000000b076300000,0x000000b076400000) (1024K)]
  0x0000024f878f4480 JavaThread "Execution worker Thread 2"         [_thread_blocked, id=294712, stack(0x000000b076400000,0x000000b076500000) (1024K)]
  0x0000024f878f1000 JavaThread "Execution worker Thread 3"         [_thread_blocked, id=291800, stack(0x000000b076500000,0x000000b076600000) (1024K)]
  0x0000024f878f4b10 JavaThread "Execution worker Thread 4"         [_thread_blocked, id=271428, stack(0x000000b076600000,0x000000b076700000) (1024K)]
  0x0000024f878f1690 JavaThread "Execution worker Thread 5"         [_thread_blocked, id=240612, stack(0x000000b076700000,0x000000b076800000) (1024K)]
  0x0000024f878f7f90 JavaThread "Execution worker Thread 6"         [_thread_blocked, id=287888, stack(0x000000b076800000,0x000000b076900000) (1024K)]
  0x0000024f878f7900 JavaThread "Execution worker Thread 7"         [_thread_blocked, id=255700, stack(0x000000b076900000,0x000000b076a00000) (1024K)]
  0x0000024f878f5830 JavaThread "Execution worker Thread 8"         [_thread_blocked, id=271392, stack(0x000000b076a00000,0x000000b076b00000) (1024K)]
  0x0000024f878f51a0 JavaThread "Execution worker Thread 9"         [_thread_blocked, id=281988, stack(0x000000b076b00000,0x000000b076c00000) (1024K)]
  0x0000024f878f5ec0 JavaThread "Execution worker Thread 10"        [_thread_blocked, id=266460, stack(0x000000b076c00000,0x000000b076d00000) (1024K)]
  0x0000024f878f6550 JavaThread "Execution worker Thread 11"        [_thread_blocked, id=280148, stack(0x000000b076d00000,0x000000b076e00000) (1024K)]
  0x0000024f878f6be0 JavaThread "Execution worker Thread 12"        [_thread_blocked, id=289816, stack(0x000000b076e00000,0x000000b076f00000) (1024K)]
  0x0000024f878f7270 JavaThread "Execution worker Thread 13"        [_thread_blocked, id=254252, stack(0x000000b076f00000,0x000000b077000000) (1024K)]
  0x0000024f8aac5c10 JavaThread "Execution worker Thread 14"        [_thread_blocked, id=282876, stack(0x000000b077000000,0x000000b077100000) (1024K)]
  0x0000024f8aac41d0 JavaThread "Execution worker Thread 15"        [_thread_blocked, id=285040, stack(0x000000b077100000,0x000000b077200000) (1024K)]
  0x0000024f8aac3b40 JavaThread "Execution worker Thread 16"        [_thread_blocked, id=282976, stack(0x000000b077200000,0x000000b077300000) (1024K)]
  0x0000024f8aac4860 JavaThread "Execution worker Thread 17"        [_thread_blocked, id=290180, stack(0x000000b077300000,0x000000b077400000) (1024K)]
  0x0000024f8aac62a0 JavaThread "Execution worker Thread 18"        [_thread_blocked, id=251056, stack(0x000000b077400000,0x000000b077500000) (1024K)]
  0x0000024f8aac4ef0 JavaThread "Execution worker Thread 19"        [_thread_blocked, id=271228, stack(0x000000b077500000,0x000000b077600000) (1024K)]
  0x0000024f8aac5580 JavaThread "Execution worker Thread 20"        [_thread_blocked, id=277968, stack(0x000000b077600000,0x000000b077700000) (1024K)]
  0x0000024f8aac2e20 JavaThread "Execution worker Thread 21"        [_thread_blocked, id=261780, stack(0x000000b077700000,0x000000b077800000) (1024K)]
  0x0000024f8aac6930 JavaThread "Execution worker Thread 22"        [_thread_blocked, id=251252, stack(0x000000b077800000,0x000000b077900000) (1024K)]
  0x0000024f8aac34b0 JavaThread "Execution worker Thread 23"        [_thread_blocked, id=270536, stack(0x000000b077900000,0x000000b077a00000) (1024K)]
  0x0000024f8aac6fc0 JavaThread "Cache worker for execution history cache (C:\Users\byd\Desktop\MC recourse\code\Litematica-Container-Filler - 1.21.1\.gradle\9.4.0\executionHistory)"        [_thread_blocked, id=284412, stack(0x000000b077a00000,0x000000b077b00000) (1024K)]
  0x0000024f8aac7650 JavaThread "Unconstrained build operations"        [_thread_blocked, id=269352, stack(0x000000b077b00000,0x000000b077c00000) (1024K)]
  0x0000024f8aac7ce0 JavaThread "Unconstrained build operations Thread 2"        [_thread_blocked, id=248928, stack(0x000000b077c00000,0x000000b077d00000) (1024K)]
  0x0000024f8aac9db0 JavaThread "Unconstrained build operations Thread 3"        [_thread_blocked, id=265324, stack(0x000000b077d00000,0x000000b077e00000) (1024K)]
  0x0000024f8aaca440 JavaThread "Unconstrained build operations Thread 4"        [_thread_blocked, id=288316, stack(0x000000b077e00000,0x000000b077f00000) (1024K)]
  0x0000024f8aac8370 JavaThread "Unconstrained build operations Thread 5"        [_thread_blocked, id=267916, stack(0x000000b077f00000,0x000000b078000000) (1024K)]
  0x0000024f8aac8a00 JavaThread "Unconstrained build operations Thread 6"        [_thread_blocked, id=281796, stack(0x000000b078000000,0x000000b078100000) (1024K)]
  0x0000024f8aac9090 JavaThread "Unconstrained build operations Thread 7"        [_thread_blocked, id=294180, stack(0x000000b078100000,0x000000b078200000) (1024K)]
  0x0000024f8aac9720 JavaThread "Unconstrained build operations Thread 8"        [_thread_blocked, id=255188, stack(0x000000b078200000,0x000000b078300000) (1024K)]
  0x0000024f8a5a36c0 JavaThread "Unconstrained build operations Thread 9"        [_thread_blocked, id=274008, stack(0x000000b078300000,0x000000b078400000) (1024K)]
  0x0000024f8a5a15f0 JavaThread "Unconstrained build operations Thread 10"        [_thread_blocked, id=275360, stack(0x000000b078400000,0x000000b078500000) (1024K)]
  0x0000024f8a5a1c80 JavaThread "Unconstrained build operations Thread 11"        [_thread_blocked, id=259028, stack(0x000000b078500000,0x000000b078600000) (1024K)]
  0x0000024f8a5a3030 JavaThread "Unconstrained build operations Thread 12"        [_thread_blocked, id=258508, stack(0x000000b078600000,0x000000b078700000) (1024K)]
  0x0000024f8a5a29a0 JavaThread "Unconstrained build operations Thread 13"        [_thread_blocked, id=277700, stack(0x000000b078700000,0x000000b078800000) (1024K)]
  0x0000024f8a5a5100 JavaThread "Unconstrained build operations Thread 14"        [_thread_blocked, id=281932, stack(0x000000b078800000,0x000000b078900000) (1024K)]
  0x0000024f8a5a3d50 JavaThread "Unconstrained build operations Thread 15"        [_thread_blocked, id=293696, stack(0x000000b078900000,0x000000b078a00000) (1024K)]
  0x0000024f8a5a4a70 JavaThread "Unconstrained build operations Thread 16"        [_thread_blocked, id=248140, stack(0x000000b078a00000,0x000000b078b00000) (1024K)]
  0x0000024f8a5a43e0 JavaThread "Unconstrained build operations Thread 17"        [_thread_blocked, id=284372, stack(0x000000b078b00000,0x000000b078c00000) (1024K)]
  0x0000024f8a5a5790 JavaThread "Unconstrained build operations Thread 18"        [_thread_blocked, id=253820, stack(0x000000b078c00000,0x000000b078d00000) (1024K)]
  0x0000024f8a5a2310 JavaThread "Unconstrained build operations Thread 19"        [_thread_blocked, id=274124, stack(0x000000b078d00000,0x000000b078e00000) (1024K)]
  0x0000024f8a5a6b40 JavaThread "Unconstrained build operations Thread 20"        [_thread_blocked, id=274916, stack(0x000000b078e00000,0x000000b078f00000) (1024K)]
  0x0000024f8a5a5e20 JavaThread "Unconstrained build operations Thread 21"        [_thread_blocked, id=258400, stack(0x000000b078f00000,0x000000b079000000) (1024K)]
  0x0000024f8a5a64b0 JavaThread "Unconstrained build operations Thread 22"        [_thread_blocked, id=295832, stack(0x000000b079000000,0x000000b079100000) (1024K)]
  0x0000024f8a5a7ef0 JavaThread "Unconstrained build operations Thread 23"        [_thread_blocked, id=249420, stack(0x000000b079100000,0x000000b079200000) (1024K)]
  0x0000024f8a5a7860 JavaThread "Unconstrained build operations Thread 24"        [_thread_blocked, id=218576, stack(0x000000b079200000,0x000000b079300000) (1024K)]
  0x0000024f8a5a8580 JavaThread "Unconstrained build operations Thread 25"        [_thread_blocked, id=251172, stack(0x000000b079300000,0x000000b079400000) (1024K)]
  0x0000024f8a5a71d0 JavaThread "Unconstrained build operations Thread 26"        [_thread_blocked, id=273428, stack(0x000000b079400000,0x000000b079500000) (1024K)]
  0x0000024f8a5a8c10 JavaThread "Unconstrained build operations Thread 27"        [_thread_blocked, id=277336, stack(0x000000b079500000,0x000000b079600000) (1024K)]
  0x0000024f8ab6ea30 JavaThread "Unconstrained build operations Thread 28"        [_thread_blocked, id=282980, stack(0x000000b079600000,0x000000b079700000) (1024K)]
  0x0000024f8ab71190 JavaThread "Unconstrained build operations Thread 29"        [_thread_blocked, id=250956, stack(0x000000b079700000,0x000000b079800000) (1024K)]
  0x0000024f8ab70470 JavaThread "Unconstrained build operations Thread 30"        [_thread_blocked, id=249124, stack(0x000000b079800000,0x000000b079900000) (1024K)]
  0x0000024f8ab70b00 JavaThread "Unconstrained build operations Thread 31"        [_thread_blocked, id=251316, stack(0x000000b079900000,0x000000b079a00000) (1024K)]
  0x0000024f8ab71eb0 JavaThread "Unconstrained build operations Thread 32"        [_thread_blocked, id=252800, stack(0x000000b079a00000,0x000000b079b00000) (1024K)]
  0x0000024f8ab6fde0 JavaThread "Unconstrained build operations Thread 33"        [_thread_blocked, id=279348, stack(0x000000b079b00000,0x000000b079c00000) (1024K)]
  0x0000024f8ab71820 JavaThread "Unconstrained build operations Thread 34"        [_thread_blocked, id=293080, stack(0x000000b079c00000,0x000000b079d00000) (1024K)]
  0x0000024f8ab6f0c0 JavaThread "Unconstrained build operations Thread 35"        [_thread_blocked, id=254852, stack(0x000000b079d00000,0x000000b079e00000) (1024K)]
  0x0000024f8ab72540 JavaThread "Unconstrained build operations Thread 36"        [_thread_blocked, id=248776, stack(0x000000b079e00000,0x000000b079f00000) (1024K)]
  0x0000024f8ab72bd0 JavaThread "Unconstrained build operations Thread 37"        [_thread_blocked, id=274980, stack(0x000000b079f00000,0x000000b07a000000) (1024K)]
  0x0000024f8ab6f750 JavaThread "Unconstrained build operations Thread 38"        [_thread_blocked, id=268268, stack(0x000000b07a000000,0x000000b07a100000) (1024K)]
  0x0000024f8ab74ca0 JavaThread "Unconstrained build operations Thread 39"        [_thread_blocked, id=273676, stack(0x000000b07a100000,0x000000b07a200000) (1024K)]
  0x0000024f8ab738f0 JavaThread "Unconstrained build operations Thread 40"        [_thread_blocked, id=249740, stack(0x000000b07a200000,0x000000b07a300000) (1024K)]
  0x0000024f8ab73f80 JavaThread "Unconstrained build operations Thread 41"        [_thread_blocked, id=261104, stack(0x000000b07a300000,0x000000b07a400000) (1024K)]
  0x0000024f8ab74610 JavaThread "Unconstrained build operations Thread 42"        [_thread_blocked, id=260028, stack(0x000000b07a400000,0x000000b07a500000) (1024K)]
  0x0000024f8ab76050 JavaThread "Unconstrained build operations Thread 43"        [_thread_blocked, id=259116, stack(0x000000b07a500000,0x000000b07a600000) (1024K)]
  0x0000024f8ab73260 JavaThread "Unconstrained build operations Thread 44"        [_thread_blocked, id=281548, stack(0x000000b07a600000,0x000000b07a700000) (1024K)]
  0x0000024f8ab759c0 JavaThread "Unconstrained build operations Thread 45"        [_thread_blocked, id=284280, stack(0x000000b07a700000,0x000000b07a800000) (1024K)]
  0x0000024f8ab75330 JavaThread "Unconstrained build operations Thread 46"        [_thread_blocked, id=261032, stack(0x000000b07a800000,0x000000b07a900000) (1024K)]
  0x0000024f88247560 JavaThread "Unconstrained build operations Thread 47"        [_thread_blocked, id=280648, stack(0x000000b07a900000,0x000000b07aa00000) (1024K)]
  0x0000024f882461b0 JavaThread "Unconstrained build operations Thread 48"        [_thread_blocked, id=275196, stack(0x000000b07aa00000,0x000000b07ab00000) (1024K)]
  0x0000024f88246840 JavaThread "Unconstrained build operations Thread 49"        [_thread_blocked, id=256096, stack(0x000000b07ab00000,0x000000b07ac00000) (1024K)]
  0x0000024f88245b20 JavaThread "Unconstrained build operations Thread 50"        [_thread_blocked, id=273844, stack(0x000000b07ac00000,0x000000b07ad00000) (1024K)]
  0x0000024f88246ed0 JavaThread "Unconstrained build operations Thread 51"        [_thread_blocked, id=264500, stack(0x000000b07ad00000,0x000000b07ae00000) (1024K)]
  0x0000024f88247bf0 JavaThread "Unconstrained build operations Thread 52"        [_thread_blocked, id=268456, stack(0x000000b07ae00000,0x000000b07af00000) (1024K)]
  0x0000024f88244770 JavaThread "Unconstrained build operations Thread 53"        [_thread_blocked, id=270660, stack(0x000000b07af00000,0x000000b07b000000) (1024K)]
  0x0000024f88248280 JavaThread "Unconstrained build operations Thread 54"        [_thread_blocked, id=293896, stack(0x000000b07b000000,0x000000b07b100000) (1024K)]
  0x0000024f876e6280 JavaThread "C2 CompilerThread1"         daemon [_thread_blocked, id=250704, stack(0x000000b06ea00000,0x000000b06eb00000) (1024K)]
  0x0000024f8adf49a0 JavaThread "C1 CompilerThread1"         daemon [_thread_blocked, id=278820, stack(0x000000b06eb00000,0x000000b06ec00000) (1024K)]
  0x0000024f8adf5740 JavaThread "C1 CompilerThread2"         daemon [_thread_blocked, id=290608, stack(0x000000b06ed00000,0x000000b06ee00000) (1024K)]
  0x0000024f8adf5e10 JavaThread "C1 CompilerThread3"         daemon [_thread_blocked, id=272780, stack(0x000000b06ee00000,0x000000b06ef00000) (1024K)]
  0x0000024f8ac33870 JavaThread "C2 CompilerThread2"         daemon [_thread_blocked, id=270132, stack(0x000000b06f000000,0x000000b06f100000) (1024K)]
  0x0000024f8824f8a0 JavaThread "pool-2-thread-1"                   [_thread_blocked, id=274444, stack(0x000000b06fc00000,0x000000b06fd00000) (1024K)]
  0x0000024f88250c50 JavaThread "pool-2-thread-2"                   [_thread_blocked, id=269188, stack(0x000000b071d00000,0x000000b071e00000) (1024K)]
  0x0000024f882512e0 JavaThread "pool-2-thread-3"                   [_thread_blocked, id=280020, stack(0x000000b07b100000,0x000000b07b200000) (1024K)]
  0x0000024f8824eb80 JavaThread "pool-2-thread-4"                   [_thread_blocked, id=268536, stack(0x000000b07b200000,0x000000b07b300000) (1024K)]
  0x0000024f8824de60 JavaThread "pool-2-thread-5"                   [_thread_blocked, id=74660, stack(0x000000b07b300000,0x000000b07b400000) (1024K)]
  0x0000024f8824ff30 JavaThread "pool-2-thread-6"                   [_thread_blocked, id=291892, stack(0x000000b07b400000,0x000000b07b500000) (1024K)]
  0x0000024f8824f210 JavaThread "pool-2-thread-7"                   [_thread_blocked, id=281552, stack(0x000000b07b500000,0x000000b07b600000) (1024K)]
  0x0000024f8824e4f0 JavaThread "pool-2-thread-8"                   [_thread_blocked, id=289184, stack(0x000000b07b600000,0x000000b07b700000) (1024K)]
  0x0000024f882505c0 JavaThread "pool-2-thread-9"                   [_thread_blocked, id=255444, stack(0x000000b07b700000,0x000000b07b800000) (1024K)]
  0x0000024f88251970 JavaThread "pool-2-thread-10"                  [_thread_blocked, id=268888, stack(0x000000b07b800000,0x000000b07b900000) (1024K)]
  0x0000024f88252000 JavaThread "pool-2-thread-11"                  [_thread_blocked, id=287320, stack(0x000000b07b900000,0x000000b07ba00000) (1024K)]
  0x0000024f88252690 JavaThread "pool-2-thread-12"                  [_thread_blocked, id=295500, stack(0x000000b07ba00000,0x000000b07bb00000) (1024K)]
  0x0000024f88252d20 JavaThread "pool-2-thread-13"                  [_thread_blocked, id=282268, stack(0x000000b07bb00000,0x000000b07bc00000) (1024K)]
  0x0000024f882533b0 JavaThread "pool-2-thread-14"                  [_thread_blocked, id=271956, stack(0x000000b07bc00000,0x000000b07bd00000) (1024K)]
  0x0000024f88253a40 JavaThread "pool-2-thread-15"                  [_thread_blocked, id=274240, stack(0x000000b07bd00000,0x000000b07be00000) (1024K)]
  0x0000024f8ae70af0 JavaThread "pool-2-thread-16"                  [_thread_blocked, id=272832, stack(0x000000b07be00000,0x000000b07bf00000) (1024K)]
  0x0000024f8ae73f70 JavaThread "pool-2-thread-17"                  [_thread_blocked, id=254420, stack(0x000000b07bf00000,0x000000b07c000000) (1024K)]
  0x0000024f8ae71180 JavaThread "pool-2-thread-18"                  [_thread_blocked, id=265180, stack(0x000000b07c000000,0x000000b07c100000) (1024K)]
  0x0000024f8ae74600 JavaThread "pool-2-thread-19"                  [_thread_blocked, id=281916, stack(0x000000b07c100000,0x000000b07c200000) (1024K)]
=>0x0000024f8ae72bc0 JavaThread "pool-2-thread-20"                  [_thread_in_Java, id=253068, stack(0x000000b07c200000,0x000000b07c300000) (1024K)]
  0x0000024f8ae74c90 JavaThread "pool-2-thread-21"                  [_thread_blocked, id=254260, stack(0x000000b07c300000,0x000000b07c400000) (1024K)]
  0x0000024f8ae75320 JavaThread "pool-2-thread-22"                  [_thread_blocked, id=289280, stack(0x000000b07c400000,0x000000b07c500000) (1024K)]
  0x0000024f8ae73250 JavaThread "pool-2-thread-23"                  [_thread_blocked, id=281172, stack(0x000000b07c500000,0x000000b07c600000) (1024K)]
  0x0000024f8ae72530 JavaThread "pool-2-thread-24"                  [_thread_blocked, id=275976, stack(0x000000b07c600000,0x000000b07c700000) (1024K)]
Total: 210

Other Threads:
  0x0000024fbba48060 VMThread "VM Thread"                           [id=275048, stack(0x000000b06e000000,0x000000b06e100000) (1024K)] _threads_hazard_ptr=0x0000024f8b144190
  0x0000024fbbfee950 WatcherThread "VM Periodic Task Thread"        [id=288144, stack(0x000000b06df00000,0x000000b06e000000) (1024K)]
  0x0000024f9de33fb0 WorkerThread "GC Thread#0"                     [id=285216, stack(0x000000b06da00000,0x000000b06db00000) (1024K)]
  0x0000024fbc38f060 WorkerThread "GC Thread#1"                     [id=279852, stack(0x000000b06f100000,0x000000b06f200000) (1024K)]
  0x0000024fbc38f810 WorkerThread "GC Thread#2"                     [id=292412, stack(0x000000b06f200000,0x000000b06f300000) (1024K)]
  0x0000024fbc38fbb0 WorkerThread "GC Thread#3"                     [id=264456, stack(0x000000b06f300000,0x000000b06f400000) (1024K)]
  0x0000024fbc38ff50 WorkerThread "GC Thread#4"                     [id=259040, stack(0x000000b06f400000,0x000000b06f500000) (1024K)]
  0x0000024fbc4c6470 WorkerThread "GC Thread#5"                     [id=255064, stack(0x000000b06f500000,0x000000b06f600000) (1024K)]
  0x0000024fbc4c6810 WorkerThread "GC Thread#6"                     [id=282772, stack(0x000000b06f600000,0x000000b06f700000) (1024K)]
  0x0000024fbc4c72f0 WorkerThread "GC Thread#7"                     [id=247432, stack(0x000000b06f700000,0x000000b06f800000) (1024K)]
  0x0000024fbc4c60d0 WorkerThread "GC Thread#8"                     [id=286084, stack(0x000000b06f800000,0x000000b06f900000) (1024K)]
  0x0000024fbc4c6bb0 WorkerThread "GC Thread#9"                     [id=275308, stack(0x000000b06f900000,0x000000b06fa00000) (1024K)]
  0x0000024fbc4c6f50 WorkerThread "GC Thread#10"                    [id=288152, stack(0x000000b06fa00000,0x000000b06fb00000) (1024K)]
  0x0000024fbc4c5990 WorkerThread "GC Thread#11"                    [id=264952, stack(0x000000b06fb00000,0x000000b06fc00000) (1024K)]
  0x0000024fff2b6c00 WorkerThread "GC Thread#12"                    [id=279372, stack(0x000000b070a00000,0x000000b070b00000) (1024K)]
  0x0000024fff2b6120 WorkerThread "GC Thread#13"                    [id=287580, stack(0x000000b070b00000,0x000000b070c00000) (1024K)]
  0x0000024fff2b6860 WorkerThread "GC Thread#14"                    [id=252480, stack(0x000000b070c00000,0x000000b070d00000) (1024K)]
  0x0000024fff2b6fa0 WorkerThread "GC Thread#15"                    [id=253532, stack(0x000000b070d00000,0x000000b070e00000) (1024K)]
  0x0000024fff2b5640 WorkerThread "GC Thread#16"                    [id=270284, stack(0x000000b070e00000,0x000000b070f00000) (1024K)]
  0x0000024fff2b59e0 WorkerThread "GC Thread#17"                    [id=259308, stack(0x000000b070f00000,0x000000b071000000) (1024K)]
  0x0000024f9de45e40 ConcurrentGCThread "G1 Main Marker"            [id=268348, stack(0x000000b06db00000,0x000000b06dc00000) (1024K)]
  0x0000024f9de46850 WorkerThread "G1 Conc#0"                       [id=260648, stack(0x000000b06dc00000,0x000000b06dd00000) (1024K)]
  0x0000024fff2b4b60 WorkerThread "G1 Conc#1"                       [id=253828, stack(0x000000b071000000,0x000000b071100000) (1024K)]
  0x0000024fff2b52a0 WorkerThread "G1 Conc#2"                       [id=257496, stack(0x000000b071100000,0x000000b071200000) (1024K)]
  0x0000024fff2b5d80 WorkerThread "G1 Conc#3"                       [id=249308, stack(0x000000b071200000,0x000000b071300000) (1024K)]
  0x0000024fff2b64c0 WorkerThread "G1 Conc#4"                       [id=288228, stack(0x000000b071300000,0x000000b071400000) (1024K)]
  0x0000024fbbed2010 ConcurrentGCThread "G1 Refine#0"               [id=295084, stack(0x000000b06dd00000,0x000000b06de00000) (1024K)]
  0x0000024fbbed2830 ConcurrentGCThread "G1 Service"                [id=270740, stack(0x000000b06de00000,0x000000b06df00000) (1024K)]
Total: 28

Threads with active compile tasks:
Total: 0

VM state: synchronizing (normal execution)

VM Mutex/Monitor currently owned by a thread:  ([mutex/lock_event])
[0x00007ffaf87cbe98] Threads_lock - owner thread: 0x0000024fbba48060
[0x00007ffaf87cbf98] Heap_lock - owner thread: 0x0000024f8ae74c90

Heap address: 0x0000000080000000, size: 2048 MB, Compressed Oops mode: 32-bit

CDS archive(s) mapped at: [0x0000024fbd000000-0x0000024fbdc90000-0x0000024fbdc90000), size 13172736, SharedBaseAddress: 0x0000024fbd000000, ArchiveRelocationMode: 1.
Compressed class space mapped at: 0x0000024fbe000000-0x0000024ffe000000, reserved size: 1073741824
Narrow klass base: 0x0000024fbd000000, Narrow klass shift: 0, Narrow klass range: 0x100000000

GC Precious Log:
 CardTable entry size: 512
 Card Set container configuration: InlinePtr #cards 5 size 8 Array Of Cards #cards 12 size 40 Howl #buckets 4 coarsen threshold 1843 Howl Bitmap #cards 512 size 80 coarsen threshold 460 Card regions per heap region 1 cards per card region 2048
 CPUs: 24 total, 24 available
 Memory: 32577M
 Large Page Support: Disabled
 NUMA Support: Disabled
 Compressed Oops: Enabled (32-bit)
 Heap Region Size: 1M
 Heap Min Capacity: 8M
 Heap Initial Capacity: 510M
 Heap Max Capacity: 2G
 Pre-touch: Disabled
 Parallel Workers: 18
 Concurrent Workers: 5
 Concurrent Refinement Workers: 18
 Periodic GC: Disabled

Heap:
 garbage-first heap   total 940032K, used 748119K [0x0000000080000000, 0x0000000100000000)
  region size 1024K, 550 young (563200K), 34 survivors (34816K)
 Metaspace       used 77191K, committed 79680K, reserved 1179648K
  class space    used 10753K, committed 11968K, reserved 1048576K

Heap Regions: E=young(eden), S=young(survivor), O=old, HS=humongous(starts), HC=humongous(continues), CS=collection set, F=free, TAMS=top-at-mark-start, PB=parsable bottom
|   0|0x0000000080000000, 0x0000000080100000, 0x0000000080100000|100%|HS|  |TAMS 0x0000000080000000| PB 0x0000000080000000| Complete 
|   1|0x0000000080100000, 0x0000000080200000, 0x0000000080200000|100%|HC|  |TAMS 0x0000000080100000| PB 0x0000000080100000| Complete 
|   2|0x0000000080200000, 0x0000000080300000, 0x0000000080300000|100%|HC|  |TAMS 0x0000000080200000| PB 0x0000000080200000| Complete 
|   3|0x0000000080300000, 0x0000000080400000, 0x0000000080400000|100%|HC|  |TAMS 0x0000000080300000| PB 0x0000000080300000| Complete 
|   4|0x0000000080400000, 0x0000000080500000, 0x0000000080500000|100%| O|  |TAMS 0x0000000080400000| PB 0x0000000080400000| Untracked 
|   5|0x0000000080500000, 0x0000000080600000, 0x0000000080600000|100%| O|  |TAMS 0x0000000080500000| PB 0x0000000080500000| Untracked 
|   6|0x0000000080600000, 0x0000000080700000, 0x0000000080700000|100%| O|  |TAMS 0x0000000080600000| PB 0x0000000080600000| Untracked 
|   7|0x0000000080700000, 0x0000000080800000, 0x0000000080800000|100%|HS|  |TAMS 0x0000000080700000| PB 0x0000000080700000| Complete 
|   8|0x0000000080800000, 0x0000000080900000, 0x0000000080900000|100%| O|  |TAMS 0x0000000080800000| PB 0x0000000080800000| Untracked 
|   9|0x0000000080900000, 0x0000000080a00000, 0x0000000080a00000|100%| O|  |TAMS 0x0000000080900000| PB 0x0000000080900000| Untracked 
|  10|0x0000000080a00000, 0x0000000080b00000, 0x0000000080b00000|100%| O|  |TAMS 0x0000000080a00000| PB 0x0000000080a00000| Untracked 
|  11|0x0000000080b00000, 0x0000000080c00000, 0x0000000080c00000|100%| O|  |TAMS 0x0000000080b00000| PB 0x0000000080b00000| Untracked 
|  12|0x0000000080c00000, 0x0000000080d00000, 0x0000000080d00000|100%| O|  |TAMS 0x0000000080c00000| PB 0x0000000080c00000| Untracked 
|  13|0x0000000080d00000, 0x0000000080e00000, 0x0000000080e00000|100%| O|  |TAMS 0x0000000080d00000| PB 0x0000000080d00000| Untracked 
|  14|0x0000000080e00000, 0x0000000080f00000, 0x0000000080f00000|100%| O|  |TAMS 0x0000000080e00000| PB 0x0000000080e00000| Untracked 
|  15|0x0000000080f00000, 0x0000000081000000, 0x0000000081000000|100%| O|  |TAMS 0x0000000080f00000| PB 0x0000000080f00000| Untracked 
|  16|0x0000000081000000, 0x0000000081100000, 0x0000000081100000|100%| O|  |TAMS 0x0000000081000000| PB 0x0000000081000000| Untracked 
|  17|0x0000000081100000, 0x0000000081200000, 0x0000000081200000|100%| O|  |TAMS 0x0000000081100000| PB 0x0000000081100000| Untracked 
|  18|0x0000000081200000, 0x0000000081300000, 0x0000000081300000|100%| O|  |TAMS 0x0000000081200000| PB 0x0000000081200000| Untracked 
|  19|0x0000000081300000, 0x0000000081400000, 0x0000000081400000|100%| O|  |TAMS 0x0000000081300000| PB 0x0000000081300000| Untracked 
|  20|0x0000000081400000, 0x0000000081500000, 0x0000000081500000|100%| O|  |TAMS 0x0000000081400000| PB 0x0000000081400000| Untracked 
|  21|0x0000000081500000, 0x0000000081600000, 0x0000000081600000|100%| O|  |TAMS 0x0000000081500000| PB 0x0000000081500000| Untracked 
|  22|0x0000000081600000, 0x0000000081700000, 0x0000000081700000|100%| O|  |TAMS 0x0000000081600000| PB 0x0000000081600000| Untracked 
|  23|0x0000000081700000, 0x0000000081800000, 0x0000000081800000|100%| O|  |TAMS 0x0000000081700000| PB 0x0000000081700000| Untracked 
|  24|0x0000000081800000, 0x0000000081900000, 0x0000000081900000|100%| O|  |TAMS 0x0000000081800000| PB 0x0000000081800000| Untracked 
|  25|0x0000000081900000, 0x0000000081a00000, 0x0000000081a00000|100%| O|  |TAMS 0x0000000081900000| PB 0x0000000081900000| Untracked 
|  26|0x0000000081a00000, 0x0000000081b00000, 0x0000000081b00000|100%| O|  |TAMS 0x0000000081a00000| PB 0x0000000081a00000| Untracked 
|  27|0x0000000081b00000, 0x0000000081c00000, 0x0000000081c00000|100%| O|  |TAMS 0x0000000081b00000| PB 0x0000000081b00000| Untracked 
|  28|0x0000000081c00000, 0x0000000081d00000, 0x0000000081d00000|100%|HS|  |TAMS 0x0000000081c00000| PB 0x0000000081c00000| Complete 
|  29|0x0000000081d00000, 0x0000000081e00000, 0x0000000081e00000|100%|HC|  |TAMS 0x0000000081d00000| PB 0x0000000081d00000| Complete 
|  30|0x0000000081e00000, 0x0000000081f00000, 0x0000000081f00000|100%| O|  |TAMS 0x0000000081e00000| PB 0x0000000081e00000| Untracked 
|  31|0x0000000081f00000, 0x0000000082000000, 0x0000000082000000|100%| O|  |TAMS 0x0000000081f00000| PB 0x0000000081f00000| Untracked 
|  32|0x0000000082000000, 0x0000000082100000, 0x0000000082100000|100%| O|  |TAMS 0x0000000082000000| PB 0x0000000082000000| Untracked 
|  33|0x0000000082100000, 0x0000000082200000, 0x0000000082200000|100%| O|  |TAMS 0x0000000082100000| PB 0x0000000082100000| Untracked 
|  34|0x0000000082200000, 0x0000000082300000, 0x0000000082300000|100%| O|  |TAMS 0x0000000082200000| PB 0x0000000082200000| Untracked 
|  35|0x0000000082300000, 0x0000000082400000, 0x0000000082400000|100%| O|  |TAMS 0x0000000082300000| PB 0x0000000082300000| Untracked 
|  36|0x0000000082400000, 0x0000000082500000, 0x0000000082500000|100%| O|  |TAMS 0x0000000082400000| PB 0x0000000082400000| Untracked 
|  37|0x0000000082500000, 0x0000000082600000, 0x0000000082600000|100%|HS|  |TAMS 0x0000000082500000| PB 0x0000000082500000| Complete 
|  38|0x0000000082600000, 0x0000000082700000, 0x0000000082700000|100%| O|  |TAMS 0x0000000082600000| PB 0x0000000082600000| Untracked 
|  39|0x0000000082700000, 0x0000000082800000, 0x0000000082800000|100%| O|  |TAMS 0x0000000082700000| PB 0x0000000082700000| Untracked 
|  40|0x0000000082800000, 0x0000000082900000, 0x0000000082900000|100%| O|  |TAMS 0x0000000082800000| PB 0x0000000082800000| Untracked 
|  41|0x0000000082900000, 0x0000000082a00000, 0x0000000082a00000|100%| O|  |TAMS 0x0000000082900000| PB 0x0000000082900000| Untracked 
|  42|0x0000000082a00000, 0x0000000082b00000, 0x0000000082b00000|100%| O|  |TAMS 0x0000000082a00000| PB 0x0000000082a00000| Untracked 
|  43|0x0000000082b00000, 0x0000000082c00000, 0x0000000082c00000|100%| O|  |TAMS 0x0000000082b00000| PB 0x0000000082b00000| Untracked 
|  44|0x0000000082c00000, 0x0000000082d00000, 0x0000000082d00000|100%| O|  |TAMS 0x0000000082c00000| PB 0x0000000082c00000| Untracked 
|  45|0x0000000082d00000, 0x0000000082e00000, 0x0000000082e00000|100%| O|  |TAMS 0x0000000082d00000| PB 0x0000000082d00000| Untracked 
|  46|0x0000000082e00000, 0x0000000082f00000, 0x0000000082f00000|100%| O|  |TAMS 0x0000000082e00000| PB 0x0000000082e00000| Untracked 
|  47|0x0000000082f00000, 0x0000000083000000, 0x0000000083000000|100%| O|  |TAMS 0x0000000082f00000| PB 0x0000000082f00000| Untracked 
|  48|0x0000000083000000, 0x0000000083100000, 0x0000000083100000|100%| O|  |TAMS 0x0000000083000000| PB 0x0000000083000000| Untracked 
|  49|0x0000000083100000, 0x0000000083200000, 0x0000000083200000|100%| O|  |TAMS 0x0000000083100000| PB 0x0000000083100000| Untracked 
|  50|0x0000000083200000, 0x0000000083300000, 0x0000000083300000|100%|HS|  |TAMS 0x0000000083200000| PB 0x0000000083200000| Complete 
|  51|0x0000000083300000, 0x0000000083400000, 0x0000000083400000|100%|HC|  |TAMS 0x0000000083300000| PB 0x0000000083300000| Complete 
|  52|0x0000000083400000, 0x0000000083500000, 0x0000000083500000|100%| O|  |TAMS 0x0000000083400000| PB 0x0000000083400000| Untracked 
|  53|0x0000000083500000, 0x0000000083600000, 0x0000000083600000|100%| O|  |TAMS 0x0000000083500000| PB 0x0000000083500000| Untracked 
|  54|0x0000000083600000, 0x0000000083700000, 0x0000000083700000|100%|HS|  |TAMS 0x0000000083600000| PB 0x0000000083600000| Complete 
|  55|0x0000000083700000, 0x0000000083800000, 0x0000000083800000|100%|HC|  |TAMS 0x0000000083700000| PB 0x0000000083700000| Complete 
|  56|0x0000000083800000, 0x0000000083900000, 0x0000000083900000|100%|HC|  |TAMS 0x0000000083800000| PB 0x0000000083800000| Complete 
|  57|0x0000000083900000, 0x0000000083a00000, 0x0000000083a00000|100%| O|  |TAMS 0x0000000083900000| PB 0x0000000083900000| Untracked 
|  58|0x0000000083a00000, 0x0000000083b00000, 0x0000000083b00000|100%| O|  |TAMS 0x0000000083a00000| PB 0x0000000083a00000| Untracked 
|  59|0x0000000083b00000, 0x0000000083c00000, 0x0000000083c00000|100%| O|  |TAMS 0x0000000083b00000| PB 0x0000000083b00000| Untracked 
|  60|0x0000000083c00000, 0x0000000083d00000, 0x0000000083d00000|100%| O|  |TAMS 0x0000000083c00000| PB 0x0000000083c00000| Untracked 
|  61|0x0000000083d00000, 0x0000000083e00000, 0x0000000083e00000|100%| O|  |TAMS 0x0000000083d00000| PB 0x0000000083d00000| Untracked 
|  62|0x0000000083e00000, 0x0000000083f00000, 0x0000000083f00000|100%| O|  |TAMS 0x0000000083e00000| PB 0x0000000083e00000| Untracked 
|  63|0x0000000083f00000, 0x0000000084000000, 0x0000000084000000|100%| O|  |TAMS 0x0000000083f00000| PB 0x0000000083f00000| Untracked 
|  64|0x0000000084000000, 0x0000000084100000, 0x0000000084100000|100%| O|  |TAMS 0x0000000084000000| PB 0x0000000084000000| Untracked 
|  65|0x0000000084100000, 0x0000000084200000, 0x0000000084200000|100%| O|  |TAMS 0x0000000084100000| PB 0x0000000084100000| Untracked 
|  66|0x0000000084200000, 0x0000000084300000, 0x0000000084300000|100%| O|  |TAMS 0x0000000084200000| PB 0x0000000084200000| Untracked 
|  67|0x0000000084300000, 0x0000000084400000, 0x0000000084400000|100%| O|  |TAMS 0x0000000084300000| PB 0x0000000084300000| Untracked 
|  68|0x0000000084400000, 0x0000000084500000, 0x0000000084500000|100%| O|  |TAMS 0x0000000084400000| PB 0x0000000084400000| Untracked 
|  69|0x0000000084500000, 0x0000000084600000, 0x0000000084600000|100%| O|  |TAMS 0x0000000084500000| PB 0x0000000084500000| Untracked 
|  70|0x0000000084600000, 0x0000000084700000, 0x0000000084700000|100%| O|  |TAMS 0x0000000084600000| PB 0x0000000084600000| Untracked 
|  71|0x0000000084700000, 0x0000000084800000, 0x0000000084800000|100%| O|  |TAMS 0x0000000084700000| PB 0x0000000084700000| Untracked 
|  72|0x0000000084800000, 0x0000000084900000, 0x0000000084900000|100%| O|  |TAMS 0x0000000084800000| PB 0x0000000084800000| Untracked 
|  73|0x0000000084900000, 0x0000000084a00000, 0x0000000084a00000|100%| O|  |TAMS 0x0000000084900000| PB 0x0000000084900000| Untracked 
|  74|0x0000000084a00000, 0x0000000084b00000, 0x0000000084b00000|100%| O|  |TAMS 0x0000000084a00000| PB 0x0000000084a00000| Untracked 
|  75|0x0000000084b00000, 0x0000000084c00000, 0x0000000084c00000|100%| O|  |TAMS 0x0000000084b00000| PB 0x0000000084b00000| Untracked 
|  76|0x0000000084c00000, 0x0000000084d00000, 0x0000000084d00000|100%| O|  |TAMS 0x0000000084c00000| PB 0x0000000084c00000| Untracked 
|  77|0x0000000084d00000, 0x0000000084e00000, 0x0000000084e00000|100%| O|  |TAMS 0x0000000084d00000| PB 0x0000000084d00000| Untracked 
|  78|0x0000000084e00000, 0x0000000084f00000, 0x0000000084f00000|100%| O|  |TAMS 0x0000000084e00000| PB 0x0000000084e00000| Untracked 
|  79|0x0000000084f00000, 0x0000000085000000, 0x0000000085000000|100%| O|  |TAMS 0x0000000084f00000| PB 0x0000000084f00000| Untracked 
|  80|0x0000000085000000, 0x0000000085100000, 0x0000000085100000|100%| O|  |TAMS 0x0000000085000000| PB 0x0000000085000000| Untracked 
|  81|0x0000000085100000, 0x0000000085200000, 0x0000000085200000|100%|HS|  |TAMS 0x0000000085100000| PB 0x0000000085100000| Complete 
|  82|0x0000000085200000, 0x0000000085300000, 0x0000000085300000|100%|HC|  |TAMS 0x0000000085200000| PB 0x0000000085200000| Complete 
|  83|0x0000000085300000, 0x0000000085400000, 0x0000000085400000|100%|HC|  |TAMS 0x0000000085300000| PB 0x0000000085300000| Complete 
|  84|0x0000000085400000, 0x0000000085500000, 0x0000000085500000|100%|HC|  |TAMS 0x0000000085400000| PB 0x0000000085400000| Complete 
|  85|0x0000000085500000, 0x0000000085600000, 0x0000000085600000|100%|HS|  |TAMS 0x0000000085500000| PB 0x0000000085500000| Complete 
|  86|0x0000000085600000, 0x0000000085700000, 0x0000000085700000|100%|HC|  |TAMS 0x0000000085600000| PB 0x0000000085600000| Complete 
|  87|0x0000000085700000, 0x0000000085800000, 0x0000000085800000|100%|HC|  |TAMS 0x0000000085700000| PB 0x0000000085700000| Complete 
|  88|0x0000000085800000, 0x0000000085900000, 0x0000000085900000|100%|HC|  |TAMS 0x0000000085800000| PB 0x0000000085800000| Complete 
|  89|0x0000000085900000, 0x0000000085a00000, 0x0000000085a00000|100%| O|  |TAMS 0x0000000085900000| PB 0x0000000085900000| Untracked 
|  90|0x0000000085a00000, 0x0000000085b00000, 0x0000000085b00000|100%| O|  |TAMS 0x0000000085a00000| PB 0x0000000085a00000| Untracked 
|  91|0x0000000085b00000, 0x0000000085c00000, 0x0000000085c00000|100%| O|  |TAMS 0x0000000085b00000| PB 0x0000000085b00000| Untracked 
|  92|0x0000000085c00000, 0x0000000085d00000, 0x0000000085d00000|100%| O|  |TAMS 0x0000000085c00000| PB 0x0000000085c00000| Untracked 
|  93|0x0000000085d00000, 0x0000000085e00000, 0x0000000085e00000|100%| O|  |TAMS 0x0000000085d00000| PB 0x0000000085d00000| Untracked 
|  94|0x0000000085e00000, 0x0000000085f00000, 0x0000000085f00000|100%| O|  |TAMS 0x0000000085e00000| PB 0x0000000085e00000| Untracked 
|  95|0x0000000085f00000, 0x0000000086000000, 0x0000000086000000|100%| O|  |TAMS 0x0000000085f00000| PB 0x0000000085f00000| Untracked 
|  96|0x0000000086000000, 0x0000000086100000, 0x0000000086100000|100%| O|  |TAMS 0x0000000086000000| PB 0x0000000086000000| Untracked 
|  97|0x0000000086100000, 0x0000000086200000, 0x0000000086200000|100%| O|  |TAMS 0x0000000086100000| PB 0x0000000086100000| Untracked 
|  98|0x0000000086200000, 0x0000000086300000, 0x0000000086300000|100%| O|  |TAMS 0x0000000086200000| PB 0x0000000086200000| Untracked 
|  99|0x0000000086300000, 0x0000000086400000, 0x0000000086400000|100%| O|  |TAMS 0x0000000086300000| PB 0x0000000086300000| Untracked 
| 100|0x0000000086400000, 0x0000000086500000, 0x0000000086500000|100%| O|  |TAMS 0x0000000086400000| PB 0x0000000086400000| Untracked 
| 101|0x0000000086500000, 0x0000000086600000, 0x0000000086600000|100%| O|  |TAMS 0x0000000086500000| PB 0x0000000086500000| Untracked 
| 102|0x0000000086600000, 0x0000000086700000, 0x0000000086700000|100%| O|  |TAMS 0x0000000086600000| PB 0x0000000086600000| Untracked 
| 103|0x0000000086700000, 0x0000000086800000, 0x0000000086800000|100%| O|  |TAMS 0x0000000086700000| PB 0x0000000086700000| Untracked 
| 104|0x0000000086800000, 0x0000000086900000, 0x0000000086900000|100%| O|  |TAMS 0x0000000086800000| PB 0x0000000086800000| Untracked 
| 105|0x0000000086900000, 0x0000000086a00000, 0x0000000086a00000|100%| O|  |TAMS 0x0000000086900000| PB 0x0000000086900000| Untracked 
| 106|0x0000000086a00000, 0x0000000086b00000, 0x0000000086b00000|100%| O|  |TAMS 0x0000000086a00000| PB 0x0000000086a00000| Untracked 
| 107|0x0000000086b00000, 0x0000000086c00000, 0x0000000086c00000|100%| O|  |TAMS 0x0000000086b00000| PB 0x0000000086b00000| Untracked 
| 108|0x0000000086c00000, 0x0000000086d00000, 0x0000000086d00000|100%| O|  |TAMS 0x0000000086c00000| PB 0x0000000086c00000| Untracked 
| 109|0x0000000086d00000, 0x0000000086e00000, 0x0000000086e00000|100%| O|  |TAMS 0x0000000086d00000| PB 0x0000000086d00000| Untracked 
| 110|0x0000000086e00000, 0x0000000086f00000, 0x0000000086f00000|100%| O|  |TAMS 0x0000000086e00000| PB 0x0000000086e00000| Untracked 
| 111|0x0000000086f00000, 0x0000000087000000, 0x0000000087000000|100%| O|  |TAMS 0x0000000086f00000| PB 0x0000000086f00000| Untracked 
| 112|0x0000000087000000, 0x0000000087100000, 0x0000000087100000|100%| O|  |TAMS 0x0000000087000000| PB 0x0000000087000000| Untracked 
| 113|0x0000000087100000, 0x0000000087200000, 0x0000000087200000|100%| O|  |TAMS 0x0000000087100000| PB 0x0000000087100000| Untracked 
| 114|0x0000000087200000, 0x0000000087300000, 0x0000000087300000|100%| O|  |TAMS 0x0000000087200000| PB 0x0000000087200000| Untracked 
| 115|0x0000000087300000, 0x0000000087400000, 0x0000000087400000|100%| O|  |TAMS 0x0000000087300000| PB 0x0000000087300000| Untracked 
| 116|0x0000000087400000, 0x0000000087500000, 0x0000000087500000|100%| O|  |TAMS 0x0000000087400000| PB 0x0000000087400000| Untracked 
| 117|0x0000000087500000, 0x0000000087600000, 0x0000000087600000|100%| O|  |TAMS 0x0000000087500000| PB 0x0000000087500000| Untracked 
| 118|0x0000000087600000, 0x0000000087700000, 0x0000000087700000|100%| O|  |TAMS 0x0000000087600000| PB 0x0000000087600000| Untracked 
| 119|0x0000000087700000, 0x0000000087800000, 0x0000000087800000|100%| O|  |TAMS 0x0000000087700000| PB 0x0000000087700000| Untracked 
| 120|0x0000000087800000, 0x0000000087900000, 0x0000000087900000|100%| O|  |TAMS 0x0000000087800000| PB 0x0000000087800000| Untracked 
| 121|0x0000000087900000, 0x0000000087a00000, 0x0000000087a00000|100%| O|  |TAMS 0x0000000087900000| PB 0x0000000087900000| Untracked 
| 122|0x0000000087a00000, 0x0000000087b00000, 0x0000000087b00000|100%| O|  |TAMS 0x0000000087a00000| PB 0x0000000087a00000| Untracked 
| 123|0x0000000087b00000, 0x0000000087c00000, 0x0000000087c00000|100%| O|  |TAMS 0x0000000087b00000| PB 0x0000000087b00000| Untracked 
| 124|0x0000000087c00000, 0x0000000087d00000, 0x0000000087d00000|100%| O|  |TAMS 0x0000000087c00000| PB 0x0000000087c00000| Untracked 
| 125|0x0000000087d00000, 0x0000000087e00000, 0x0000000087e00000|100%| O|  |TAMS 0x0000000087d00000| PB 0x0000000087d00000| Untracked 
| 126|0x0000000087e00000, 0x0000000087f00000, 0x0000000087f00000|100%| O|  |TAMS 0x0000000087e00000| PB 0x0000000087e00000| Untracked 
| 127|0x0000000087f00000, 0x0000000088000000, 0x0000000088000000|100%| O|  |TAMS 0x0000000087f00000| PB 0x0000000087f00000| Untracked 
| 128|0x0000000088000000, 0x0000000088100000, 0x0000000088100000|100%| O|  |TAMS 0x0000000088000000| PB 0x0000000088000000| Untracked 
| 129|0x0000000088100000, 0x0000000088200000, 0x0000000088200000|100%| O|  |TAMS 0x0000000088100000| PB 0x0000000088100000| Untracked 
| 130|0x0000000088200000, 0x0000000088300000, 0x0000000088300000|100%| O|  |TAMS 0x0000000088200000| PB 0x0000000088200000| Untracked 
| 131|0x0000000088300000, 0x0000000088400000, 0x0000000088400000|100%| O|  |TAMS 0x0000000088300000| PB 0x0000000088300000| Untracked 
| 132|0x0000000088400000, 0x0000000088500000, 0x0000000088500000|100%| O|  |TAMS 0x0000000088400000| PB 0x0000000088400000| Untracked 
| 133|0x0000000088500000, 0x0000000088600000, 0x0000000088600000|100%| O|  |TAMS 0x0000000088500000| PB 0x0000000088500000| Untracked 
| 134|0x0000000088600000, 0x0000000088700000, 0x0000000088700000|100%| O|  |TAMS 0x0000000088600000| PB 0x0000000088600000| Untracked 
| 135|0x0000000088700000, 0x0000000088800000, 0x0000000088800000|100%| O|  |TAMS 0x0000000088700000| PB 0x0000000088700000| Untracked 
| 136|0x0000000088800000, 0x0000000088900000, 0x0000000088900000|100%| O|  |TAMS 0x0000000088800000| PB 0x0000000088800000| Untracked 
| 137|0x0000000088900000, 0x0000000088a00000, 0x0000000088a00000|100%| O|  |TAMS 0x0000000088900000| PB 0x0000000088900000| Untracked 
| 138|0x0000000088a00000, 0x0000000088b00000, 0x0000000088b00000|100%| O|  |TAMS 0x0000000088a00000| PB 0x0000000088a00000| Untracked 
| 139|0x0000000088b00000, 0x0000000088c00000, 0x0000000088c00000|100%| O|  |TAMS 0x0000000088b00000| PB 0x0000000088b00000| Untracked 
| 140|0x0000000088c00000, 0x0000000088d00000, 0x0000000088d00000|100%| O|  |TAMS 0x0000000088c00000| PB 0x0000000088c00000| Untracked 
| 141|0x0000000088d00000, 0x0000000088e00000, 0x0000000088e00000|100%| O|  |TAMS 0x0000000088d00000| PB 0x0000000088d00000| Untracked 
| 142|0x0000000088e00000, 0x0000000088f00000, 0x0000000088f00000|100%| O|  |TAMS 0x0000000088e00000| PB 0x0000000088e00000| Untracked 
| 143|0x0000000088f00000, 0x0000000089000000, 0x0000000089000000|100%| O|  |TAMS 0x0000000088f00000| PB 0x0000000088f00000| Untracked 
| 144|0x0000000089000000, 0x0000000089100000, 0x0000000089100000|100%| O|  |TAMS 0x0000000089000000| PB 0x0000000089000000| Untracked 
| 145|0x0000000089100000, 0x0000000089200000, 0x0000000089200000|100%| O|  |TAMS 0x0000000089100000| PB 0x0000000089100000| Untracked 
| 146|0x0000000089200000, 0x0000000089300000, 0x0000000089300000|100%| O|  |TAMS 0x0000000089200000| PB 0x0000000089200000| Untracked 
| 147|0x0000000089300000, 0x0000000089400000, 0x0000000089400000|100%| O|  |TAMS 0x0000000089300000| PB 0x0000000089300000| Untracked 
| 148|0x0000000089400000, 0x0000000089500000, 0x0000000089500000|100%| O|  |TAMS 0x0000000089400000| PB 0x0000000089400000| Untracked 
| 149|0x0000000089500000, 0x0000000089600000, 0x0000000089600000|100%| O|  |TAMS 0x0000000089500000| PB 0x0000000089500000| Untracked 
| 150|0x0000000089600000, 0x0000000089700000, 0x0000000089700000|100%| O|  |TAMS 0x0000000089600000| PB 0x0000000089600000| Untracked 
| 151|0x0000000089700000, 0x0000000089800000, 0x0000000089800000|100%| O|  |TAMS 0x0000000089700000| PB 0x0000000089700000| Untracked 
| 152|0x0000000089800000, 0x0000000089900000, 0x0000000089900000|100%| O|  |TAMS 0x0000000089800000| PB 0x0000000089800000| Untracked 
| 153|0x0000000089900000, 0x0000000089a00000, 0x0000000089a00000|100%| O|  |TAMS 0x0000000089900000| PB 0x0000000089900000| Untracked 
| 154|0x0000000089a00000, 0x0000000089b00000, 0x0000000089b00000|100%| O|  |TAMS 0x0000000089a00000| PB 0x0000000089a00000| Untracked 
| 155|0x0000000089b00000, 0x0000000089c00000, 0x0000000089c00000|100%| O|  |TAMS 0x0000000089b00000| PB 0x0000000089b00000| Untracked 
| 156|0x0000000089c00000, 0x0000000089d00000, 0x0000000089d00000|100%| O|  |TAMS 0x0000000089c00000| PB 0x0000000089c00000| Untracked 
| 157|0x0000000089d00000, 0x0000000089e00000, 0x0000000089e00000|100%| O|  |TAMS 0x0000000089d00000| PB 0x0000000089d00000| Untracked 
| 158|0x0000000089e00000, 0x0000000089f00000, 0x0000000089f00000|100%| O|  |TAMS 0x0000000089e00000| PB 0x0000000089e00000| Untracked 
| 159|0x0000000089f00000, 0x000000008a000000, 0x000000008a000000|100%| O|  |TAMS 0x0000000089f00000| PB 0x0000000089f00000| Untracked 
| 160|0x000000008a000000, 0x000000008a100000, 0x000000008a100000|100%| O|  |TAMS 0x000000008a000000| PB 0x000000008a000000| Untracked 
| 161|0x000000008a100000, 0x000000008a13eb60, 0x000000008a200000| 24%| O|  |TAMS 0x000000008a100000| PB 0x000000008a100000| Untracked 
| 162|0x000000008a200000, 0x000000008a200000, 0x000000008a300000|  0%| F|  |TAMS 0x000000008a200000| PB 0x000000008a200000| Untracked 
| 163|0x000000008a300000, 0x000000008a300000, 0x000000008a400000|  0%| F|  |TAMS 0x000000008a300000| PB 0x000000008a300000| Untracked 
| 164|0x000000008a400000, 0x000000008a400000, 0x000000008a500000|  0%| F|  |TAMS 0x000000008a400000| PB 0x000000008a400000| Untracked 
| 165|0x000000008a500000, 0x000000008a500000, 0x000000008a600000|  0%| F|  |TAMS 0x000000008a500000| PB 0x000000008a500000| Untracked 
| 166|0x000000008a600000, 0x000000008a600000, 0x000000008a700000|  0%| F|  |TAMS 0x000000008a600000| PB 0x000000008a600000| Untracked 
| 167|0x000000008a700000, 0x000000008a700000, 0x000000008a800000|  0%| F|  |TAMS 0x000000008a700000| PB 0x000000008a700000| Untracked 
| 168|0x000000008a800000, 0x000000008a800000, 0x000000008a900000|  0%| F|  |TAMS 0x000000008a800000| PB 0x000000008a800000| Untracked 
| 169|0x000000008a900000, 0x000000008a900000, 0x000000008aa00000|  0%| F|  |TAMS 0x000000008a900000| PB 0x000000008a900000| Untracked 
| 170|0x000000008aa00000, 0x000000008aa00000, 0x000000008ab00000|  0%| F|  |TAMS 0x000000008aa00000| PB 0x000000008aa00000| Untracked 
| 171|0x000000008ab00000, 0x000000008ab00000, 0x000000008ac00000|  0%| F|  |TAMS 0x000000008ab00000| PB 0x000000008ab00000| Untracked 
| 172|0x000000008ac00000, 0x000000008ac00000, 0x000000008ad00000|  0%| F|  |TAMS 0x000000008ac00000| PB 0x000000008ac00000| Untracked 
| 173|0x000000008ad00000, 0x000000008ad00000, 0x000000008ae00000|  0%| F|  |TAMS 0x000000008ad00000| PB 0x000000008ad00000| Untracked 
| 174|0x000000008ae00000, 0x000000008ae00000, 0x000000008af00000|  0%| F|  |TAMS 0x000000008ae00000| PB 0x000000008ae00000| Untracked 
| 175|0x000000008af00000, 0x000000008af00000, 0x000000008b000000|  0%| F|  |TAMS 0x000000008af00000| PB 0x000000008af00000| Untracked 
| 176|0x000000008b000000, 0x000000008b000000, 0x000000008b100000|  0%| F|  |TAMS 0x000000008b000000| PB 0x000000008b000000| Untracked 
| 177|0x000000008b100000, 0x000000008b100000, 0x000000008b200000|  0%| F|  |TAMS 0x000000008b100000| PB 0x000000008b100000| Untracked 
| 178|0x000000008b200000, 0x000000008b200000, 0x000000008b300000|  0%| F|  |TAMS 0x000000008b200000| PB 0x000000008b200000| Untracked 
| 179|0x000000008b300000, 0x000000008b400000, 0x000000008b400000|100%| O|  |TAMS 0x000000008b300000| PB 0x000000008b300000| Untracked 
| 180|0x000000008b400000, 0x000000008b500000, 0x000000008b500000|100%| O|  |TAMS 0x000000008b400000| PB 0x000000008b400000| Untracked 
| 181|0x000000008b500000, 0x000000008b600000, 0x000000008b600000|100%| O|  |TAMS 0x000000008b500000| PB 0x000000008b500000| Untracked 
| 182|0x000000008b600000, 0x000000008b700000, 0x000000008b700000|100%| O|  |TAMS 0x000000008b600000| PB 0x000000008b600000| Untracked 
| 183|0x000000008b700000, 0x000000008b800000, 0x000000008b800000|100%| O|  |TAMS 0x000000008b700000| PB 0x000000008b700000| Untracked 
| 184|0x000000008b800000, 0x000000008b900000, 0x000000008b900000|100%| O|  |TAMS 0x000000008b800000| PB 0x000000008b800000| Untracked 
| 185|0x000000008b900000, 0x000000008ba00000, 0x000000008ba00000|100%| O|  |TAMS 0x000000008b900000| PB 0x000000008b900000| Untracked 
| 186|0x000000008ba00000, 0x000000008bb00000, 0x000000008bb00000|100%| O|  |TAMS 0x000000008ba00000| PB 0x000000008ba00000| Untracked 
| 187|0x000000008bb00000, 0x000000008bc00000, 0x000000008bc00000|100%| O|  |TAMS 0x000000008bb00000| PB 0x000000008bb00000| Untracked 
| 188|0x000000008bc00000, 0x000000008bd00000, 0x000000008bd00000|100%| O|  |TAMS 0x000000008bc00000| PB 0x000000008bc00000| Untracked 
| 189|0x000000008bd00000, 0x000000008be00000, 0x000000008be00000|100%| O|  |TAMS 0x000000008bd00000| PB 0x000000008bd00000| Untracked 
| 190|0x000000008be00000, 0x000000008bf00000, 0x000000008bf00000|100%| O|  |TAMS 0x000000008be00000| PB 0x000000008be00000| Untracked 
| 191|0x000000008bf00000, 0x000000008c000000, 0x000000008c000000|100%| O|  |TAMS 0x000000008bf00000| PB 0x000000008bf00000| Untracked 
| 192|0x000000008c000000, 0x000000008c100000, 0x000000008c100000|100%| O|  |TAMS 0x000000008c000000| PB 0x000000008c000000| Untracked 
| 193|0x000000008c100000, 0x000000008c200000, 0x000000008c200000|100%| O|  |TAMS 0x000000008c100000| PB 0x000000008c100000| Untracked 
| 194|0x000000008c200000, 0x000000008c300000, 0x000000008c300000|100%| O|  |TAMS 0x000000008c200000| PB 0x000000008c200000| Untracked 
| 195|0x000000008c300000, 0x000000008c400000, 0x000000008c400000|100%| O|  |TAMS 0x000000008c300000| PB 0x000000008c300000| Untracked 
| 196|0x000000008c400000, 0x000000008c500000, 0x000000008c500000|100%| O|  |TAMS 0x000000008c400000| PB 0x000000008c400000| Untracked 
| 197|0x000000008c500000, 0x000000008c600000, 0x000000008c600000|100%| O|  |TAMS 0x000000008c500000| PB 0x000000008c500000| Untracked 
| 198|0x000000008c600000, 0x000000008c600000, 0x000000008c700000|  0%| F|  |TAMS 0x000000008c600000| PB 0x000000008c600000| Untracked 
| 199|0x000000008c700000, 0x000000008c700000, 0x000000008c800000|  0%| F|  |TAMS 0x000000008c700000| PB 0x000000008c700000| Untracked 
| 200|0x000000008c800000, 0x000000008c800000, 0x000000008c900000|  0%| F|  |TAMS 0x000000008c800000| PB 0x000000008c800000| Untracked 
| 201|0x000000008c900000, 0x000000008c900000, 0x000000008ca00000|  0%| F|  |TAMS 0x000000008c900000| PB 0x000000008c900000| Untracked 
| 202|0x000000008ca00000, 0x000000008ca00000, 0x000000008cb00000|  0%| F|  |TAMS 0x000000008ca00000| PB 0x000000008ca00000| Untracked 
| 203|0x000000008cb00000, 0x000000008cb00000, 0x000000008cc00000|  0%| F|  |TAMS 0x000000008cb00000| PB 0x000000008cb00000| Untracked 
| 204|0x000000008cc00000, 0x000000008cc00000, 0x000000008cd00000|  0%| F|  |TAMS 0x000000008cc00000| PB 0x000000008cc00000| Untracked 
| 205|0x000000008cd00000, 0x000000008cd00000, 0x000000008ce00000|  0%| F|  |TAMS 0x000000008cd00000| PB 0x000000008cd00000| Untracked 
| 206|0x000000008ce00000, 0x000000008ce00000, 0x000000008cf00000|  0%| F|  |TAMS 0x000000008ce00000| PB 0x000000008ce00000| Untracked 
| 207|0x000000008cf00000, 0x000000008cf00000, 0x000000008d000000|  0%| F|  |TAMS 0x000000008cf00000| PB 0x000000008cf00000| Untracked 
| 208|0x000000008d000000, 0x000000008d000000, 0x000000008d100000|  0%| F|  |TAMS 0x000000008d000000| PB 0x000000008d000000| Untracked 
| 209|0x000000008d100000, 0x000000008d100000, 0x000000008d200000|  0%| F|  |TAMS 0x000000008d100000| PB 0x000000008d100000| Untracked 
| 210|0x000000008d200000, 0x000000008d200000, 0x000000008d300000|  0%| F|  |TAMS 0x000000008d200000| PB 0x000000008d200000| Untracked 
| 211|0x000000008d300000, 0x000000008d300000, 0x000000008d400000|  0%| F|  |TAMS 0x000000008d300000| PB 0x000000008d300000| Untracked 
| 212|0x000000008d400000, 0x000000008d400000, 0x000000008d500000|  0%| F|  |TAMS 0x000000008d400000| PB 0x000000008d400000| Untracked 
| 213|0x000000008d500000, 0x000000008d500000, 0x000000008d600000|  0%| F|  |TAMS 0x000000008d500000| PB 0x000000008d500000| Untracked 
| 214|0x000000008d600000, 0x000000008d600000, 0x000000008d700000|  0%| F|  |TAMS 0x000000008d600000| PB 0x000000008d600000| Untracked 
| 215|0x000000008d700000, 0x000000008d700000, 0x000000008d800000|  0%| F|  |TAMS 0x000000008d700000| PB 0x000000008d700000| Untracked 
| 216|0x000000008d800000, 0x000000008d800000, 0x000000008d900000|  0%| F|  |TAMS 0x000000008d800000| PB 0x000000008d800000| Untracked 
| 217|0x000000008d900000, 0x000000008d900000, 0x000000008da00000|  0%| F|  |TAMS 0x000000008d900000| PB 0x000000008d900000| Untracked 
| 218|0x000000008da00000, 0x000000008da00000, 0x000000008db00000|  0%| F|  |TAMS 0x000000008da00000| PB 0x000000008da00000| Untracked 
| 219|0x000000008db00000, 0x000000008db00000, 0x000000008dc00000|  0%| F|  |TAMS 0x000000008db00000| PB 0x000000008db00000| Untracked 
| 220|0x000000008dc00000, 0x000000008dc00000, 0x000000008dd00000|  0%| F|  |TAMS 0x000000008dc00000| PB 0x000000008dc00000| Untracked 
| 221|0x000000008dd00000, 0x000000008dd00000, 0x000000008de00000|  0%| F|  |TAMS 0x000000008dd00000| PB 0x000000008dd00000| Untracked 
| 222|0x000000008de00000, 0x000000008de00000, 0x000000008df00000|  0%| F|  |TAMS 0x000000008de00000| PB 0x000000008de00000| Untracked 
| 223|0x000000008df00000, 0x000000008df00000, 0x000000008e000000|  0%| F|  |TAMS 0x000000008df00000| PB 0x000000008df00000| Untracked 
| 224|0x000000008e000000, 0x000000008e000000, 0x000000008e100000|  0%| F|  |TAMS 0x000000008e000000| PB 0x000000008e000000| Untracked 
| 225|0x000000008e100000, 0x000000008e100000, 0x000000008e200000|  0%| F|  |TAMS 0x000000008e100000| PB 0x000000008e100000| Untracked 
| 226|0x000000008e200000, 0x000000008e200000, 0x000000008e300000|  0%| F|  |TAMS 0x000000008e200000| PB 0x000000008e200000| Untracked 
| 227|0x000000008e300000, 0x000000008e300000, 0x000000008e400000|  0%| F|  |TAMS 0x000000008e300000| PB 0x000000008e300000| Untracked 
| 228|0x000000008e400000, 0x000000008e400000, 0x000000008e500000|  0%| F|  |TAMS 0x000000008e400000| PB 0x000000008e400000| Untracked 
| 229|0x000000008e500000, 0x000000008e500000, 0x000000008e600000|  0%| F|  |TAMS 0x000000008e500000| PB 0x000000008e500000| Untracked 
| 230|0x000000008e600000, 0x000000008e600000, 0x000000008e700000|  0%| F|  |TAMS 0x000000008e600000| PB 0x000000008e600000| Untracked 
| 231|0x000000008e700000, 0x000000008e700000, 0x000000008e800000|  0%| F|  |TAMS 0x000000008e700000| PB 0x000000008e700000| Untracked 
| 232|0x000000008e800000, 0x000000008e800000, 0x000000008e900000|  0%| F|  |TAMS 0x000000008e800000| PB 0x000000008e800000| Untracked 
| 233|0x000000008e900000, 0x000000008e900000, 0x000000008ea00000|  0%| F|  |TAMS 0x000000008e900000| PB 0x000000008e900000| Untracked 
| 234|0x000000008ea00000, 0x000000008ea00000, 0x000000008eb00000|  0%| F|  |TAMS 0x000000008ea00000| PB 0x000000008ea00000| Untracked 
| 235|0x000000008eb00000, 0x000000008eb00000, 0x000000008ec00000|  0%| F|  |TAMS 0x000000008eb00000| PB 0x000000008eb00000| Untracked 
| 236|0x000000008ec00000, 0x000000008ec00000, 0x000000008ed00000|  0%| F|  |TAMS 0x000000008ec00000| PB 0x000000008ec00000| Untracked 
| 237|0x000000008ed00000, 0x000000008ed00000, 0x000000008ee00000|  0%| F|  |TAMS 0x000000008ed00000| PB 0x000000008ed00000| Untracked 
| 238|0x000000008ee00000, 0x000000008ee00000, 0x000000008ef00000|  0%| F|  |TAMS 0x000000008ee00000| PB 0x000000008ee00000| Untracked 
| 239|0x000000008ef00000, 0x000000008ef00000, 0x000000008f000000|  0%| F|  |TAMS 0x000000008ef00000| PB 0x000000008ef00000| Untracked 
| 240|0x000000008f000000, 0x000000008f000000, 0x000000008f100000|  0%| F|  |TAMS 0x000000008f000000| PB 0x000000008f000000| Untracked 
| 241|0x000000008f100000, 0x000000008f100000, 0x000000008f200000|  0%| F|  |TAMS 0x000000008f100000| PB 0x000000008f100000| Untracked 
| 242|0x000000008f200000, 0x000000008f200000, 0x000000008f300000|  0%| F|  |TAMS 0x000000008f200000| PB 0x000000008f200000| Untracked 
| 243|0x000000008f300000, 0x000000008f300000, 0x000000008f400000|  0%| F|  |TAMS 0x000000008f300000| PB 0x000000008f300000| Untracked 
| 244|0x000000008f400000, 0x000000008f400000, 0x000000008f500000|  0%| F|  |TAMS 0x000000008f400000| PB 0x000000008f400000| Untracked 
| 245|0x000000008f500000, 0x000000008f500000, 0x000000008f600000|  0%| F|  |TAMS 0x000000008f500000| PB 0x000000008f500000| Untracked 
| 246|0x000000008f600000, 0x000000008f600000, 0x000000008f700000|  0%| F|  |TAMS 0x000000008f600000| PB 0x000000008f600000| Untracked 
| 247|0x000000008f700000, 0x000000008f700000, 0x000000008f800000|  0%| F|  |TAMS 0x000000008f700000| PB 0x000000008f700000| Untracked 
| 248|0x000000008f800000, 0x000000008f800000, 0x000000008f900000|  0%| F|  |TAMS 0x000000008f800000| PB 0x000000008f800000| Untracked 
| 249|0x000000008f900000, 0x000000008f900000, 0x000000008fa00000|  0%| F|  |TAMS 0x000000008f900000| PB 0x000000008f900000| Untracked 
| 250|0x000000008fa00000, 0x000000008fa00000, 0x000000008fb00000|  0%| F|  |TAMS 0x000000008fa00000| PB 0x000000008fa00000| Untracked 
| 251|0x000000008fb00000, 0x000000008fb00000, 0x000000008fc00000|  0%| F|  |TAMS 0x000000008fb00000| PB 0x000000008fb00000| Untracked 
| 252|0x000000008fc00000, 0x000000008fc00000, 0x000000008fd00000|  0%| F|  |TAMS 0x000000008fc00000| PB 0x000000008fc00000| Untracked 
| 253|0x000000008fd00000, 0x000000008fd00000, 0x000000008fe00000|  0%| F|  |TAMS 0x000000008fd00000| PB 0x000000008fd00000| Untracked 
| 254|0x000000008fe00000, 0x000000008fe00000, 0x000000008ff00000|  0%| F|  |TAMS 0x000000008fe00000| PB 0x000000008fe00000| Untracked 
| 255|0x000000008ff00000, 0x000000008ff00000, 0x0000000090000000|  0%| F|  |TAMS 0x000000008ff00000| PB 0x000000008ff00000| Untracked 
| 256|0x0000000090000000, 0x0000000090000000, 0x0000000090100000|  0%| F|  |TAMS 0x0000000090000000| PB 0x0000000090000000| Untracked 
| 257|0x0000000090100000, 0x0000000090100000, 0x0000000090200000|  0%| F|  |TAMS 0x0000000090100000| PB 0x0000000090100000| Untracked 
| 258|0x0000000090200000, 0x0000000090200000, 0x0000000090300000|  0%| F|  |TAMS 0x0000000090200000| PB 0x0000000090200000| Untracked 
| 259|0x0000000090300000, 0x0000000090300000, 0x0000000090400000|  0%| F|  |TAMS 0x0000000090300000| PB 0x0000000090300000| Untracked 
| 260|0x0000000090400000, 0x0000000090400000, 0x0000000090500000|  0%| F|  |TAMS 0x0000000090400000| PB 0x0000000090400000| Untracked 
| 261|0x0000000090500000, 0x0000000090500000, 0x0000000090600000|  0%| F|  |TAMS 0x0000000090500000| PB 0x0000000090500000| Untracked 
| 262|0x0000000090600000, 0x0000000090600000, 0x0000000090700000|  0%| F|  |TAMS 0x0000000090600000| PB 0x0000000090600000| Untracked 
| 263|0x0000000090700000, 0x0000000090700000, 0x0000000090800000|  0%| F|  |TAMS 0x0000000090700000| PB 0x0000000090700000| Untracked 
| 264|0x0000000090800000, 0x0000000090800000, 0x0000000090900000|  0%| F|  |TAMS 0x0000000090800000| PB 0x0000000090800000| Untracked 
| 265|0x0000000090900000, 0x0000000090900000, 0x0000000090a00000|  0%| F|  |TAMS 0x0000000090900000| PB 0x0000000090900000| Untracked 
| 266|0x0000000090a00000, 0x0000000090a00000, 0x0000000090b00000|  0%| F|  |TAMS 0x0000000090a00000| PB 0x0000000090a00000| Untracked 
| 267|0x0000000090b00000, 0x0000000090b00000, 0x0000000090c00000|  0%| F|  |TAMS 0x0000000090b00000| PB 0x0000000090b00000| Untracked 
| 268|0x0000000090c00000, 0x0000000090c00000, 0x0000000090d00000|  0%| F|  |TAMS 0x0000000090c00000| PB 0x0000000090c00000| Untracked 
| 269|0x0000000090d00000, 0x0000000090d00000, 0x0000000090e00000|  0%| F|  |TAMS 0x0000000090d00000| PB 0x0000000090d00000| Untracked 
| 270|0x0000000090e00000, 0x0000000090e00000, 0x0000000090f00000|  0%| F|  |TAMS 0x0000000090e00000| PB 0x0000000090e00000| Untracked 
| 271|0x0000000090f00000, 0x0000000090f00000, 0x0000000091000000|  0%| F|  |TAMS 0x0000000090f00000| PB 0x0000000090f00000| Untracked 
| 272|0x0000000091000000, 0x0000000091000000, 0x0000000091100000|  0%| F|  |TAMS 0x0000000091000000| PB 0x0000000091000000| Untracked 
| 273|0x0000000091100000, 0x0000000091100000, 0x0000000091200000|  0%| F|  |TAMS 0x0000000091100000| PB 0x0000000091100000| Untracked 
| 274|0x0000000091200000, 0x0000000091200000, 0x0000000091300000|  0%| F|  |TAMS 0x0000000091200000| PB 0x0000000091200000| Untracked 
| 275|0x0000000091300000, 0x0000000091300000, 0x0000000091400000|  0%| F|  |TAMS 0x0000000091300000| PB 0x0000000091300000| Untracked 
| 276|0x0000000091400000, 0x0000000091400000, 0x0000000091500000|  0%| F|  |TAMS 0x0000000091400000| PB 0x0000000091400000| Untracked 
| 277|0x0000000091500000, 0x0000000091500000, 0x0000000091600000|  0%| F|  |TAMS 0x0000000091500000| PB 0x0000000091500000| Untracked 
| 278|0x0000000091600000, 0x0000000091600000, 0x0000000091700000|  0%| F|  |TAMS 0x0000000091600000| PB 0x0000000091600000| Untracked 
| 279|0x0000000091700000, 0x0000000091700000, 0x0000000091800000|  0%| F|  |TAMS 0x0000000091700000| PB 0x0000000091700000| Untracked 
| 280|0x0000000091800000, 0x0000000091800000, 0x0000000091900000|  0%| F|  |TAMS 0x0000000091800000| PB 0x0000000091800000| Untracked 
| 281|0x0000000091900000, 0x0000000091900000, 0x0000000091a00000|  0%| F|  |TAMS 0x0000000091900000| PB 0x0000000091900000| Untracked 
| 282|0x0000000091a00000, 0x0000000091a00000, 0x0000000091b00000|  0%| F|  |TAMS 0x0000000091a00000| PB 0x0000000091a00000| Untracked 
| 283|0x0000000091b00000, 0x0000000091b00000, 0x0000000091c00000|  0%| F|  |TAMS 0x0000000091b00000| PB 0x0000000091b00000| Untracked 
| 284|0x0000000091c00000, 0x0000000091c00000, 0x0000000091d00000|  0%| F|  |TAMS 0x0000000091c00000| PB 0x0000000091c00000| Untracked 
| 285|0x0000000091d00000, 0x0000000091d00000, 0x0000000091e00000|  0%| F|  |TAMS 0x0000000091d00000| PB 0x0000000091d00000| Untracked 
| 286|0x0000000091e00000, 0x0000000091e00000, 0x0000000091f00000|  0%| F|  |TAMS 0x0000000091e00000| PB 0x0000000091e00000| Untracked 
| 287|0x0000000091f00000, 0x0000000091f00000, 0x0000000092000000|  0%| F|  |TAMS 0x0000000091f00000| PB 0x0000000091f00000| Untracked 
| 288|0x0000000092000000, 0x0000000092000000, 0x0000000092100000|  0%| F|  |TAMS 0x0000000092000000| PB 0x0000000092000000| Untracked 
| 289|0x0000000092100000, 0x0000000092100000, 0x0000000092200000|  0%| F|  |TAMS 0x0000000092100000| PB 0x0000000092100000| Untracked 
| 290|0x0000000092200000, 0x0000000092200000, 0x0000000092300000|  0%| F|  |TAMS 0x0000000092200000| PB 0x0000000092200000| Untracked 
| 291|0x0000000092300000, 0x0000000092300000, 0x0000000092400000|  0%| F|  |TAMS 0x0000000092300000| PB 0x0000000092300000| Untracked 
| 292|0x0000000092400000, 0x0000000092400000, 0x0000000092500000|  0%| F|  |TAMS 0x0000000092400000| PB 0x0000000092400000| Untracked 
| 293|0x0000000092500000, 0x0000000092500000, 0x0000000092600000|  0%| F|  |TAMS 0x0000000092500000| PB 0x0000000092500000| Untracked 
| 294|0x0000000092600000, 0x0000000092600000, 0x0000000092700000|  0%| F|  |TAMS 0x0000000092600000| PB 0x0000000092600000| Untracked 
| 295|0x0000000092700000, 0x0000000092700000, 0x0000000092800000|  0%| F|  |TAMS 0x0000000092700000| PB 0x0000000092700000| Untracked 
| 296|0x0000000092800000, 0x0000000092800000, 0x0000000092900000|  0%| F|  |TAMS 0x0000000092800000| PB 0x0000000092800000| Untracked 
| 297|0x0000000092900000, 0x0000000092900000, 0x0000000092a00000|  0%| F|  |TAMS 0x0000000092900000| PB 0x0000000092900000| Untracked 
| 298|0x0000000092a00000, 0x0000000092a00000, 0x0000000092b00000|  0%| F|  |TAMS 0x0000000092a00000| PB 0x0000000092a00000| Untracked 
| 299|0x0000000092b00000, 0x0000000092b00000, 0x0000000092c00000|  0%| F|  |TAMS 0x0000000092b00000| PB 0x0000000092b00000| Untracked 
| 300|0x0000000092c00000, 0x0000000092c00000, 0x0000000092d00000|  0%| F|  |TAMS 0x0000000092c00000| PB 0x0000000092c00000| Untracked 
| 301|0x0000000092d00000, 0x0000000092d00000, 0x0000000092e00000|  0%| F|  |TAMS 0x0000000092d00000| PB 0x0000000092d00000| Untracked 
| 302|0x0000000092e00000, 0x0000000092e00000, 0x0000000092f00000|  0%| F|  |TAMS 0x0000000092e00000| PB 0x0000000092e00000| Untracked 
| 303|0x0000000092f00000, 0x0000000092f00000, 0x0000000093000000|  0%| F|  |TAMS 0x0000000092f00000| PB 0x0000000092f00000| Untracked 
| 304|0x0000000093000000, 0x0000000093000000, 0x0000000093100000|  0%| F|  |TAMS 0x0000000093000000| PB 0x0000000093000000| Untracked 
| 305|0x0000000093100000, 0x0000000093100000, 0x0000000093200000|  0%| F|  |TAMS 0x0000000093100000| PB 0x0000000093100000| Untracked 
| 306|0x0000000093200000, 0x0000000093200000, 0x0000000093300000|  0%| F|  |TAMS 0x0000000093200000| PB 0x0000000093200000| Untracked 
| 307|0x0000000093300000, 0x0000000093300000, 0x0000000093400000|  0%| F|  |TAMS 0x0000000093300000| PB 0x0000000093300000| Untracked 
| 308|0x0000000093400000, 0x0000000093400000, 0x0000000093500000|  0%| F|  |TAMS 0x0000000093400000| PB 0x0000000093400000| Untracked 
| 309|0x0000000093500000, 0x0000000093500000, 0x0000000093600000|  0%| F|  |TAMS 0x0000000093500000| PB 0x0000000093500000| Untracked 
| 310|0x0000000093600000, 0x0000000093600000, 0x0000000093700000|  0%| F|  |TAMS 0x0000000093600000| PB 0x0000000093600000| Untracked 
| 311|0x0000000093700000, 0x0000000093700000, 0x0000000093800000|  0%| F|  |TAMS 0x0000000093700000| PB 0x0000000093700000| Untracked 
| 312|0x0000000093800000, 0x0000000093800000, 0x0000000093900000|  0%| F|  |TAMS 0x0000000093800000| PB 0x0000000093800000| Untracked 
| 313|0x0000000093900000, 0x0000000093900000, 0x0000000093a00000|  0%| F|  |TAMS 0x0000000093900000| PB 0x0000000093900000| Untracked 
| 314|0x0000000093a00000, 0x0000000093a00000, 0x0000000093b00000|  0%| F|  |TAMS 0x0000000093a00000| PB 0x0000000093a00000| Untracked 
| 315|0x0000000093b00000, 0x0000000093b00000, 0x0000000093c00000|  0%| F|  |TAMS 0x0000000093b00000| PB 0x0000000093b00000| Untracked 
| 316|0x0000000093c00000, 0x0000000093c00000, 0x0000000093d00000|  0%| F|  |TAMS 0x0000000093c00000| PB 0x0000000093c00000| Untracked 
| 317|0x0000000093d00000, 0x0000000093d00000, 0x0000000093e00000|  0%| F|  |TAMS 0x0000000093d00000| PB 0x0000000093d00000| Untracked 
| 318|0x0000000093e00000, 0x0000000093e00000, 0x0000000093f00000|  0%| F|  |TAMS 0x0000000093e00000| PB 0x0000000093e00000| Untracked 
| 319|0x0000000093f00000, 0x0000000093f00000, 0x0000000094000000|  0%| F|  |TAMS 0x0000000093f00000| PB 0x0000000093f00000| Untracked 
| 320|0x0000000094000000, 0x0000000094000000, 0x0000000094100000|  0%| F|  |TAMS 0x0000000094000000| PB 0x0000000094000000| Untracked 
| 321|0x0000000094100000, 0x0000000094100000, 0x0000000094200000|  0%| F|  |TAMS 0x0000000094100000| PB 0x0000000094100000| Untracked 
| 322|0x0000000094200000, 0x0000000094200000, 0x0000000094300000|  0%| F|  |TAMS 0x0000000094200000| PB 0x0000000094200000| Untracked 
| 323|0x0000000094300000, 0x0000000094300000, 0x0000000094400000|  0%| F|  |TAMS 0x0000000094300000| PB 0x0000000094300000| Untracked 
| 324|0x0000000094400000, 0x0000000094400000, 0x0000000094500000|  0%| F|  |TAMS 0x0000000094400000| PB 0x0000000094400000| Untracked 
| 325|0x0000000094500000, 0x0000000094500000, 0x0000000094600000|  0%| F|  |TAMS 0x0000000094500000| PB 0x0000000094500000| Untracked 
| 326|0x0000000094600000, 0x0000000094600000, 0x0000000094700000|  0%| F|  |TAMS 0x0000000094600000| PB 0x0000000094600000| Untracked 
| 327|0x0000000094700000, 0x0000000094700000, 0x0000000094800000|  0%| F|  |TAMS 0x0000000094700000| PB 0x0000000094700000| Untracked 
| 328|0x0000000094800000, 0x0000000094800000, 0x0000000094900000|  0%| F|  |TAMS 0x0000000094800000| PB 0x0000000094800000| Untracked 
| 329|0x0000000094900000, 0x0000000094900000, 0x0000000094a00000|  0%| F|  |TAMS 0x0000000094900000| PB 0x0000000094900000| Untracked 
| 330|0x0000000094a00000, 0x0000000094a00000, 0x0000000094b00000|  0%| F|  |TAMS 0x0000000094a00000| PB 0x0000000094a00000| Untracked 
| 331|0x0000000094b00000, 0x0000000094b00000, 0x0000000094c00000|  0%| F|  |TAMS 0x0000000094b00000| PB 0x0000000094b00000| Untracked 
| 332|0x0000000094c00000, 0x0000000094c00000, 0x0000000094d00000|  0%| F|  |TAMS 0x0000000094c00000| PB 0x0000000094c00000| Untracked 
| 333|0x0000000094d00000, 0x0000000094d00000, 0x0000000094e00000|  0%| F|  |TAMS 0x0000000094d00000| PB 0x0000000094d00000| Untracked 
| 334|0x0000000094e00000, 0x0000000094e00000, 0x0000000094f00000|  0%| F|  |TAMS 0x0000000094e00000| PB 0x0000000094e00000| Untracked 
| 335|0x0000000094f00000, 0x0000000094f00000, 0x0000000095000000|  0%| F|  |TAMS 0x0000000094f00000| PB 0x0000000094f00000| Untracked 
| 336|0x0000000095000000, 0x0000000095000000, 0x0000000095100000|  0%| F|  |TAMS 0x0000000095000000| PB 0x0000000095000000| Untracked 
| 337|0x0000000095100000, 0x0000000095100000, 0x0000000095200000|  0%| F|  |TAMS 0x0000000095100000| PB 0x0000000095100000| Untracked 
| 338|0x0000000095200000, 0x0000000095200000, 0x0000000095300000|  0%| F|  |TAMS 0x0000000095200000| PB 0x0000000095200000| Untracked 
| 339|0x0000000095300000, 0x0000000095300000, 0x0000000095400000|  0%| F|  |TAMS 0x0000000095300000| PB 0x0000000095300000| Untracked 
| 340|0x0000000095400000, 0x0000000095400000, 0x0000000095500000|  0%| F|  |TAMS 0x0000000095400000| PB 0x0000000095400000| Untracked 
| 341|0x0000000095500000, 0x0000000095500000, 0x0000000095600000|  0%| F|  |TAMS 0x0000000095500000| PB 0x0000000095500000| Untracked 
| 342|0x0000000095600000, 0x0000000095600000, 0x0000000095700000|  0%| F|  |TAMS 0x0000000095600000| PB 0x0000000095600000| Untracked 
| 343|0x0000000095700000, 0x0000000095700000, 0x0000000095800000|  0%| F|  |TAMS 0x0000000095700000| PB 0x0000000095700000| Untracked 
| 344|0x0000000095800000, 0x0000000095800000, 0x0000000095900000|  0%| F|  |TAMS 0x0000000095800000| PB 0x0000000095800000| Untracked 
| 345|0x0000000095900000, 0x0000000095900000, 0x0000000095a00000|  0%| F|  |TAMS 0x0000000095900000| PB 0x0000000095900000| Untracked 
| 346|0x0000000095a00000, 0x0000000095a00000, 0x0000000095b00000|  0%| F|  |TAMS 0x0000000095a00000| PB 0x0000000095a00000| Untracked 
| 347|0x0000000095b00000, 0x0000000095b00000, 0x0000000095c00000|  0%| F|  |TAMS 0x0000000095b00000| PB 0x0000000095b00000| Untracked 
| 348|0x0000000095c00000, 0x0000000095c00000, 0x0000000095d00000|  0%| F|  |TAMS 0x0000000095c00000| PB 0x0000000095c00000| Untracked 
| 349|0x0000000095d00000, 0x0000000095d00000, 0x0000000095e00000|  0%| F|  |TAMS 0x0000000095d00000| PB 0x0000000095d00000| Untracked 
| 350|0x0000000095e00000, 0x0000000095e00000, 0x0000000095f00000|  0%| F|  |TAMS 0x0000000095e00000| PB 0x0000000095e00000| Untracked 
| 351|0x0000000095f00000, 0x0000000095f00000, 0x0000000096000000|  0%| F|  |TAMS 0x0000000095f00000| PB 0x0000000095f00000| Untracked 
| 352|0x0000000096000000, 0x0000000096000000, 0x0000000096100000|  0%| F|  |TAMS 0x0000000096000000| PB 0x0000000096000000| Untracked 
| 353|0x0000000096100000, 0x0000000096100000, 0x0000000096200000|  0%| F|  |TAMS 0x0000000096100000| PB 0x0000000096100000| Untracked 
| 354|0x0000000096200000, 0x0000000096200000, 0x0000000096300000|  0%| F|  |TAMS 0x0000000096200000| PB 0x0000000096200000| Untracked 
| 355|0x0000000096300000, 0x0000000096300000, 0x0000000096400000|  0%| F|  |TAMS 0x0000000096300000| PB 0x0000000096300000| Untracked 
| 356|0x0000000096400000, 0x0000000096400000, 0x0000000096500000|  0%| F|  |TAMS 0x0000000096400000| PB 0x0000000096400000| Untracked 
| 357|0x0000000096500000, 0x0000000096500000, 0x0000000096600000|  0%| F|  |TAMS 0x0000000096500000| PB 0x0000000096500000| Untracked 
| 358|0x0000000096600000, 0x0000000096600000, 0x0000000096700000|  0%| F|  |TAMS 0x0000000096600000| PB 0x0000000096600000| Untracked 
| 359|0x0000000096700000, 0x0000000096700000, 0x0000000096800000|  0%| F|  |TAMS 0x0000000096700000| PB 0x0000000096700000| Untracked 
| 360|0x0000000096800000, 0x0000000096800000, 0x0000000096900000|  0%| F|  |TAMS 0x0000000096800000| PB 0x0000000096800000| Untracked 
| 361|0x0000000096900000, 0x0000000096900000, 0x0000000096a00000|  0%| F|  |TAMS 0x0000000096900000| PB 0x0000000096900000| Untracked 
| 362|0x0000000096a00000, 0x0000000096a00000, 0x0000000096b00000|  0%| F|  |TAMS 0x0000000096a00000| PB 0x0000000096a00000| Untracked 
| 363|0x0000000096b00000, 0x0000000096b00000, 0x0000000096c00000|  0%| F|  |TAMS 0x0000000096b00000| PB 0x0000000096b00000| Untracked 
| 364|0x0000000096c00000, 0x0000000096c00000, 0x0000000096d00000|  0%| F|  |TAMS 0x0000000096c00000| PB 0x0000000096c00000| Untracked 
| 365|0x0000000096d00000, 0x0000000096d00000, 0x0000000096e00000|  0%| F|  |TAMS 0x0000000096d00000| PB 0x0000000096d00000| Untracked 
| 366|0x0000000096e00000, 0x0000000096e00000, 0x0000000096f00000|  0%| F|  |TAMS 0x0000000096e00000| PB 0x0000000096e00000| Untracked 
| 367|0x0000000096f00000, 0x0000000096f573d8, 0x0000000097000000| 34%| S|CS|TAMS 0x0000000096f00000| PB 0x0000000096f00000| Complete 
| 368|0x0000000097000000, 0x0000000097100000, 0x0000000097100000|100%| S|CS|TAMS 0x0000000097000000| PB 0x0000000097000000| Complete 
| 369|0x0000000097100000, 0x0000000097200000, 0x0000000097200000|100%| S|CS|TAMS 0x0000000097100000| PB 0x0000000097100000| Complete 
| 370|0x0000000097200000, 0x0000000097300000, 0x0000000097300000|100%| S|CS|TAMS 0x0000000097200000| PB 0x0000000097200000| Complete 
| 371|0x0000000097300000, 0x0000000097400000, 0x0000000097400000|100%| S|CS|TAMS 0x0000000097300000| PB 0x0000000097300000| Complete 
| 372|0x0000000097400000, 0x0000000097500000, 0x0000000097500000|100%| S|CS|TAMS 0x0000000097400000| PB 0x0000000097400000| Complete 
| 373|0x0000000097500000, 0x0000000097600000, 0x0000000097600000|100%| S|CS|TAMS 0x0000000097500000| PB 0x0000000097500000| Complete 
| 374|0x0000000097600000, 0x0000000097700000, 0x0000000097700000|100%| S|CS|TAMS 0x0000000097600000| PB 0x0000000097600000| Complete 
| 375|0x0000000097700000, 0x0000000097800000, 0x0000000097800000|100%| S|CS|TAMS 0x0000000097700000| PB 0x0000000097700000| Complete 
| 376|0x0000000097800000, 0x0000000097900000, 0x0000000097900000|100%| S|CS|TAMS 0x0000000097800000| PB 0x0000000097800000| Complete 
| 377|0x0000000097900000, 0x0000000097a00000, 0x0000000097a00000|100%| S|CS|TAMS 0x0000000097900000| PB 0x0000000097900000| Complete 
| 378|0x0000000097a00000, 0x0000000097b00000, 0x0000000097b00000|100%| S|CS|TAMS 0x0000000097a00000| PB 0x0000000097a00000| Complete 
| 379|0x0000000097b00000, 0x0000000097c00000, 0x0000000097c00000|100%| S|CS|TAMS 0x0000000097b00000| PB 0x0000000097b00000| Complete 
| 380|0x0000000097c00000, 0x0000000097d00000, 0x0000000097d00000|100%| S|CS|TAMS 0x0000000097c00000| PB 0x0000000097c00000| Complete 
| 381|0x0000000097d00000, 0x0000000097e00000, 0x0000000097e00000|100%| S|CS|TAMS 0x0000000097d00000| PB 0x0000000097d00000| Complete 
| 382|0x0000000097e00000, 0x0000000097f00000, 0x0000000097f00000|100%| S|CS|TAMS 0x0000000097e00000| PB 0x0000000097e00000| Complete 
| 383|0x0000000097f00000, 0x0000000098000000, 0x0000000098000000|100%| S|CS|TAMS 0x0000000097f00000| PB 0x0000000097f00000| Complete 
| 384|0x0000000098000000, 0x0000000098100000, 0x0000000098100000|100%| S|CS|TAMS 0x0000000098000000| PB 0x0000000098000000| Complete 
| 385|0x0000000098100000, 0x0000000098200000, 0x0000000098200000|100%| S|CS|TAMS 0x0000000098100000| PB 0x0000000098100000| Complete 
| 386|0x0000000098200000, 0x0000000098300000, 0x0000000098300000|100%| S|CS|TAMS 0x0000000098200000| PB 0x0000000098200000| Complete 
| 387|0x0000000098300000, 0x0000000098400000, 0x0000000098400000|100%| S|CS|TAMS 0x0000000098300000| PB 0x0000000098300000| Complete 
| 388|0x0000000098400000, 0x0000000098500000, 0x0000000098500000|100%| S|CS|TAMS 0x0000000098400000| PB 0x0000000098400000| Complete 
| 389|0x0000000098500000, 0x0000000098600000, 0x0000000098600000|100%| S|CS|TAMS 0x0000000098500000| PB 0x0000000098500000| Complete 
| 390|0x0000000098600000, 0x0000000098700000, 0x0000000098700000|100%| S|CS|TAMS 0x0000000098600000| PB 0x0000000098600000| Complete 
| 391|0x0000000098700000, 0x0000000098800000, 0x0000000098800000|100%| S|CS|TAMS 0x0000000098700000| PB 0x0000000098700000| Complete 
| 392|0x0000000098800000, 0x0000000098900000, 0x0000000098900000|100%| S|CS|TAMS 0x0000000098800000| PB 0x0000000098800000| Complete 
| 393|0x0000000098900000, 0x0000000098a00000, 0x0000000098a00000|100%| S|CS|TAMS 0x0000000098900000| PB 0x0000000098900000| Complete 
| 394|0x0000000098a00000, 0x0000000098b00000, 0x0000000098b00000|100%| S|CS|TAMS 0x0000000098a00000| PB 0x0000000098a00000| Complete 
| 395|0x0000000098b00000, 0x0000000098c00000, 0x0000000098c00000|100%| S|CS|TAMS 0x0000000098b00000| PB 0x0000000098b00000| Complete 
| 396|0x0000000098c00000, 0x0000000098d00000, 0x0000000098d00000|100%| S|CS|TAMS 0x0000000098c00000| PB 0x0000000098c00000| Complete 
| 397|0x0000000098d00000, 0x0000000098e00000, 0x0000000098e00000|100%| E|CS|TAMS 0x0000000098d00000| PB 0x0000000098d00000| Complete 
| 398|0x0000000098e00000, 0x0000000098f00000, 0x0000000098f00000|100%| E|CS|TAMS 0x0000000098e00000| PB 0x0000000098e00000| Complete 
| 399|0x0000000098f00000, 0x0000000099000000, 0x0000000099000000|100%| S|CS|TAMS 0x0000000098f00000| PB 0x0000000098f00000| Complete 
| 400|0x0000000099000000, 0x0000000099100000, 0x0000000099100000|100%| S|CS|TAMS 0x0000000099000000| PB 0x0000000099000000| Complete 
| 401|0x0000000099100000, 0x0000000099200000, 0x0000000099200000|100%| S|CS|TAMS 0x0000000099100000| PB 0x0000000099100000| Complete 
| 402|0x0000000099200000, 0x0000000099300000, 0x0000000099300000|100%| S|CS|TAMS 0x0000000099200000| PB 0x0000000099200000| Complete 
| 403|0x0000000099300000, 0x0000000099400000, 0x0000000099400000|100%| E|CS|TAMS 0x0000000099300000| PB 0x0000000099300000| Complete 
| 404|0x0000000099400000, 0x0000000099500000, 0x0000000099500000|100%| E|CS|TAMS 0x0000000099400000| PB 0x0000000099400000| Complete 
| 405|0x0000000099500000, 0x0000000099600000, 0x0000000099600000|100%| E|CS|TAMS 0x0000000099500000| PB 0x0000000099500000| Complete 
| 406|0x0000000099600000, 0x0000000099700000, 0x0000000099700000|100%| E|CS|TAMS 0x0000000099600000| PB 0x0000000099600000| Complete 
| 407|0x0000000099700000, 0x0000000099800000, 0x0000000099800000|100%| E|CS|TAMS 0x0000000099700000| PB 0x0000000099700000| Complete 
| 408|0x0000000099800000, 0x0000000099900000, 0x0000000099900000|100%| E|CS|TAMS 0x0000000099800000| PB 0x0000000099800000| Complete 
| 409|0x0000000099900000, 0x0000000099a00000, 0x0000000099a00000|100%| E|CS|TAMS 0x0000000099900000| PB 0x0000000099900000| Complete 
| 410|0x0000000099a00000, 0x0000000099b00000, 0x0000000099b00000|100%| E|CS|TAMS 0x0000000099a00000| PB 0x0000000099a00000| Complete 
| 411|0x0000000099b00000, 0x0000000099c00000, 0x0000000099c00000|100%| E|CS|TAMS 0x0000000099b00000| PB 0x0000000099b00000| Complete 
| 412|0x0000000099c00000, 0x0000000099d00000, 0x0000000099d00000|100%| E|CS|TAMS 0x0000000099c00000| PB 0x0000000099c00000| Complete 
| 413|0x0000000099d00000, 0x0000000099e00000, 0x0000000099e00000|100%| E|CS|TAMS 0x0000000099d00000| PB 0x0000000099d00000| Complete 
| 414|0x0000000099e00000, 0x0000000099f00000, 0x0000000099f00000|100%| E|CS|TAMS 0x0000000099e00000| PB 0x0000000099e00000| Complete 
| 415|0x0000000099f00000, 0x000000009a000000, 0x000000009a000000|100%| E|CS|TAMS 0x0000000099f00000| PB 0x0000000099f00000| Complete 
| 416|0x000000009a000000, 0x000000009a100000, 0x000000009a100000|100%| E|CS|TAMS 0x000000009a000000| PB 0x000000009a000000| Complete 
| 417|0x000000009a100000, 0x000000009a200000, 0x000000009a200000|100%| E|CS|TAMS 0x000000009a100000| PB 0x000000009a100000| Complete 
| 418|0x000000009a200000, 0x000000009a300000, 0x000000009a300000|100%| E|CS|TAMS 0x000000009a200000| PB 0x000000009a200000| Complete 
| 419|0x000000009a300000, 0x000000009a400000, 0x000000009a400000|100%| E|CS|TAMS 0x000000009a300000| PB 0x000000009a300000| Complete 
| 420|0x000000009a400000, 0x000000009a500000, 0x000000009a500000|100%| E|CS|TAMS 0x000000009a400000| PB 0x000000009a400000| Complete 
| 421|0x000000009a500000, 0x000000009a600000, 0x000000009a600000|100%| E|CS|TAMS 0x000000009a500000| PB 0x000000009a500000| Complete 
| 422|0x000000009a600000, 0x000000009a700000, 0x000000009a700000|100%| E|CS|TAMS 0x000000009a600000| PB 0x000000009a600000| Complete 
| 423|0x000000009a700000, 0x000000009a800000, 0x000000009a800000|100%| E|CS|TAMS 0x000000009a700000| PB 0x000000009a700000| Complete 
| 424|0x000000009a800000, 0x000000009a900000, 0x000000009a900000|100%| E|CS|TAMS 0x000000009a800000| PB 0x000000009a800000| Complete 
| 425|0x000000009a900000, 0x000000009aa00000, 0x000000009aa00000|100%| E|CS|TAMS 0x000000009a900000| PB 0x000000009a900000| Complete 
| 426|0x000000009aa00000, 0x000000009ab00000, 0x000000009ab00000|100%| E|CS|TAMS 0x000000009aa00000| PB 0x000000009aa00000| Complete 
| 427|0x000000009ab00000, 0x000000009ac00000, 0x000000009ac00000|100%| E|CS|TAMS 0x000000009ab00000| PB 0x000000009ab00000| Complete 
| 428|0x000000009ac00000, 0x000000009ad00000, 0x000000009ad00000|100%| E|CS|TAMS 0x000000009ac00000| PB 0x000000009ac00000| Complete 
| 429|0x000000009ad00000, 0x000000009ae00000, 0x000000009ae00000|100%| E|CS|TAMS 0x000000009ad00000| PB 0x000000009ad00000| Complete 
| 430|0x000000009ae00000, 0x000000009af00000, 0x000000009af00000|100%| E|CS|TAMS 0x000000009ae00000| PB 0x000000009ae00000| Complete 
| 431|0x000000009af00000, 0x000000009b000000, 0x000000009b000000|100%| E|CS|TAMS 0x000000009af00000| PB 0x000000009af00000| Complete 
| 432|0x000000009b000000, 0x000000009b100000, 0x000000009b100000|100%| E|CS|TAMS 0x000000009b000000| PB 0x000000009b000000| Complete 
| 433|0x000000009b100000, 0x000000009b200000, 0x000000009b200000|100%| E|CS|TAMS 0x000000009b100000| PB 0x000000009b100000| Complete 
| 434|0x000000009b200000, 0x000000009b300000, 0x000000009b300000|100%| E|CS|TAMS 0x000000009b200000| PB 0x000000009b200000| Complete 
| 435|0x000000009b300000, 0x000000009b400000, 0x000000009b400000|100%| E|CS|TAMS 0x000000009b300000| PB 0x000000009b300000| Complete 
| 436|0x000000009b400000, 0x000000009b500000, 0x000000009b500000|100%| E|CS|TAMS 0x000000009b400000| PB 0x000000009b400000| Complete 
| 437|0x000000009b500000, 0x000000009b600000, 0x000000009b600000|100%| E|CS|TAMS 0x000000009b500000| PB 0x000000009b500000| Complete 
| 438|0x000000009b600000, 0x000000009b700000, 0x000000009b700000|100%| E|CS|TAMS 0x000000009b600000| PB 0x000000009b600000| Complete 
| 439|0x000000009b700000, 0x000000009b800000, 0x000000009b800000|100%| E|CS|TAMS 0x000000009b700000| PB 0x000000009b700000| Complete 
| 440|0x000000009b800000, 0x000000009b900000, 0x000000009b900000|100%| E|CS|TAMS 0x000000009b800000| PB 0x000000009b800000| Complete 
| 441|0x000000009b900000, 0x000000009ba00000, 0x000000009ba00000|100%| E|CS|TAMS 0x000000009b900000| PB 0x000000009b900000| Complete 
| 442|0x000000009ba00000, 0x000000009bb00000, 0x000000009bb00000|100%| E|CS|TAMS 0x000000009ba00000| PB 0x000000009ba00000| Complete 
| 443|0x000000009bb00000, 0x000000009bc00000, 0x000000009bc00000|100%| E|CS|TAMS 0x000000009bb00000| PB 0x000000009bb00000| Complete 
| 444|0x000000009bc00000, 0x000000009bd00000, 0x000000009bd00000|100%| E|CS|TAMS 0x000000009bc00000| PB 0x000000009bc00000| Complete 
| 445|0x000000009bd00000, 0x000000009be00000, 0x000000009be00000|100%| E|CS|TAMS 0x000000009bd00000| PB 0x000000009bd00000| Complete 
| 446|0x000000009be00000, 0x000000009bf00000, 0x000000009bf00000|100%| E|CS|TAMS 0x000000009be00000| PB 0x000000009be00000| Complete 
| 447|0x000000009bf00000, 0x000000009c000000, 0x000000009c000000|100%| E|CS|TAMS 0x000000009bf00000| PB 0x000000009bf00000| Complete 
| 448|0x000000009c000000, 0x000000009c100000, 0x000000009c100000|100%| E|CS|TAMS 0x000000009c000000| PB 0x000000009c000000| Complete 
| 449|0x000000009c100000, 0x000000009c200000, 0x000000009c200000|100%| E|CS|TAMS 0x000000009c100000| PB 0x000000009c100000| Complete 
| 450|0x000000009c200000, 0x000000009c300000, 0x000000009c300000|100%| E|CS|TAMS 0x000000009c200000| PB 0x000000009c200000| Complete 
| 451|0x000000009c300000, 0x000000009c400000, 0x000000009c400000|100%| E|CS|TAMS 0x000000009c300000| PB 0x000000009c300000| Complete 
| 452|0x000000009c400000, 0x000000009c500000, 0x000000009c500000|100%| E|CS|TAMS 0x000000009c400000| PB 0x000000009c400000| Complete 
| 453|0x000000009c500000, 0x000000009c600000, 0x000000009c600000|100%| E|CS|TAMS 0x000000009c500000| PB 0x000000009c500000| Complete 
| 454|0x000000009c600000, 0x000000009c700000, 0x000000009c700000|100%| E|CS|TAMS 0x000000009c600000| PB 0x000000009c600000| Complete 
| 455|0x000000009c700000, 0x000000009c800000, 0x000000009c800000|100%| E|CS|TAMS 0x000000009c700000| PB 0x000000009c700000| Complete 
| 456|0x000000009c800000, 0x000000009c900000, 0x000000009c900000|100%| E|CS|TAMS 0x000000009c800000| PB 0x000000009c800000| Complete 
| 457|0x000000009c900000, 0x000000009ca00000, 0x000000009ca00000|100%| E|CS|TAMS 0x000000009c900000| PB 0x000000009c900000| Complete 
| 458|0x000000009ca00000, 0x000000009cb00000, 0x000000009cb00000|100%| E|CS|TAMS 0x000000009ca00000| PB 0x000000009ca00000| Complete 
| 459|0x000000009cb00000, 0x000000009cc00000, 0x000000009cc00000|100%| E|CS|TAMS 0x000000009cb00000| PB 0x000000009cb00000| Complete 
| 460|0x000000009cc00000, 0x000000009cd00000, 0x000000009cd00000|100%| E|CS|TAMS 0x000000009cc00000| PB 0x000000009cc00000| Complete 
| 461|0x000000009cd00000, 0x000000009ce00000, 0x000000009ce00000|100%| E|CS|TAMS 0x000000009cd00000| PB 0x000000009cd00000| Complete 
| 462|0x000000009ce00000, 0x000000009cf00000, 0x000000009cf00000|100%| E|CS|TAMS 0x000000009ce00000| PB 0x000000009ce00000| Complete 
| 463|0x000000009cf00000, 0x000000009d000000, 0x000000009d000000|100%| E|CS|TAMS 0x000000009cf00000| PB 0x000000009cf00000| Complete 
| 464|0x000000009d000000, 0x000000009d100000, 0x000000009d100000|100%| E|CS|TAMS 0x000000009d000000| PB 0x000000009d000000| Complete 
| 465|0x000000009d100000, 0x000000009d200000, 0x000000009d200000|100%| E|CS|TAMS 0x000000009d100000| PB 0x000000009d100000| Complete 
| 466|0x000000009d200000, 0x000000009d300000, 0x000000009d300000|100%| E|CS|TAMS 0x000000009d200000| PB 0x000000009d200000| Complete 
| 467|0x000000009d300000, 0x000000009d400000, 0x000000009d400000|100%| E|CS|TAMS 0x000000009d300000| PB 0x000000009d300000| Complete 
| 468|0x000000009d400000, 0x000000009d500000, 0x000000009d500000|100%| E|CS|TAMS 0x000000009d400000| PB 0x000000009d400000| Complete 
| 469|0x000000009d500000, 0x000000009d600000, 0x000000009d600000|100%| E|CS|TAMS 0x000000009d500000| PB 0x000000009d500000| Complete 
| 470|0x000000009d600000, 0x000000009d700000, 0x000000009d700000|100%| E|CS|TAMS 0x000000009d600000| PB 0x000000009d600000| Complete 
| 471|0x000000009d700000, 0x000000009d800000, 0x000000009d800000|100%| E|CS|TAMS 0x000000009d700000| PB 0x000000009d700000| Complete 
| 472|0x000000009d800000, 0x000000009d900000, 0x000000009d900000|100%| E|CS|TAMS 0x000000009d800000| PB 0x000000009d800000| Complete 
| 473|0x000000009d900000, 0x000000009da00000, 0x000000009da00000|100%| E|CS|TAMS 0x000000009d900000| PB 0x000000009d900000| Complete 
| 474|0x000000009da00000, 0x000000009db00000, 0x000000009db00000|100%| E|CS|TAMS 0x000000009da00000| PB 0x000000009da00000| Complete 
| 475|0x000000009db00000, 0x000000009dc00000, 0x000000009dc00000|100%| E|CS|TAMS 0x000000009db00000| PB 0x000000009db00000| Complete 
| 476|0x000000009dc00000, 0x000000009dd00000, 0x000000009dd00000|100%| E|CS|TAMS 0x000000009dc00000| PB 0x000000009dc00000| Complete 
| 477|0x000000009dd00000, 0x000000009de00000, 0x000000009de00000|100%| E|CS|TAMS 0x000000009dd00000| PB 0x000000009dd00000| Complete 
| 478|0x000000009de00000, 0x000000009df00000, 0x000000009df00000|100%| E|CS|TAMS 0x000000009de00000| PB 0x000000009de00000| Complete 
| 479|0x000000009df00000, 0x000000009e000000, 0x000000009e000000|100%| E|CS|TAMS 0x000000009df00000| PB 0x000000009df00000| Complete 
| 480|0x000000009e000000, 0x000000009e100000, 0x000000009e100000|100%| E|CS|TAMS 0x000000009e000000| PB 0x000000009e000000| Complete 
| 481|0x000000009e100000, 0x000000009e200000, 0x000000009e200000|100%| E|CS|TAMS 0x000000009e100000| PB 0x000000009e100000| Complete 
| 482|0x000000009e200000, 0x000000009e300000, 0x000000009e300000|100%| E|CS|TAMS 0x000000009e200000| PB 0x000000009e200000| Complete 
| 483|0x000000009e300000, 0x000000009e400000, 0x000000009e400000|100%| E|CS|TAMS 0x000000009e300000| PB 0x000000009e300000| Complete 
| 484|0x000000009e400000, 0x000000009e500000, 0x000000009e500000|100%| E|CS|TAMS 0x000000009e400000| PB 0x000000009e400000| Complete 
| 485|0x000000009e500000, 0x000000009e600000, 0x000000009e600000|100%| E|CS|TAMS 0x000000009e500000| PB 0x000000009e500000| Complete 
| 486|0x000000009e600000, 0x000000009e700000, 0x000000009e700000|100%| E|CS|TAMS 0x000000009e600000| PB 0x000000009e600000| Complete 
| 487|0x000000009e700000, 0x000000009e800000, 0x000000009e800000|100%| E|CS|TAMS 0x000000009e700000| PB 0x000000009e700000| Complete 
| 488|0x000000009e800000, 0x000000009e900000, 0x000000009e900000|100%| E|CS|TAMS 0x000000009e800000| PB 0x000000009e800000| Complete 
| 489|0x000000009e900000, 0x000000009ea00000, 0x000000009ea00000|100%| E|CS|TAMS 0x000000009e900000| PB 0x000000009e900000| Complete 
| 490|0x000000009ea00000, 0x000000009eb00000, 0x000000009eb00000|100%| E|CS|TAMS 0x000000009ea00000| PB 0x000000009ea00000| Complete 
| 491|0x000000009eb00000, 0x000000009ec00000, 0x000000009ec00000|100%| E|CS|TAMS 0x000000009eb00000| PB 0x000000009eb00000| Complete 
| 492|0x000000009ec00000, 0x000000009ed00000, 0x000000009ed00000|100%| E|CS|TAMS 0x000000009ec00000| PB 0x000000009ec00000| Complete 
| 493|0x000000009ed00000, 0x000000009ee00000, 0x000000009ee00000|100%| E|CS|TAMS 0x000000009ed00000| PB 0x000000009ed00000| Complete 
| 494|0x000000009ee00000, 0x000000009ef00000, 0x000000009ef00000|100%| E|CS|TAMS 0x000000009ee00000| PB 0x000000009ee00000| Complete 
| 495|0x000000009ef00000, 0x000000009f000000, 0x000000009f000000|100%| E|CS|TAMS 0x000000009ef00000| PB 0x000000009ef00000| Complete 
| 496|0x000000009f000000, 0x000000009f100000, 0x000000009f100000|100%| E|CS|TAMS 0x000000009f000000| PB 0x000000009f000000| Complete 
| 497|0x000000009f100000, 0x000000009f200000, 0x000000009f200000|100%| E|CS|TAMS 0x000000009f100000| PB 0x000000009f100000| Complete 
| 498|0x000000009f200000, 0x000000009f300000, 0x000000009f300000|100%| E|CS|TAMS 0x000000009f200000| PB 0x000000009f200000| Complete 
| 499|0x000000009f300000, 0x000000009f400000, 0x000000009f400000|100%| E|CS|TAMS 0x000000009f300000| PB 0x000000009f300000| Complete 
| 500|0x000000009f400000, 0x000000009f500000, 0x000000009f500000|100%| E|CS|TAMS 0x000000009f400000| PB 0x000000009f400000| Complete 
| 501|0x000000009f500000, 0x000000009f600000, 0x000000009f600000|100%| E|CS|TAMS 0x000000009f500000| PB 0x000000009f500000| Complete 
| 502|0x000000009f600000, 0x000000009f700000, 0x000000009f700000|100%| E|CS|TAMS 0x000000009f600000| PB 0x000000009f600000| Complete 
| 503|0x000000009f700000, 0x000000009f800000, 0x000000009f800000|100%| E|CS|TAMS 0x000000009f700000| PB 0x000000009f700000| Complete 
| 504|0x000000009f800000, 0x000000009f900000, 0x000000009f900000|100%| E|CS|TAMS 0x000000009f800000| PB 0x000000009f800000| Complete 
| 505|0x000000009f900000, 0x000000009fa00000, 0x000000009fa00000|100%| E|CS|TAMS 0x000000009f900000| PB 0x000000009f900000| Complete 
| 506|0x000000009fa00000, 0x000000009fb00000, 0x000000009fb00000|100%| E|CS|TAMS 0x000000009fa00000| PB 0x000000009fa00000| Complete 
| 507|0x000000009fb00000, 0x000000009fc00000, 0x000000009fc00000|100%| E|CS|TAMS 0x000000009fb00000| PB 0x000000009fb00000| Complete 
| 508|0x000000009fc00000, 0x000000009fd00000, 0x000000009fd00000|100%| E|CS|TAMS 0x000000009fc00000| PB 0x000000009fc00000| Complete 
| 509|0x000000009fd00000, 0x000000009fe00000, 0x000000009fe00000|100%| E|CS|TAMS 0x000000009fd00000| PB 0x000000009fd00000| Complete 
| 510|0x000000009fe00000, 0x000000009ff00000, 0x000000009ff00000|100%| E|CS|TAMS 0x000000009fe00000| PB 0x000000009fe00000| Complete 
| 511|0x000000009ff00000, 0x00000000a0000000, 0x00000000a0000000|100%| E|CS|TAMS 0x000000009ff00000| PB 0x000000009ff00000| Complete 
| 512|0x00000000a0000000, 0x00000000a0100000, 0x00000000a0100000|100%| E|CS|TAMS 0x00000000a0000000| PB 0x00000000a0000000| Complete 
| 513|0x00000000a0100000, 0x00000000a0200000, 0x00000000a0200000|100%| E|CS|TAMS 0x00000000a0100000| PB 0x00000000a0100000| Complete 
| 514|0x00000000a0200000, 0x00000000a0300000, 0x00000000a0300000|100%| E|CS|TAMS 0x00000000a0200000| PB 0x00000000a0200000| Complete 
| 515|0x00000000a0300000, 0x00000000a0400000, 0x00000000a0400000|100%| E|CS|TAMS 0x00000000a0300000| PB 0x00000000a0300000| Complete 
| 516|0x00000000a0400000, 0x00000000a0500000, 0x00000000a0500000|100%| E|CS|TAMS 0x00000000a0400000| PB 0x00000000a0400000| Complete 
| 517|0x00000000a0500000, 0x00000000a0600000, 0x00000000a0600000|100%| E|CS|TAMS 0x00000000a0500000| PB 0x00000000a0500000| Complete 
| 518|0x00000000a0600000, 0x00000000a0700000, 0x00000000a0700000|100%| E|CS|TAMS 0x00000000a0600000| PB 0x00000000a0600000| Complete 
| 519|0x00000000a0700000, 0x00000000a0800000, 0x00000000a0800000|100%| E|CS|TAMS 0x00000000a0700000| PB 0x00000000a0700000| Complete 
| 520|0x00000000a0800000, 0x00000000a0900000, 0x00000000a0900000|100%| E|CS|TAMS 0x00000000a0800000| PB 0x00000000a0800000| Complete 
| 521|0x00000000a0900000, 0x00000000a0a00000, 0x00000000a0a00000|100%| E|CS|TAMS 0x00000000a0900000| PB 0x00000000a0900000| Complete 
| 522|0x00000000a0a00000, 0x00000000a0b00000, 0x00000000a0b00000|100%| E|CS|TAMS 0x00000000a0a00000| PB 0x00000000a0a00000| Complete 
| 523|0x00000000a0b00000, 0x00000000a0c00000, 0x00000000a0c00000|100%| E|CS|TAMS 0x00000000a0b00000| PB 0x00000000a0b00000| Complete 
| 524|0x00000000a0c00000, 0x00000000a0d00000, 0x00000000a0d00000|100%| E|CS|TAMS 0x00000000a0c00000| PB 0x00000000a0c00000| Complete 
| 525|0x00000000a0d00000, 0x00000000a0e00000, 0x00000000a0e00000|100%| E|CS|TAMS 0x00000000a0d00000| PB 0x00000000a0d00000| Complete 
| 526|0x00000000a0e00000, 0x00000000a0f00000, 0x00000000a0f00000|100%| E|CS|TAMS 0x00000000a0e00000| PB 0x00000000a0e00000| Complete 
| 527|0x00000000a0f00000, 0x00000000a1000000, 0x00000000a1000000|100%| E|CS|TAMS 0x00000000a0f00000| PB 0x00000000a0f00000| Complete 
| 528|0x00000000a1000000, 0x00000000a1100000, 0x00000000a1100000|100%| E|CS|TAMS 0x00000000a1000000| PB 0x00000000a1000000| Complete 
| 529|0x00000000a1100000, 0x00000000a1200000, 0x00000000a1200000|100%| E|CS|TAMS 0x00000000a1100000| PB 0x00000000a1100000| Complete 
| 530|0x00000000a1200000, 0x00000000a1300000, 0x00000000a1300000|100%| E|CS|TAMS 0x00000000a1200000| PB 0x00000000a1200000| Complete 
| 531|0x00000000a1300000, 0x00000000a1400000, 0x00000000a1400000|100%| E|CS|TAMS 0x00000000a1300000| PB 0x00000000a1300000| Complete 
| 532|0x00000000a1400000, 0x00000000a1500000, 0x00000000a1500000|100%| E|CS|TAMS 0x00000000a1400000| PB 0x00000000a1400000| Complete 
| 533|0x00000000a1500000, 0x00000000a1600000, 0x00000000a1600000|100%| E|CS|TAMS 0x00000000a1500000| PB 0x00000000a1500000| Complete 
| 534|0x00000000a1600000, 0x00000000a1700000, 0x00000000a1700000|100%| E|CS|TAMS 0x00000000a1600000| PB 0x00000000a1600000| Complete 
| 535|0x00000000a1700000, 0x00000000a1800000, 0x00000000a1800000|100%| E|CS|TAMS 0x00000000a1700000| PB 0x00000000a1700000| Complete 
| 536|0x00000000a1800000, 0x00000000a1900000, 0x00000000a1900000|100%| E|CS|TAMS 0x00000000a1800000| PB 0x00000000a1800000| Complete 
| 537|0x00000000a1900000, 0x00000000a1a00000, 0x00000000a1a00000|100%| E|CS|TAMS 0x00000000a1900000| PB 0x00000000a1900000| Complete 
| 538|0x00000000a1a00000, 0x00000000a1b00000, 0x00000000a1b00000|100%| E|CS|TAMS 0x00000000a1a00000| PB 0x00000000a1a00000| Complete 
| 539|0x00000000a1b00000, 0x00000000a1c00000, 0x00000000a1c00000|100%| E|CS|TAMS 0x00000000a1b00000| PB 0x00000000a1b00000| Complete 
| 540|0x00000000a1c00000, 0x00000000a1d00000, 0x00000000a1d00000|100%| E|CS|TAMS 0x00000000a1c00000| PB 0x00000000a1c00000| Complete 
| 541|0x00000000a1d00000, 0x00000000a1e00000, 0x00000000a1e00000|100%| E|CS|TAMS 0x00000000a1d00000| PB 0x00000000a1d00000| Complete 
| 542|0x00000000a1e00000, 0x00000000a1f00000, 0x00000000a1f00000|100%| E|CS|TAMS 0x00000000a1e00000| PB 0x00000000a1e00000| Complete 
| 543|0x00000000a1f00000, 0x00000000a2000000, 0x00000000a2000000|100%| E|CS|TAMS 0x00000000a1f00000| PB 0x00000000a1f00000| Complete 
| 544|0x00000000a2000000, 0x00000000a2100000, 0x00000000a2100000|100%| E|CS|TAMS 0x00000000a2000000| PB 0x00000000a2000000| Complete 
| 545|0x00000000a2100000, 0x00000000a2200000, 0x00000000a2200000|100%| E|CS|TAMS 0x00000000a2100000| PB 0x00000000a2100000| Complete 
| 546|0x00000000a2200000, 0x00000000a2300000, 0x00000000a2300000|100%| E|CS|TAMS 0x00000000a2200000| PB 0x00000000a2200000| Complete 
| 547|0x00000000a2300000, 0x00000000a2400000, 0x00000000a2400000|100%| E|CS|TAMS 0x00000000a2300000| PB 0x00000000a2300000| Complete 
| 548|0x00000000a2400000, 0x00000000a2500000, 0x00000000a2500000|100%| E|CS|TAMS 0x00000000a2400000| PB 0x00000000a2400000| Complete 
| 549|0x00000000a2500000, 0x00000000a2600000, 0x00000000a2600000|100%| E|CS|TAMS 0x00000000a2500000| PB 0x00000000a2500000| Complete 
| 550|0x00000000a2600000, 0x00000000a2700000, 0x00000000a2700000|100%| E|CS|TAMS 0x00000000a2600000| PB 0x00000000a2600000| Complete 
| 551|0x00000000a2700000, 0x00000000a2800000, 0x00000000a2800000|100%| E|CS|TAMS 0x00000000a2700000| PB 0x00000000a2700000| Complete 
| 552|0x00000000a2800000, 0x00000000a2900000, 0x00000000a2900000|100%| E|CS|TAMS 0x00000000a2800000| PB 0x00000000a2800000| Complete 
| 553|0x00000000a2900000, 0x00000000a2a00000, 0x00000000a2a00000|100%| E|CS|TAMS 0x00000000a2900000| PB 0x00000000a2900000| Complete 
| 554|0x00000000a2a00000, 0x00000000a2b00000, 0x00000000a2b00000|100%| E|CS|TAMS 0x00000000a2a00000| PB 0x00000000a2a00000| Complete 
| 555|0x00000000a2b00000, 0x00000000a2c00000, 0x00000000a2c00000|100%| E|CS|TAMS 0x00000000a2b00000| PB 0x00000000a2b00000| Complete 
| 556|0x00000000a2c00000, 0x00000000a2d00000, 0x00000000a2d00000|100%| E|CS|TAMS 0x00000000a2c00000| PB 0x00000000a2c00000| Complete 
| 557|0x00000000a2d00000, 0x00000000a2e00000, 0x00000000a2e00000|100%| E|CS|TAMS 0x00000000a2d00000| PB 0x00000000a2d00000| Complete 
| 558|0x00000000a2e00000, 0x00000000a2f00000, 0x00000000a2f00000|100%| E|CS|TAMS 0x00000000a2e00000| PB 0x00000000a2e00000| Complete 
| 559|0x00000000a2f00000, 0x00000000a3000000, 0x00000000a3000000|100%| E|CS|TAMS 0x00000000a2f00000| PB 0x00000000a2f00000| Complete 
| 560|0x00000000a3000000, 0x00000000a3100000, 0x00000000a3100000|100%| E|CS|TAMS 0x00000000a3000000| PB 0x00000000a3000000| Complete 
| 561|0x00000000a3100000, 0x00000000a3200000, 0x00000000a3200000|100%| E|CS|TAMS 0x00000000a3100000| PB 0x00000000a3100000| Complete 
| 562|0x00000000a3200000, 0x00000000a3300000, 0x00000000a3300000|100%| E|CS|TAMS 0x00000000a3200000| PB 0x00000000a3200000| Complete 
| 563|0x00000000a3300000, 0x00000000a3400000, 0x00000000a3400000|100%| E|CS|TAMS 0x00000000a3300000| PB 0x00000000a3300000| Complete 
| 564|0x00000000a3400000, 0x00000000a3500000, 0x00000000a3500000|100%| E|CS|TAMS 0x00000000a3400000| PB 0x00000000a3400000| Complete 
| 565|0x00000000a3500000, 0x00000000a3600000, 0x00000000a3600000|100%| E|CS|TAMS 0x00000000a3500000| PB 0x00000000a3500000| Complete 
| 566|0x00000000a3600000, 0x00000000a3700000, 0x00000000a3700000|100%| E|CS|TAMS 0x00000000a3600000| PB 0x00000000a3600000| Complete 
| 567|0x00000000a3700000, 0x00000000a3800000, 0x00000000a3800000|100%| E|CS|TAMS 0x00000000a3700000| PB 0x00000000a3700000| Complete 
| 568|0x00000000a3800000, 0x00000000a3900000, 0x00000000a3900000|100%| E|CS|TAMS 0x00000000a3800000| PB 0x00000000a3800000| Complete 
| 569|0x00000000a3900000, 0x00000000a3a00000, 0x00000000a3a00000|100%| E|CS|TAMS 0x00000000a3900000| PB 0x00000000a3900000| Complete 
| 570|0x00000000a3a00000, 0x00000000a3b00000, 0x00000000a3b00000|100%| E|CS|TAMS 0x00000000a3a00000| PB 0x00000000a3a00000| Complete 
| 571|0x00000000a3b00000, 0x00000000a3c00000, 0x00000000a3c00000|100%| E|CS|TAMS 0x00000000a3b00000| PB 0x00000000a3b00000| Complete 
| 572|0x00000000a3c00000, 0x00000000a3d00000, 0x00000000a3d00000|100%| E|CS|TAMS 0x00000000a3c00000| PB 0x00000000a3c00000| Complete 
| 573|0x00000000a3d00000, 0x00000000a3e00000, 0x00000000a3e00000|100%| E|CS|TAMS 0x00000000a3d00000| PB 0x00000000a3d00000| Complete 
| 574|0x00000000a3e00000, 0x00000000a3f00000, 0x00000000a3f00000|100%| E|CS|TAMS 0x00000000a3e00000| PB 0x00000000a3e00000| Complete 
| 575|0x00000000a3f00000, 0x00000000a4000000, 0x00000000a4000000|100%| E|CS|TAMS 0x00000000a3f00000| PB 0x00000000a3f00000| Complete 
| 576|0x00000000a4000000, 0x00000000a4100000, 0x00000000a4100000|100%| E|CS|TAMS 0x00000000a4000000| PB 0x00000000a4000000| Complete 
| 577|0x00000000a4100000, 0x00000000a4200000, 0x00000000a4200000|100%| E|CS|TAMS 0x00000000a4100000| PB 0x00000000a4100000| Complete 
| 578|0x00000000a4200000, 0x00000000a4300000, 0x00000000a4300000|100%| E|CS|TAMS 0x00000000a4200000| PB 0x00000000a4200000| Complete 
| 579|0x00000000a4300000, 0x00000000a4400000, 0x00000000a4400000|100%| E|CS|TAMS 0x00000000a4300000| PB 0x00000000a4300000| Complete 
| 580|0x00000000a4400000, 0x00000000a4500000, 0x00000000a4500000|100%| E|CS|TAMS 0x00000000a4400000| PB 0x00000000a4400000| Complete 
| 581|0x00000000a4500000, 0x00000000a4600000, 0x00000000a4600000|100%| E|CS|TAMS 0x00000000a4500000| PB 0x00000000a4500000| Complete 
| 582|0x00000000a4600000, 0x00000000a4700000, 0x00000000a4700000|100%| E|CS|TAMS 0x00000000a4600000| PB 0x00000000a4600000| Complete 
| 583|0x00000000a4700000, 0x00000000a4800000, 0x00000000a4800000|100%| E|CS|TAMS 0x00000000a4700000| PB 0x00000000a4700000| Complete 
| 584|0x00000000a4800000, 0x00000000a4900000, 0x00000000a4900000|100%| E|CS|TAMS 0x00000000a4800000| PB 0x00000000a4800000| Complete 
| 585|0x00000000a4900000, 0x00000000a4a00000, 0x00000000a4a00000|100%| E|CS|TAMS 0x00000000a4900000| PB 0x00000000a4900000| Complete 
| 586|0x00000000a4a00000, 0x00000000a4b00000, 0x00000000a4b00000|100%| E|CS|TAMS 0x00000000a4a00000| PB 0x00000000a4a00000| Complete 
| 587|0x00000000a4b00000, 0x00000000a4c00000, 0x00000000a4c00000|100%| E|CS|TAMS 0x00000000a4b00000| PB 0x00000000a4b00000| Complete 
| 588|0x00000000a4c00000, 0x00000000a4d00000, 0x00000000a4d00000|100%| E|CS|TAMS 0x00000000a4c00000| PB 0x00000000a4c00000| Complete 
| 589|0x00000000a4d00000, 0x00000000a4e00000, 0x00000000a4e00000|100%| E|CS|TAMS 0x00000000a4d00000| PB 0x00000000a4d00000| Complete 
| 590|0x00000000a4e00000, 0x00000000a4f00000, 0x00000000a4f00000|100%| E|CS|TAMS 0x00000000a4e00000| PB 0x00000000a4e00000| Complete 
| 591|0x00000000a4f00000, 0x00000000a5000000, 0x00000000a5000000|100%| E|CS|TAMS 0x00000000a4f00000| PB 0x00000000a4f00000| Complete 
| 592|0x00000000a5000000, 0x00000000a5100000, 0x00000000a5100000|100%| E|CS|TAMS 0x00000000a5000000| PB 0x00000000a5000000| Complete 
| 593|0x00000000a5100000, 0x00000000a5200000, 0x00000000a5200000|100%| E|CS|TAMS 0x00000000a5100000| PB 0x00000000a5100000| Complete 
| 594|0x00000000a5200000, 0x00000000a5300000, 0x00000000a5300000|100%| E|CS|TAMS 0x00000000a5200000| PB 0x00000000a5200000| Complete 
| 595|0x00000000a5300000, 0x00000000a5400000, 0x00000000a5400000|100%| E|CS|TAMS 0x00000000a5300000| PB 0x00000000a5300000| Complete 
| 596|0x00000000a5400000, 0x00000000a5500000, 0x00000000a5500000|100%| E|CS|TAMS 0x00000000a5400000| PB 0x00000000a5400000| Complete 
| 597|0x00000000a5500000, 0x00000000a5600000, 0x00000000a5600000|100%| E|CS|TAMS 0x00000000a5500000| PB 0x00000000a5500000| Complete 
| 598|0x00000000a5600000, 0x00000000a5700000, 0x00000000a5700000|100%| E|CS|TAMS 0x00000000a5600000| PB 0x00000000a5600000| Complete 
| 599|0x00000000a5700000, 0x00000000a5800000, 0x00000000a5800000|100%| E|CS|TAMS 0x00000000a5700000| PB 0x00000000a5700000| Complete 
| 600|0x00000000a5800000, 0x00000000a5900000, 0x00000000a5900000|100%| E|CS|TAMS 0x00000000a5800000| PB 0x00000000a5800000| Complete 
| 601|0x00000000a5900000, 0x00000000a5a00000, 0x00000000a5a00000|100%| E|CS|TAMS 0x00000000a5900000| PB 0x00000000a5900000| Complete 
| 602|0x00000000a5a00000, 0x00000000a5b00000, 0x00000000a5b00000|100%| E|CS|TAMS 0x00000000a5a00000| PB 0x00000000a5a00000| Complete 
| 603|0x00000000a5b00000, 0x00000000a5c00000, 0x00000000a5c00000|100%| E|CS|TAMS 0x00000000a5b00000| PB 0x00000000a5b00000| Complete 
| 604|0x00000000a5c00000, 0x00000000a5d00000, 0x00000000a5d00000|100%| E|CS|TAMS 0x00000000a5c00000| PB 0x00000000a5c00000| Complete 
| 605|0x00000000a5d00000, 0x00000000a5e00000, 0x00000000a5e00000|100%| E|CS|TAMS 0x00000000a5d00000| PB 0x00000000a5d00000| Complete 
| 606|0x00000000a5e00000, 0x00000000a5f00000, 0x00000000a5f00000|100%| E|CS|TAMS 0x00000000a5e00000| PB 0x00000000a5e00000| Complete 
| 607|0x00000000a5f00000, 0x00000000a6000000, 0x00000000a6000000|100%| E|CS|TAMS 0x00000000a5f00000| PB 0x00000000a5f00000| Complete 
| 608|0x00000000a6000000, 0x00000000a6100000, 0x00000000a6100000|100%| E|CS|TAMS 0x00000000a6000000| PB 0x00000000a6000000| Complete 
| 609|0x00000000a6100000, 0x00000000a6200000, 0x00000000a6200000|100%| E|CS|TAMS 0x00000000a6100000| PB 0x00000000a6100000| Complete 
| 610|0x00000000a6200000, 0x00000000a6300000, 0x00000000a6300000|100%| E|CS|TAMS 0x00000000a6200000| PB 0x00000000a6200000| Complete 
| 611|0x00000000a6300000, 0x00000000a6400000, 0x00000000a6400000|100%| E|CS|TAMS 0x00000000a6300000| PB 0x00000000a6300000| Complete 
| 612|0x00000000a6400000, 0x00000000a6500000, 0x00000000a6500000|100%| E|CS|TAMS 0x00000000a6400000| PB 0x00000000a6400000| Complete 
| 613|0x00000000a6500000, 0x00000000a6600000, 0x00000000a6600000|100%| E|CS|TAMS 0x00000000a6500000| PB 0x00000000a6500000| Complete 
| 614|0x00000000a6600000, 0x00000000a6700000, 0x00000000a6700000|100%| E|CS|TAMS 0x00000000a6600000| PB 0x00000000a6600000| Complete 
| 615|0x00000000a6700000, 0x00000000a6800000, 0x00000000a6800000|100%| E|CS|TAMS 0x00000000a6700000| PB 0x00000000a6700000| Complete 
| 616|0x00000000a6800000, 0x00000000a6900000, 0x00000000a6900000|100%| E|CS|TAMS 0x00000000a6800000| PB 0x00000000a6800000| Complete 
| 617|0x00000000a6900000, 0x00000000a6a00000, 0x00000000a6a00000|100%| E|CS|TAMS 0x00000000a6900000| PB 0x00000000a6900000| Complete 
| 618|0x00000000a6a00000, 0x00000000a6b00000, 0x00000000a6b00000|100%| E|CS|TAMS 0x00000000a6a00000| PB 0x00000000a6a00000| Complete 
| 619|0x00000000a6b00000, 0x00000000a6c00000, 0x00000000a6c00000|100%| E|CS|TAMS 0x00000000a6b00000| PB 0x00000000a6b00000| Complete 
| 620|0x00000000a6c00000, 0x00000000a6d00000, 0x00000000a6d00000|100%| E|CS|TAMS 0x00000000a6c00000| PB 0x00000000a6c00000| Complete 
| 621|0x00000000a6d00000, 0x00000000a6e00000, 0x00000000a6e00000|100%| E|CS|TAMS 0x00000000a6d00000| PB 0x00000000a6d00000| Complete 
| 622|0x00000000a6e00000, 0x00000000a6f00000, 0x00000000a6f00000|100%| E|CS|TAMS 0x00000000a6e00000| PB 0x00000000a6e00000| Complete 
| 623|0x00000000a6f00000, 0x00000000a7000000, 0x00000000a7000000|100%| E|CS|TAMS 0x00000000a6f00000| PB 0x00000000a6f00000| Complete 
| 624|0x00000000a7000000, 0x00000000a7100000, 0x00000000a7100000|100%| E|CS|TAMS 0x00000000a7000000| PB 0x00000000a7000000| Complete 
| 625|0x00000000a7100000, 0x00000000a7200000, 0x00000000a7200000|100%| E|CS|TAMS 0x00000000a7100000| PB 0x00000000a7100000| Complete 
| 626|0x00000000a7200000, 0x00000000a7300000, 0x00000000a7300000|100%| E|CS|TAMS 0x00000000a7200000| PB 0x00000000a7200000| Complete 
| 627|0x00000000a7300000, 0x00000000a7400000, 0x00000000a7400000|100%| E|CS|TAMS 0x00000000a7300000| PB 0x00000000a7300000| Complete 
| 628|0x00000000a7400000, 0x00000000a7500000, 0x00000000a7500000|100%| E|CS|TAMS 0x00000000a7400000| PB 0x00000000a7400000| Complete 
| 629|0x00000000a7500000, 0x00000000a7600000, 0x00000000a7600000|100%| E|CS|TAMS 0x00000000a7500000| PB 0x00000000a7500000| Complete 
| 630|0x00000000a7600000, 0x00000000a7700000, 0x00000000a7700000|100%| E|CS|TAMS 0x00000000a7600000| PB 0x00000000a7600000| Complete 
| 631|0x00000000a7700000, 0x00000000a7800000, 0x00000000a7800000|100%| E|CS|TAMS 0x00000000a7700000| PB 0x00000000a7700000| Complete 
| 632|0x00000000a7800000, 0x00000000a7900000, 0x00000000a7900000|100%| E|CS|TAMS 0x00000000a7800000| PB 0x00000000a7800000| Complete 
| 633|0x00000000a7900000, 0x00000000a7a00000, 0x00000000a7a00000|100%| E|CS|TAMS 0x00000000a7900000| PB 0x00000000a7900000| Complete 
| 634|0x00000000a7a00000, 0x00000000a7b00000, 0x00000000a7b00000|100%| E|CS|TAMS 0x00000000a7a00000| PB 0x00000000a7a00000| Complete 
| 635|0x00000000a7b00000, 0x00000000a7c00000, 0x00000000a7c00000|100%| E|CS|TAMS 0x00000000a7b00000| PB 0x00000000a7b00000| Complete 
| 636|0x00000000a7c00000, 0x00000000a7d00000, 0x00000000a7d00000|100%| E|CS|TAMS 0x00000000a7c00000| PB 0x00000000a7c00000| Complete 
| 637|0x00000000a7d00000, 0x00000000a7e00000, 0x00000000a7e00000|100%| E|CS|TAMS 0x00000000a7d00000| PB 0x00000000a7d00000| Complete 
| 638|0x00000000a7e00000, 0x00000000a7f00000, 0x00000000a7f00000|100%| E|CS|TAMS 0x00000000a7e00000| PB 0x00000000a7e00000| Complete 
| 639|0x00000000a7f00000, 0x00000000a8000000, 0x00000000a8000000|100%| E|CS|TAMS 0x00000000a7f00000| PB 0x00000000a7f00000| Complete 
| 640|0x00000000a8000000, 0x00000000a8100000, 0x00000000a8100000|100%| E|CS|TAMS 0x00000000a8000000| PB 0x00000000a8000000| Complete 
| 641|0x00000000a8100000, 0x00000000a8200000, 0x00000000a8200000|100%| E|CS|TAMS 0x00000000a8100000| PB 0x00000000a8100000| Complete 
| 642|0x00000000a8200000, 0x00000000a8300000, 0x00000000a8300000|100%| E|CS|TAMS 0x00000000a8200000| PB 0x00000000a8200000| Complete 
| 643|0x00000000a8300000, 0x00000000a8400000, 0x00000000a8400000|100%| E|CS|TAMS 0x00000000a8300000| PB 0x00000000a8300000| Complete 
| 644|0x00000000a8400000, 0x00000000a8500000, 0x00000000a8500000|100%| E|CS|TAMS 0x00000000a8400000| PB 0x00000000a8400000| Complete 
| 645|0x00000000a8500000, 0x00000000a8600000, 0x00000000a8600000|100%| E|CS|TAMS 0x00000000a8500000| PB 0x00000000a8500000| Complete 
| 646|0x00000000a8600000, 0x00000000a8700000, 0x00000000a8700000|100%| E|CS|TAMS 0x00000000a8600000| PB 0x00000000a8600000| Complete 
| 647|0x00000000a8700000, 0x00000000a8800000, 0x00000000a8800000|100%| E|CS|TAMS 0x00000000a8700000| PB 0x00000000a8700000| Complete 
| 648|0x00000000a8800000, 0x00000000a8900000, 0x00000000a8900000|100%| E|CS|TAMS 0x00000000a8800000| PB 0x00000000a8800000| Complete 
| 649|0x00000000a8900000, 0x00000000a8a00000, 0x00000000a8a00000|100%| E|CS|TAMS 0x00000000a8900000| PB 0x00000000a8900000| Complete 
| 650|0x00000000a8a00000, 0x00000000a8b00000, 0x00000000a8b00000|100%| E|CS|TAMS 0x00000000a8a00000| PB 0x00000000a8a00000| Complete 
| 651|0x00000000a8b00000, 0x00000000a8c00000, 0x00000000a8c00000|100%| E|CS|TAMS 0x00000000a8b00000| PB 0x00000000a8b00000| Complete 
| 652|0x00000000a8c00000, 0x00000000a8d00000, 0x00000000a8d00000|100%| E|CS|TAMS 0x00000000a8c00000| PB 0x00000000a8c00000| Complete 
| 653|0x00000000a8d00000, 0x00000000a8e00000, 0x00000000a8e00000|100%| E|CS|TAMS 0x00000000a8d00000| PB 0x00000000a8d00000| Complete 
| 654|0x00000000a8e00000, 0x00000000a8f00000, 0x00000000a8f00000|100%| E|CS|TAMS 0x00000000a8e00000| PB 0x00000000a8e00000| Complete 
| 655|0x00000000a8f00000, 0x00000000a9000000, 0x00000000a9000000|100%| E|CS|TAMS 0x00000000a8f00000| PB 0x00000000a8f00000| Complete 
| 656|0x00000000a9000000, 0x00000000a9100000, 0x00000000a9100000|100%| E|CS|TAMS 0x00000000a9000000| PB 0x00000000a9000000| Complete 
| 657|0x00000000a9100000, 0x00000000a9200000, 0x00000000a9200000|100%| E|CS|TAMS 0x00000000a9100000| PB 0x00000000a9100000| Complete 
| 658|0x00000000a9200000, 0x00000000a9300000, 0x00000000a9300000|100%| E|CS|TAMS 0x00000000a9200000| PB 0x00000000a9200000| Complete 
| 659|0x00000000a9300000, 0x00000000a9400000, 0x00000000a9400000|100%| E|CS|TAMS 0x00000000a9300000| PB 0x00000000a9300000| Complete 
| 660|0x00000000a9400000, 0x00000000a9500000, 0x00000000a9500000|100%| E|CS|TAMS 0x00000000a9400000| PB 0x00000000a9400000| Complete 
| 661|0x00000000a9500000, 0x00000000a9600000, 0x00000000a9600000|100%| E|CS|TAMS 0x00000000a9500000| PB 0x00000000a9500000| Complete 
| 662|0x00000000a9600000, 0x00000000a9700000, 0x00000000a9700000|100%| E|CS|TAMS 0x00000000a9600000| PB 0x00000000a9600000| Complete 
| 663|0x00000000a9700000, 0x00000000a9800000, 0x00000000a9800000|100%| E|CS|TAMS 0x00000000a9700000| PB 0x00000000a9700000| Complete 
| 664|0x00000000a9800000, 0x00000000a9900000, 0x00000000a9900000|100%| E|CS|TAMS 0x00000000a9800000| PB 0x00000000a9800000| Complete 
| 665|0x00000000a9900000, 0x00000000a9a00000, 0x00000000a9a00000|100%| E|CS|TAMS 0x00000000a9900000| PB 0x00000000a9900000| Complete 
| 666|0x00000000a9a00000, 0x00000000a9b00000, 0x00000000a9b00000|100%| E|CS|TAMS 0x00000000a9a00000| PB 0x00000000a9a00000| Complete 
| 667|0x00000000a9b00000, 0x00000000a9c00000, 0x00000000a9c00000|100%| E|CS|TAMS 0x00000000a9b00000| PB 0x00000000a9b00000| Complete 
| 668|0x00000000a9c00000, 0x00000000a9d00000, 0x00000000a9d00000|100%| E|CS|TAMS 0x00000000a9c00000| PB 0x00000000a9c00000| Complete 
| 669|0x00000000a9d00000, 0x00000000a9e00000, 0x00000000a9e00000|100%| E|CS|TAMS 0x00000000a9d00000| PB 0x00000000a9d00000| Complete 
| 670|0x00000000a9e00000, 0x00000000a9f00000, 0x00000000a9f00000|100%| E|CS|TAMS 0x00000000a9e00000| PB 0x00000000a9e00000| Complete 
| 671|0x00000000a9f00000, 0x00000000aa000000, 0x00000000aa000000|100%| E|CS|TAMS 0x00000000a9f00000| PB 0x00000000a9f00000| Complete 
| 672|0x00000000aa000000, 0x00000000aa100000, 0x00000000aa100000|100%| E|CS|TAMS 0x00000000aa000000| PB 0x00000000aa000000| Complete 
| 673|0x00000000aa100000, 0x00000000aa200000, 0x00000000aa200000|100%| E|CS|TAMS 0x00000000aa100000| PB 0x00000000aa100000| Complete 
| 674|0x00000000aa200000, 0x00000000aa300000, 0x00000000aa300000|100%| E|CS|TAMS 0x00000000aa200000| PB 0x00000000aa200000| Complete 
| 675|0x00000000aa300000, 0x00000000aa400000, 0x00000000aa400000|100%| E|CS|TAMS 0x00000000aa300000| PB 0x00000000aa300000| Complete 
| 676|0x00000000aa400000, 0x00000000aa500000, 0x00000000aa500000|100%| E|CS|TAMS 0x00000000aa400000| PB 0x00000000aa400000| Complete 
| 677|0x00000000aa500000, 0x00000000aa600000, 0x00000000aa600000|100%| E|CS|TAMS 0x00000000aa500000| PB 0x00000000aa500000| Complete 
| 678|0x00000000aa600000, 0x00000000aa700000, 0x00000000aa700000|100%| E|CS|TAMS 0x00000000aa600000| PB 0x00000000aa600000| Complete 
| 679|0x00000000aa700000, 0x00000000aa800000, 0x00000000aa800000|100%| E|CS|TAMS 0x00000000aa700000| PB 0x00000000aa700000| Complete 
| 680|0x00000000aa800000, 0x00000000aa900000, 0x00000000aa900000|100%| E|CS|TAMS 0x00000000aa800000| PB 0x00000000aa800000| Complete 
| 681|0x00000000aa900000, 0x00000000aaa00000, 0x00000000aaa00000|100%| E|CS|TAMS 0x00000000aa900000| PB 0x00000000aa900000| Complete 
| 682|0x00000000aaa00000, 0x00000000aab00000, 0x00000000aab00000|100%| E|CS|TAMS 0x00000000aaa00000| PB 0x00000000aaa00000| Complete 
| 683|0x00000000aab00000, 0x00000000aac00000, 0x00000000aac00000|100%| E|CS|TAMS 0x00000000aab00000| PB 0x00000000aab00000| Complete 
| 684|0x00000000aac00000, 0x00000000aad00000, 0x00000000aad00000|100%| E|CS|TAMS 0x00000000aac00000| PB 0x00000000aac00000| Complete 
| 685|0x00000000aad00000, 0x00000000aae00000, 0x00000000aae00000|100%| E|CS|TAMS 0x00000000aad00000| PB 0x00000000aad00000| Complete 
| 686|0x00000000aae00000, 0x00000000aaf00000, 0x00000000aaf00000|100%| E|CS|TAMS 0x00000000aae00000| PB 0x00000000aae00000| Complete 
| 687|0x00000000aaf00000, 0x00000000ab000000, 0x00000000ab000000|100%| E|CS|TAMS 0x00000000aaf00000| PB 0x00000000aaf00000| Complete 
| 688|0x00000000ab000000, 0x00000000ab100000, 0x00000000ab100000|100%| E|CS|TAMS 0x00000000ab000000| PB 0x00000000ab000000| Complete 
| 689|0x00000000ab100000, 0x00000000ab200000, 0x00000000ab200000|100%| E|CS|TAMS 0x00000000ab100000| PB 0x00000000ab100000| Complete 
| 690|0x00000000ab200000, 0x00000000ab300000, 0x00000000ab300000|100%| E|CS|TAMS 0x00000000ab200000| PB 0x00000000ab200000| Complete 
| 691|0x00000000ab300000, 0x00000000ab400000, 0x00000000ab400000|100%| E|CS|TAMS 0x00000000ab300000| PB 0x00000000ab300000| Complete 
| 692|0x00000000ab400000, 0x00000000ab500000, 0x00000000ab500000|100%| E|CS|TAMS 0x00000000ab400000| PB 0x00000000ab400000| Complete 
| 693|0x00000000ab500000, 0x00000000ab600000, 0x00000000ab600000|100%| E|CS|TAMS 0x00000000ab500000| PB 0x00000000ab500000| Complete 
| 694|0x00000000ab600000, 0x00000000ab700000, 0x00000000ab700000|100%| E|CS|TAMS 0x00000000ab600000| PB 0x00000000ab600000| Complete 
| 695|0x00000000ab700000, 0x00000000ab800000, 0x00000000ab800000|100%| E|CS|TAMS 0x00000000ab700000| PB 0x00000000ab700000| Complete 
| 696|0x00000000ab800000, 0x00000000ab900000, 0x00000000ab900000|100%| E|CS|TAMS 0x00000000ab800000| PB 0x00000000ab800000| Complete 
| 697|0x00000000ab900000, 0x00000000aba00000, 0x00000000aba00000|100%| E|CS|TAMS 0x00000000ab900000| PB 0x00000000ab900000| Complete 
| 698|0x00000000aba00000, 0x00000000abb00000, 0x00000000abb00000|100%| E|CS|TAMS 0x00000000aba00000| PB 0x00000000aba00000| Complete 
| 699|0x00000000abb00000, 0x00000000abc00000, 0x00000000abc00000|100%| E|CS|TAMS 0x00000000abb00000| PB 0x00000000abb00000| Complete 
| 700|0x00000000abc00000, 0x00000000abd00000, 0x00000000abd00000|100%| E|CS|TAMS 0x00000000abc00000| PB 0x00000000abc00000| Complete 
| 701|0x00000000abd00000, 0x00000000abe00000, 0x00000000abe00000|100%| E|CS|TAMS 0x00000000abd00000| PB 0x00000000abd00000| Complete 
| 702|0x00000000abe00000, 0x00000000abf00000, 0x00000000abf00000|100%| E|CS|TAMS 0x00000000abe00000| PB 0x00000000abe00000| Complete 
| 703|0x00000000abf00000, 0x00000000ac000000, 0x00000000ac000000|100%| E|CS|TAMS 0x00000000abf00000| PB 0x00000000abf00000| Complete 
| 704|0x00000000ac000000, 0x00000000ac100000, 0x00000000ac100000|100%| E|CS|TAMS 0x00000000ac000000| PB 0x00000000ac000000| Complete 
| 705|0x00000000ac100000, 0x00000000ac200000, 0x00000000ac200000|100%| E|CS|TAMS 0x00000000ac100000| PB 0x00000000ac100000| Complete 
| 706|0x00000000ac200000, 0x00000000ac300000, 0x00000000ac300000|100%| E|CS|TAMS 0x00000000ac200000| PB 0x00000000ac200000| Complete 
| 707|0x00000000ac300000, 0x00000000ac400000, 0x00000000ac400000|100%| E|CS|TAMS 0x00000000ac300000| PB 0x00000000ac300000| Complete 
| 708|0x00000000ac400000, 0x00000000ac500000, 0x00000000ac500000|100%| E|CS|TAMS 0x00000000ac400000| PB 0x00000000ac400000| Complete 
| 709|0x00000000ac500000, 0x00000000ac600000, 0x00000000ac600000|100%| E|CS|TAMS 0x00000000ac500000| PB 0x00000000ac500000| Complete 
| 710|0x00000000ac600000, 0x00000000ac700000, 0x00000000ac700000|100%| E|CS|TAMS 0x00000000ac600000| PB 0x00000000ac600000| Complete 
| 711|0x00000000ac700000, 0x00000000ac800000, 0x00000000ac800000|100%| E|CS|TAMS 0x00000000ac700000| PB 0x00000000ac700000| Complete 
| 712|0x00000000ac800000, 0x00000000ac900000, 0x00000000ac900000|100%| E|CS|TAMS 0x00000000ac800000| PB 0x00000000ac800000| Complete 
| 713|0x00000000ac900000, 0x00000000aca00000, 0x00000000aca00000|100%| E|CS|TAMS 0x00000000ac900000| PB 0x00000000ac900000| Complete 
| 714|0x00000000aca00000, 0x00000000acb00000, 0x00000000acb00000|100%| E|CS|TAMS 0x00000000aca00000| PB 0x00000000aca00000| Complete 
| 715|0x00000000acb00000, 0x00000000acc00000, 0x00000000acc00000|100%| E|CS|TAMS 0x00000000acb00000| PB 0x00000000acb00000| Complete 
| 716|0x00000000acc00000, 0x00000000acd00000, 0x00000000acd00000|100%| E|CS|TAMS 0x00000000acc00000| PB 0x00000000acc00000| Complete 
| 717|0x00000000acd00000, 0x00000000ace00000, 0x00000000ace00000|100%| E|CS|TAMS 0x00000000acd00000| PB 0x00000000acd00000| Complete 
| 718|0x00000000ace00000, 0x00000000acf00000, 0x00000000acf00000|100%| E|CS|TAMS 0x00000000ace00000| PB 0x00000000ace00000| Complete 
| 719|0x00000000acf00000, 0x00000000ad000000, 0x00000000ad000000|100%| E|CS|TAMS 0x00000000acf00000| PB 0x00000000acf00000| Complete 
| 720|0x00000000ad000000, 0x00000000ad100000, 0x00000000ad100000|100%| E|CS|TAMS 0x00000000ad000000| PB 0x00000000ad000000| Complete 
| 721|0x00000000ad100000, 0x00000000ad200000, 0x00000000ad200000|100%| E|CS|TAMS 0x00000000ad100000| PB 0x00000000ad100000| Complete 
| 722|0x00000000ad200000, 0x00000000ad300000, 0x00000000ad300000|100%| E|CS|TAMS 0x00000000ad200000| PB 0x00000000ad200000| Complete 
| 723|0x00000000ad300000, 0x00000000ad400000, 0x00000000ad400000|100%| E|CS|TAMS 0x00000000ad300000| PB 0x00000000ad300000| Complete 
| 724|0x00000000ad400000, 0x00000000ad500000, 0x00000000ad500000|100%| E|CS|TAMS 0x00000000ad400000| PB 0x00000000ad400000| Complete 
| 725|0x00000000ad500000, 0x00000000ad600000, 0x00000000ad600000|100%| E|CS|TAMS 0x00000000ad500000| PB 0x00000000ad500000| Complete 
| 726|0x00000000ad600000, 0x00000000ad700000, 0x00000000ad700000|100%| E|CS|TAMS 0x00000000ad600000| PB 0x00000000ad600000| Complete 
| 727|0x00000000ad700000, 0x00000000ad800000, 0x00000000ad800000|100%| E|CS|TAMS 0x00000000ad700000| PB 0x00000000ad700000| Complete 
| 728|0x00000000ad800000, 0x00000000ad900000, 0x00000000ad900000|100%| E|CS|TAMS 0x00000000ad800000| PB 0x00000000ad800000| Complete 
| 729|0x00000000ad900000, 0x00000000ada00000, 0x00000000ada00000|100%| E|CS|TAMS 0x00000000ad900000| PB 0x00000000ad900000| Complete 
| 730|0x00000000ada00000, 0x00000000adb00000, 0x00000000adb00000|100%| E|CS|TAMS 0x00000000ada00000| PB 0x00000000ada00000| Complete 
| 731|0x00000000adb00000, 0x00000000adc00000, 0x00000000adc00000|100%| E|CS|TAMS 0x00000000adb00000| PB 0x00000000adb00000| Complete 
| 732|0x00000000adc00000, 0x00000000add00000, 0x00000000add00000|100%| E|CS|TAMS 0x00000000adc00000| PB 0x00000000adc00000| Complete 
| 733|0x00000000add00000, 0x00000000ade00000, 0x00000000ade00000|100%| E|CS|TAMS 0x00000000add00000| PB 0x00000000add00000| Complete 
| 734|0x00000000ade00000, 0x00000000adf00000, 0x00000000adf00000|100%| E|CS|TAMS 0x00000000ade00000| PB 0x00000000ade00000| Complete 
| 735|0x00000000adf00000, 0x00000000ae000000, 0x00000000ae000000|100%| E|CS|TAMS 0x00000000adf00000| PB 0x00000000adf00000| Complete 
| 736|0x00000000ae000000, 0x00000000ae100000, 0x00000000ae100000|100%| E|CS|TAMS 0x00000000ae000000| PB 0x00000000ae000000| Complete 
| 737|0x00000000ae100000, 0x00000000ae200000, 0x00000000ae200000|100%| E|CS|TAMS 0x00000000ae100000| PB 0x00000000ae100000| Complete 
| 738|0x00000000ae200000, 0x00000000ae300000, 0x00000000ae300000|100%| E|CS|TAMS 0x00000000ae200000| PB 0x00000000ae200000| Complete 
| 739|0x00000000ae300000, 0x00000000ae400000, 0x00000000ae400000|100%| E|CS|TAMS 0x00000000ae300000| PB 0x00000000ae300000| Complete 
| 740|0x00000000ae400000, 0x00000000ae500000, 0x00000000ae500000|100%| E|CS|TAMS 0x00000000ae400000| PB 0x00000000ae400000| Complete 
| 741|0x00000000ae500000, 0x00000000ae600000, 0x00000000ae600000|100%| E|CS|TAMS 0x00000000ae500000| PB 0x00000000ae500000| Complete 
| 742|0x00000000ae600000, 0x00000000ae700000, 0x00000000ae700000|100%| E|CS|TAMS 0x00000000ae600000| PB 0x00000000ae600000| Complete 
| 743|0x00000000ae700000, 0x00000000ae800000, 0x00000000ae800000|100%| E|CS|TAMS 0x00000000ae700000| PB 0x00000000ae700000| Complete 
| 744|0x00000000ae800000, 0x00000000ae900000, 0x00000000ae900000|100%| E|CS|TAMS 0x00000000ae800000| PB 0x00000000ae800000| Complete 
| 745|0x00000000ae900000, 0x00000000aea00000, 0x00000000aea00000|100%| E|CS|TAMS 0x00000000ae900000| PB 0x00000000ae900000| Complete 
| 746|0x00000000aea00000, 0x00000000aeb00000, 0x00000000aeb00000|100%| E|CS|TAMS 0x00000000aea00000| PB 0x00000000aea00000| Complete 
| 747|0x00000000aeb00000, 0x00000000aec00000, 0x00000000aec00000|100%| E|CS|TAMS 0x00000000aeb00000| PB 0x00000000aeb00000| Complete 
| 748|0x00000000aec00000, 0x00000000aed00000, 0x00000000aed00000|100%| E|CS|TAMS 0x00000000aec00000| PB 0x00000000aec00000| Complete 
| 749|0x00000000aed00000, 0x00000000aee00000, 0x00000000aee00000|100%| E|CS|TAMS 0x00000000aed00000| PB 0x00000000aed00000| Complete 
| 750|0x00000000aee00000, 0x00000000aef00000, 0x00000000aef00000|100%| E|CS|TAMS 0x00000000aee00000| PB 0x00000000aee00000| Complete 
| 751|0x00000000aef00000, 0x00000000af000000, 0x00000000af000000|100%| E|CS|TAMS 0x00000000aef00000| PB 0x00000000aef00000| Complete 
| 752|0x00000000af000000, 0x00000000af100000, 0x00000000af100000|100%| E|CS|TAMS 0x00000000af000000| PB 0x00000000af000000| Complete 
| 753|0x00000000af100000, 0x00000000af200000, 0x00000000af200000|100%| E|CS|TAMS 0x00000000af100000| PB 0x00000000af100000| Complete 
| 754|0x00000000af200000, 0x00000000af300000, 0x00000000af300000|100%| E|CS|TAMS 0x00000000af200000| PB 0x00000000af200000| Complete 
| 755|0x00000000af300000, 0x00000000af400000, 0x00000000af400000|100%| E|CS|TAMS 0x00000000af300000| PB 0x00000000af300000| Complete 
| 756|0x00000000af400000, 0x00000000af500000, 0x00000000af500000|100%| E|CS|TAMS 0x00000000af400000| PB 0x00000000af400000| Complete 
| 757|0x00000000af500000, 0x00000000af600000, 0x00000000af600000|100%| E|CS|TAMS 0x00000000af500000| PB 0x00000000af500000| Complete 
| 758|0x00000000af600000, 0x00000000af700000, 0x00000000af700000|100%| E|CS|TAMS 0x00000000af600000| PB 0x00000000af600000| Complete 
| 759|0x00000000af700000, 0x00000000af800000, 0x00000000af800000|100%| E|CS|TAMS 0x00000000af700000| PB 0x00000000af700000| Complete 
| 760|0x00000000af800000, 0x00000000af900000, 0x00000000af900000|100%| E|CS|TAMS 0x00000000af800000| PB 0x00000000af800000| Complete 
| 761|0x00000000af900000, 0x00000000afa00000, 0x00000000afa00000|100%| E|CS|TAMS 0x00000000af900000| PB 0x00000000af900000| Complete 
| 762|0x00000000afa00000, 0x00000000afb00000, 0x00000000afb00000|100%| E|CS|TAMS 0x00000000afa00000| PB 0x00000000afa00000| Complete 
| 763|0x00000000afb00000, 0x00000000afc00000, 0x00000000afc00000|100%| E|CS|TAMS 0x00000000afb00000| PB 0x00000000afb00000| Complete 
| 764|0x00000000afc00000, 0x00000000afd00000, 0x00000000afd00000|100%| E|CS|TAMS 0x00000000afc00000| PB 0x00000000afc00000| Complete 
| 765|0x00000000afd00000, 0x00000000afe00000, 0x00000000afe00000|100%| E|CS|TAMS 0x00000000afd00000| PB 0x00000000afd00000| Complete 
| 766|0x00000000afe00000, 0x00000000aff00000, 0x00000000aff00000|100%| E|CS|TAMS 0x00000000afe00000| PB 0x00000000afe00000| Complete 
| 767|0x00000000aff00000, 0x00000000b0000000, 0x00000000b0000000|100%| E|CS|TAMS 0x00000000aff00000| PB 0x00000000aff00000| Complete 
| 768|0x00000000b0000000, 0x00000000b0100000, 0x00000000b0100000|100%| E|CS|TAMS 0x00000000b0000000| PB 0x00000000b0000000| Complete 
| 769|0x00000000b0100000, 0x00000000b0200000, 0x00000000b0200000|100%| E|CS|TAMS 0x00000000b0100000| PB 0x00000000b0100000| Complete 
| 770|0x00000000b0200000, 0x00000000b0300000, 0x00000000b0300000|100%| E|CS|TAMS 0x00000000b0200000| PB 0x00000000b0200000| Complete 
| 771|0x00000000b0300000, 0x00000000b0400000, 0x00000000b0400000|100%| E|CS|TAMS 0x00000000b0300000| PB 0x00000000b0300000| Complete 
| 772|0x00000000b0400000, 0x00000000b0500000, 0x00000000b0500000|100%| E|CS|TAMS 0x00000000b0400000| PB 0x00000000b0400000| Complete 
| 773|0x00000000b0500000, 0x00000000b0600000, 0x00000000b0600000|100%| E|CS|TAMS 0x00000000b0500000| PB 0x00000000b0500000| Complete 
| 774|0x00000000b0600000, 0x00000000b0700000, 0x00000000b0700000|100%| E|CS|TAMS 0x00000000b0600000| PB 0x00000000b0600000| Complete 
| 775|0x00000000b0700000, 0x00000000b0800000, 0x00000000b0800000|100%| E|CS|TAMS 0x00000000b0700000| PB 0x00000000b0700000| Complete 
| 776|0x00000000b0800000, 0x00000000b0900000, 0x00000000b0900000|100%| E|CS|TAMS 0x00000000b0800000| PB 0x00000000b0800000| Complete 
| 777|0x00000000b0900000, 0x00000000b0a00000, 0x00000000b0a00000|100%| E|CS|TAMS 0x00000000b0900000| PB 0x00000000b0900000| Complete 
| 778|0x00000000b0a00000, 0x00000000b0b00000, 0x00000000b0b00000|100%| E|CS|TAMS 0x00000000b0a00000| PB 0x00000000b0a00000| Complete 
| 779|0x00000000b0b00000, 0x00000000b0c00000, 0x00000000b0c00000|100%| E|CS|TAMS 0x00000000b0b00000| PB 0x00000000b0b00000| Complete 
| 780|0x00000000b0c00000, 0x00000000b0d00000, 0x00000000b0d00000|100%| E|CS|TAMS 0x00000000b0c00000| PB 0x00000000b0c00000| Complete 
| 781|0x00000000b0d00000, 0x00000000b0e00000, 0x00000000b0e00000|100%| E|CS|TAMS 0x00000000b0d00000| PB 0x00000000b0d00000| Complete 
| 782|0x00000000b0e00000, 0x00000000b0f00000, 0x00000000b0f00000|100%| E|CS|TAMS 0x00000000b0e00000| PB 0x00000000b0e00000| Complete 
| 783|0x00000000b0f00000, 0x00000000b1000000, 0x00000000b1000000|100%| E|CS|TAMS 0x00000000b0f00000| PB 0x00000000b0f00000| Complete 
| 784|0x00000000b1000000, 0x00000000b1100000, 0x00000000b1100000|100%| E|CS|TAMS 0x00000000b1000000| PB 0x00000000b1000000| Complete 
| 785|0x00000000b1100000, 0x00000000b1200000, 0x00000000b1200000|100%| E|CS|TAMS 0x00000000b1100000| PB 0x00000000b1100000| Complete 
| 786|0x00000000b1200000, 0x00000000b1300000, 0x00000000b1300000|100%| E|CS|TAMS 0x00000000b1200000| PB 0x00000000b1200000| Complete 
| 787|0x00000000b1300000, 0x00000000b1400000, 0x00000000b1400000|100%| E|CS|TAMS 0x00000000b1300000| PB 0x00000000b1300000| Complete 
| 788|0x00000000b1400000, 0x00000000b1500000, 0x00000000b1500000|100%| E|CS|TAMS 0x00000000b1400000| PB 0x00000000b1400000| Complete 
| 789|0x00000000b1500000, 0x00000000b1600000, 0x00000000b1600000|100%| E|CS|TAMS 0x00000000b1500000| PB 0x00000000b1500000| Complete 
| 790|0x00000000b1600000, 0x00000000b1700000, 0x00000000b1700000|100%| E|CS|TAMS 0x00000000b1600000| PB 0x00000000b1600000| Complete 
| 791|0x00000000b1700000, 0x00000000b1800000, 0x00000000b1800000|100%| E|CS|TAMS 0x00000000b1700000| PB 0x00000000b1700000| Complete 
| 792|0x00000000b1800000, 0x00000000b1900000, 0x00000000b1900000|100%| E|CS|TAMS 0x00000000b1800000| PB 0x00000000b1800000| Complete 
| 793|0x00000000b1900000, 0x00000000b1a00000, 0x00000000b1a00000|100%| E|CS|TAMS 0x00000000b1900000| PB 0x00000000b1900000| Complete 
| 794|0x00000000b1a00000, 0x00000000b1b00000, 0x00000000b1b00000|100%| E|CS|TAMS 0x00000000b1a00000| PB 0x00000000b1a00000| Complete 
| 795|0x00000000b1b00000, 0x00000000b1c00000, 0x00000000b1c00000|100%| E|CS|TAMS 0x00000000b1b00000| PB 0x00000000b1b00000| Complete 
| 796|0x00000000b1c00000, 0x00000000b1d00000, 0x00000000b1d00000|100%| E|CS|TAMS 0x00000000b1c00000| PB 0x00000000b1c00000| Complete 
| 797|0x00000000b1d00000, 0x00000000b1e00000, 0x00000000b1e00000|100%| E|CS|TAMS 0x00000000b1d00000| PB 0x00000000b1d00000| Complete 
| 798|0x00000000b1e00000, 0x00000000b1f00000, 0x00000000b1f00000|100%| E|CS|TAMS 0x00000000b1e00000| PB 0x00000000b1e00000| Complete 
| 799|0x00000000b1f00000, 0x00000000b2000000, 0x00000000b2000000|100%| E|CS|TAMS 0x00000000b1f00000| PB 0x00000000b1f00000| Complete 
| 800|0x00000000b2000000, 0x00000000b2100000, 0x00000000b2100000|100%| E|CS|TAMS 0x00000000b2000000| PB 0x00000000b2000000| Complete 
| 801|0x00000000b2100000, 0x00000000b2200000, 0x00000000b2200000|100%| E|CS|TAMS 0x00000000b2100000| PB 0x00000000b2100000| Complete 
| 802|0x00000000b2200000, 0x00000000b2300000, 0x00000000b2300000|100%| E|CS|TAMS 0x00000000b2200000| PB 0x00000000b2200000| Complete 
| 803|0x00000000b2300000, 0x00000000b2400000, 0x00000000b2400000|100%| E|CS|TAMS 0x00000000b2300000| PB 0x00000000b2300000| Complete 
| 804|0x00000000b2400000, 0x00000000b2500000, 0x00000000b2500000|100%| E|CS|TAMS 0x00000000b2400000| PB 0x00000000b2400000| Complete 
| 805|0x00000000b2500000, 0x00000000b2600000, 0x00000000b2600000|100%| E|CS|TAMS 0x00000000b2500000| PB 0x00000000b2500000| Complete 
| 806|0x00000000b2600000, 0x00000000b2700000, 0x00000000b2700000|100%| E|CS|TAMS 0x00000000b2600000| PB 0x00000000b2600000| Complete 
| 807|0x00000000b2700000, 0x00000000b2800000, 0x00000000b2800000|100%| E|CS|TAMS 0x00000000b2700000| PB 0x00000000b2700000| Complete 
| 808|0x00000000b2800000, 0x00000000b2900000, 0x00000000b2900000|100%| E|CS|TAMS 0x00000000b2800000| PB 0x00000000b2800000| Complete 
| 809|0x00000000b2900000, 0x00000000b2a00000, 0x00000000b2a00000|100%| E|CS|TAMS 0x00000000b2900000| PB 0x00000000b2900000| Complete 
| 810|0x00000000b2a00000, 0x00000000b2b00000, 0x00000000b2b00000|100%| E|CS|TAMS 0x00000000b2a00000| PB 0x00000000b2a00000| Complete 
| 811|0x00000000b2b00000, 0x00000000b2c00000, 0x00000000b2c00000|100%| E|CS|TAMS 0x00000000b2b00000| PB 0x00000000b2b00000| Complete 
| 812|0x00000000b2c00000, 0x00000000b2d00000, 0x00000000b2d00000|100%| E|CS|TAMS 0x00000000b2c00000| PB 0x00000000b2c00000| Complete 
| 813|0x00000000b2d00000, 0x00000000b2e00000, 0x00000000b2e00000|100%| E|CS|TAMS 0x00000000b2d00000| PB 0x00000000b2d00000| Complete 
| 814|0x00000000b2e00000, 0x00000000b2f00000, 0x00000000b2f00000|100%| E|CS|TAMS 0x00000000b2e00000| PB 0x00000000b2e00000| Complete 
| 815|0x00000000b2f00000, 0x00000000b3000000, 0x00000000b3000000|100%| E|CS|TAMS 0x00000000b2f00000| PB 0x00000000b2f00000| Complete 
| 816|0x00000000b3000000, 0x00000000b3100000, 0x00000000b3100000|100%| E|CS|TAMS 0x00000000b3000000| PB 0x00000000b3000000| Complete 
| 817|0x00000000b3100000, 0x00000000b3200000, 0x00000000b3200000|100%| E|CS|TAMS 0x00000000b3100000| PB 0x00000000b3100000| Complete 
| 818|0x00000000b3200000, 0x00000000b3300000, 0x00000000b3300000|100%| E|CS|TAMS 0x00000000b3200000| PB 0x00000000b3200000| Complete 
| 819|0x00000000b3300000, 0x00000000b3400000, 0x00000000b3400000|100%| E|CS|TAMS 0x00000000b3300000| PB 0x00000000b3300000| Complete 
| 820|0x00000000b3400000, 0x00000000b3500000, 0x00000000b3500000|100%| E|CS|TAMS 0x00000000b3400000| PB 0x00000000b3400000| Complete 
| 821|0x00000000b3500000, 0x00000000b3600000, 0x00000000b3600000|100%| E|CS|TAMS 0x00000000b3500000| PB 0x00000000b3500000| Complete 
| 822|0x00000000b3600000, 0x00000000b3700000, 0x00000000b3700000|100%| E|CS|TAMS 0x00000000b3600000| PB 0x00000000b3600000| Complete 
| 823|0x00000000b3700000, 0x00000000b3800000, 0x00000000b3800000|100%| E|CS|TAMS 0x00000000b3700000| PB 0x00000000b3700000| Complete 
| 824|0x00000000b3800000, 0x00000000b3900000, 0x00000000b3900000|100%| E|CS|TAMS 0x00000000b3800000| PB 0x00000000b3800000| Complete 
| 825|0x00000000b3900000, 0x00000000b3a00000, 0x00000000b3a00000|100%| E|CS|TAMS 0x00000000b3900000| PB 0x00000000b3900000| Complete 
| 826|0x00000000b3a00000, 0x00000000b3b00000, 0x00000000b3b00000|100%| E|CS|TAMS 0x00000000b3a00000| PB 0x00000000b3a00000| Complete 
| 827|0x00000000b3b00000, 0x00000000b3c00000, 0x00000000b3c00000|100%| E|CS|TAMS 0x00000000b3b00000| PB 0x00000000b3b00000| Complete 
| 828|0x00000000b3c00000, 0x00000000b3d00000, 0x00000000b3d00000|100%| E|CS|TAMS 0x00000000b3c00000| PB 0x00000000b3c00000| Complete 
| 829|0x00000000b3d00000, 0x00000000b3e00000, 0x00000000b3e00000|100%| E|CS|TAMS 0x00000000b3d00000| PB 0x00000000b3d00000| Complete 
| 830|0x00000000b3e00000, 0x00000000b3f00000, 0x00000000b3f00000|100%| E|CS|TAMS 0x00000000b3e00000| PB 0x00000000b3e00000| Complete 
| 831|0x00000000b3f00000, 0x00000000b4000000, 0x00000000b4000000|100%| E|CS|TAMS 0x00000000b3f00000| PB 0x00000000b3f00000| Complete 
| 832|0x00000000b4000000, 0x00000000b4100000, 0x00000000b4100000|100%| E|CS|TAMS 0x00000000b4000000| PB 0x00000000b4000000| Complete 
| 833|0x00000000b4100000, 0x00000000b4200000, 0x00000000b4200000|100%| E|CS|TAMS 0x00000000b4100000| PB 0x00000000b4100000| Complete 
| 834|0x00000000b4200000, 0x00000000b4300000, 0x00000000b4300000|100%| E|CS|TAMS 0x00000000b4200000| PB 0x00000000b4200000| Complete 
| 835|0x00000000b4300000, 0x00000000b4400000, 0x00000000b4400000|100%| E|CS|TAMS 0x00000000b4300000| PB 0x00000000b4300000| Complete 
| 836|0x00000000b4400000, 0x00000000b4500000, 0x00000000b4500000|100%| E|CS|TAMS 0x00000000b4400000| PB 0x00000000b4400000| Complete 
| 837|0x00000000b4500000, 0x00000000b4600000, 0x00000000b4600000|100%| E|CS|TAMS 0x00000000b4500000| PB 0x00000000b4500000| Complete 
| 838|0x00000000b4600000, 0x00000000b4700000, 0x00000000b4700000|100%| E|CS|TAMS 0x00000000b4600000| PB 0x00000000b4600000| Complete 
| 839|0x00000000b4700000, 0x00000000b4800000, 0x00000000b4800000|100%| E|CS|TAMS 0x00000000b4700000| PB 0x00000000b4700000| Complete 
| 840|0x00000000b4800000, 0x00000000b4900000, 0x00000000b4900000|100%| E|CS|TAMS 0x00000000b4800000| PB 0x00000000b4800000| Complete 
| 841|0x00000000b4900000, 0x00000000b4a00000, 0x00000000b4a00000|100%| E|CS|TAMS 0x00000000b4900000| PB 0x00000000b4900000| Complete 
| 842|0x00000000b4a00000, 0x00000000b4b00000, 0x00000000b4b00000|100%| E|CS|TAMS 0x00000000b4a00000| PB 0x00000000b4a00000| Complete 
| 843|0x00000000b4b00000, 0x00000000b4c00000, 0x00000000b4c00000|100%| E|CS|TAMS 0x00000000b4b00000| PB 0x00000000b4b00000| Complete 
| 844|0x00000000b4c00000, 0x00000000b4d00000, 0x00000000b4d00000|100%| E|CS|TAMS 0x00000000b4c00000| PB 0x00000000b4c00000| Complete 
| 845|0x00000000b4d00000, 0x00000000b4e00000, 0x00000000b4e00000|100%| E|CS|TAMS 0x00000000b4d00000| PB 0x00000000b4d00000| Complete 
| 846|0x00000000b4e00000, 0x00000000b4f00000, 0x00000000b4f00000|100%| E|CS|TAMS 0x00000000b4e00000| PB 0x00000000b4e00000| Complete 
| 847|0x00000000b4f00000, 0x00000000b5000000, 0x00000000b5000000|100%| E|CS|TAMS 0x00000000b4f00000| PB 0x00000000b4f00000| Complete 
| 848|0x00000000b5000000, 0x00000000b5100000, 0x00000000b5100000|100%| E|CS|TAMS 0x00000000b5000000| PB 0x00000000b5000000| Complete 
| 849|0x00000000b5100000, 0x00000000b5200000, 0x00000000b5200000|100%| E|CS|TAMS 0x00000000b5100000| PB 0x00000000b5100000| Complete 
| 850|0x00000000b5200000, 0x00000000b5300000, 0x00000000b5300000|100%| E|CS|TAMS 0x00000000b5200000| PB 0x00000000b5200000| Complete 
| 851|0x00000000b5300000, 0x00000000b5400000, 0x00000000b5400000|100%| E|CS|TAMS 0x00000000b5300000| PB 0x00000000b5300000| Complete 
| 852|0x00000000b5400000, 0x00000000b5500000, 0x00000000b5500000|100%| E|CS|TAMS 0x00000000b5400000| PB 0x00000000b5400000| Complete 
| 853|0x00000000b5500000, 0x00000000b5600000, 0x00000000b5600000|100%| E|CS|TAMS 0x00000000b5500000| PB 0x00000000b5500000| Complete 
| 854|0x00000000b5600000, 0x00000000b5700000, 0x00000000b5700000|100%| E|CS|TAMS 0x00000000b5600000| PB 0x00000000b5600000| Complete 
| 855|0x00000000b5700000, 0x00000000b5800000, 0x00000000b5800000|100%| E|CS|TAMS 0x00000000b5700000| PB 0x00000000b5700000| Complete 
| 856|0x00000000b5800000, 0x00000000b5900000, 0x00000000b5900000|100%| E|CS|TAMS 0x00000000b5800000| PB 0x00000000b5800000| Complete 
| 857|0x00000000b5900000, 0x00000000b5a00000, 0x00000000b5a00000|100%| E|CS|TAMS 0x00000000b5900000| PB 0x00000000b5900000| Complete 
| 858|0x00000000b5a00000, 0x00000000b5b00000, 0x00000000b5b00000|100%| E|CS|TAMS 0x00000000b5a00000| PB 0x00000000b5a00000| Complete 
| 859|0x00000000b5b00000, 0x00000000b5c00000, 0x00000000b5c00000|100%| E|CS|TAMS 0x00000000b5b00000| PB 0x00000000b5b00000| Complete 
| 860|0x00000000b5c00000, 0x00000000b5d00000, 0x00000000b5d00000|100%| E|CS|TAMS 0x00000000b5c00000| PB 0x00000000b5c00000| Complete 
| 861|0x00000000b5d00000, 0x00000000b5e00000, 0x00000000b5e00000|100%| E|CS|TAMS 0x00000000b5d00000| PB 0x00000000b5d00000| Complete 
| 862|0x00000000b5e00000, 0x00000000b5f00000, 0x00000000b5f00000|100%| E|CS|TAMS 0x00000000b5e00000| PB 0x00000000b5e00000| Complete 
| 863|0x00000000b5f00000, 0x00000000b6000000, 0x00000000b6000000|100%| E|CS|TAMS 0x00000000b5f00000| PB 0x00000000b5f00000| Complete 
| 864|0x00000000b6000000, 0x00000000b6100000, 0x00000000b6100000|100%| E|CS|TAMS 0x00000000b6000000| PB 0x00000000b6000000| Complete 
| 865|0x00000000b6100000, 0x00000000b6200000, 0x00000000b6200000|100%| E|CS|TAMS 0x00000000b6100000| PB 0x00000000b6100000| Complete 
| 866|0x00000000b6200000, 0x00000000b6300000, 0x00000000b6300000|100%| E|CS|TAMS 0x00000000b6200000| PB 0x00000000b6200000| Complete 
| 867|0x00000000b6300000, 0x00000000b6400000, 0x00000000b6400000|100%| E|CS|TAMS 0x00000000b6300000| PB 0x00000000b6300000| Complete 
| 868|0x00000000b6400000, 0x00000000b6500000, 0x00000000b6500000|100%| E|CS|TAMS 0x00000000b6400000| PB 0x00000000b6400000| Complete 
| 869|0x00000000b6500000, 0x00000000b6600000, 0x00000000b6600000|100%| E|CS|TAMS 0x00000000b6500000| PB 0x00000000b6500000| Complete 
| 870|0x00000000b6600000, 0x00000000b6700000, 0x00000000b6700000|100%| E|CS|TAMS 0x00000000b6600000| PB 0x00000000b6600000| Complete 
| 871|0x00000000b6700000, 0x00000000b6800000, 0x00000000b6800000|100%| E|CS|TAMS 0x00000000b6700000| PB 0x00000000b6700000| Complete 
| 872|0x00000000b6800000, 0x00000000b6900000, 0x00000000b6900000|100%| E|CS|TAMS 0x00000000b6800000| PB 0x00000000b6800000| Complete 
| 873|0x00000000b6900000, 0x00000000b6a00000, 0x00000000b6a00000|100%| E|CS|TAMS 0x00000000b6900000| PB 0x00000000b6900000| Complete 
| 874|0x00000000b6a00000, 0x00000000b6b00000, 0x00000000b6b00000|100%| E|CS|TAMS 0x00000000b6a00000| PB 0x00000000b6a00000| Complete 
| 875|0x00000000b6b00000, 0x00000000b6c00000, 0x00000000b6c00000|100%| E|CS|TAMS 0x00000000b6b00000| PB 0x00000000b6b00000| Complete 
| 876|0x00000000b6c00000, 0x00000000b6d00000, 0x00000000b6d00000|100%| E|CS|TAMS 0x00000000b6c00000| PB 0x00000000b6c00000| Complete 
| 877|0x00000000b6d00000, 0x00000000b6e00000, 0x00000000b6e00000|100%| E|CS|TAMS 0x00000000b6d00000| PB 0x00000000b6d00000| Complete 
| 878|0x00000000b6e00000, 0x00000000b6f00000, 0x00000000b6f00000|100%| E|CS|TAMS 0x00000000b6e00000| PB 0x00000000b6e00000| Complete 
| 879|0x00000000b6f00000, 0x00000000b7000000, 0x00000000b7000000|100%| E|CS|TAMS 0x00000000b6f00000| PB 0x00000000b6f00000| Complete 
| 880|0x00000000b7000000, 0x00000000b7100000, 0x00000000b7100000|100%| E|CS|TAMS 0x00000000b7000000| PB 0x00000000b7000000| Complete 
| 881|0x00000000b7100000, 0x00000000b7200000, 0x00000000b7200000|100%| E|CS|TAMS 0x00000000b7100000| PB 0x00000000b7100000| Complete 
| 882|0x00000000b7200000, 0x00000000b7300000, 0x00000000b7300000|100%| E|CS|TAMS 0x00000000b7200000| PB 0x00000000b7200000| Complete 
| 883|0x00000000b7300000, 0x00000000b7400000, 0x00000000b7400000|100%| E|CS|TAMS 0x00000000b7300000| PB 0x00000000b7300000| Complete 
| 884|0x00000000b7400000, 0x00000000b7500000, 0x00000000b7500000|100%| E|CS|TAMS 0x00000000b7400000| PB 0x00000000b7400000| Complete 
| 885|0x00000000b7500000, 0x00000000b7600000, 0x00000000b7600000|100%| E|CS|TAMS 0x00000000b7500000| PB 0x00000000b7500000| Complete 
| 886|0x00000000b7600000, 0x00000000b7700000, 0x00000000b7700000|100%| E|CS|TAMS 0x00000000b7600000| PB 0x00000000b7600000| Complete 
| 887|0x00000000b7700000, 0x00000000b7800000, 0x00000000b7800000|100%| E|CS|TAMS 0x00000000b7700000| PB 0x00000000b7700000| Complete 
| 888|0x00000000b7800000, 0x00000000b7900000, 0x00000000b7900000|100%| E|CS|TAMS 0x00000000b7800000| PB 0x00000000b7800000| Complete 
| 889|0x00000000b7900000, 0x00000000b7a00000, 0x00000000b7a00000|100%| E|CS|TAMS 0x00000000b7900000| PB 0x00000000b7900000| Complete 
| 890|0x00000000b7a00000, 0x00000000b7b00000, 0x00000000b7b00000|100%| E|CS|TAMS 0x00000000b7a00000| PB 0x00000000b7a00000| Complete 
| 891|0x00000000b7b00000, 0x00000000b7c00000, 0x00000000b7c00000|100%| E|CS|TAMS 0x00000000b7b00000| PB 0x00000000b7b00000| Complete 
| 892|0x00000000b7c00000, 0x00000000b7d00000, 0x00000000b7d00000|100%| E|CS|TAMS 0x00000000b7c00000| PB 0x00000000b7c00000| Complete 
| 893|0x00000000b7d00000, 0x00000000b7e00000, 0x00000000b7e00000|100%| E|CS|TAMS 0x00000000b7d00000| PB 0x00000000b7d00000| Complete 
| 894|0x00000000b7e00000, 0x00000000b7f00000, 0x00000000b7f00000|100%| E|CS|TAMS 0x00000000b7e00000| PB 0x00000000b7e00000| Complete 
| 895|0x00000000b7f00000, 0x00000000b8000000, 0x00000000b8000000|100%| E|CS|TAMS 0x00000000b7f00000| PB 0x00000000b7f00000| Complete 
| 896|0x00000000b8000000, 0x00000000b8100000, 0x00000000b8100000|100%| E|CS|TAMS 0x00000000b8000000| PB 0x00000000b8000000| Complete 
| 897|0x00000000b8100000, 0x00000000b8200000, 0x00000000b8200000|100%| E|CS|TAMS 0x00000000b8100000| PB 0x00000000b8100000| Complete 
| 898|0x00000000b8200000, 0x00000000b8300000, 0x00000000b8300000|100%| E|CS|TAMS 0x00000000b8200000| PB 0x00000000b8200000| Complete 
| 899|0x00000000b8300000, 0x00000000b8400000, 0x00000000b8400000|100%| E|CS|TAMS 0x00000000b8300000| PB 0x00000000b8300000| Complete 
| 900|0x00000000b8400000, 0x00000000b8500000, 0x00000000b8500000|100%| E|CS|TAMS 0x00000000b8400000| PB 0x00000000b8400000| Complete 
| 901|0x00000000b8500000, 0x00000000b8600000, 0x00000000b8600000|100%| E|CS|TAMS 0x00000000b8500000| PB 0x00000000b8500000| Complete 
| 902|0x00000000b8600000, 0x00000000b8700000, 0x00000000b8700000|100%| E|CS|TAMS 0x00000000b8600000| PB 0x00000000b8600000| Complete 
| 903|0x00000000b8700000, 0x00000000b8800000, 0x00000000b8800000|100%| E|CS|TAMS 0x00000000b8700000| PB 0x00000000b8700000| Complete 
| 904|0x00000000b8800000, 0x00000000b8900000, 0x00000000b8900000|100%| E|CS|TAMS 0x00000000b8800000| PB 0x00000000b8800000| Complete 
| 905|0x00000000b8900000, 0x00000000b8a00000, 0x00000000b8a00000|100%| E|CS|TAMS 0x00000000b8900000| PB 0x00000000b8900000| Complete 
| 906|0x00000000b8a00000, 0x00000000b8b00000, 0x00000000b8b00000|100%| E|CS|TAMS 0x00000000b8a00000| PB 0x00000000b8a00000| Complete 
| 907|0x00000000b8b00000, 0x00000000b8c00000, 0x00000000b8c00000|100%| E|CS|TAMS 0x00000000b8b00000| PB 0x00000000b8b00000| Complete 
| 908|0x00000000b8c00000, 0x00000000b8d00000, 0x00000000b8d00000|100%| E|CS|TAMS 0x00000000b8c00000| PB 0x00000000b8c00000| Complete 
| 909|0x00000000b8d00000, 0x00000000b8e00000, 0x00000000b8e00000|100%| E|CS|TAMS 0x00000000b8d00000| PB 0x00000000b8d00000| Complete 
| 910|0x00000000b8e00000, 0x00000000b8f00000, 0x00000000b8f00000|100%| E|CS|TAMS 0x00000000b8e00000| PB 0x00000000b8e00000| Complete 
| 911|0x00000000b8f00000, 0x00000000b9000000, 0x00000000b9000000|100%| E|CS|TAMS 0x00000000b8f00000| PB 0x00000000b8f00000| Complete 
| 912|0x00000000b9000000, 0x00000000b9100000, 0x00000000b9100000|100%| E|CS|TAMS 0x00000000b9000000| PB 0x00000000b9000000| Complete 
| 913|0x00000000b9100000, 0x00000000b9200000, 0x00000000b9200000|100%| E|CS|TAMS 0x00000000b9100000| PB 0x00000000b9100000| Complete 
| 914|0x00000000b9200000, 0x00000000b9300000, 0x00000000b9300000|100%| E|CS|TAMS 0x00000000b9200000| PB 0x00000000b9200000| Complete 
| 915|0x00000000b9300000, 0x00000000b9400000, 0x00000000b9400000|100%| E|CS|TAMS 0x00000000b9300000| PB 0x00000000b9300000| Complete 
| 916|0x00000000b9400000, 0x00000000b9500000, 0x00000000b9500000|100%| E|CS|TAMS 0x00000000b9400000| PB 0x00000000b9400000| Complete 
|2047|0x00000000fff00000, 0x0000000100000000, 0x0000000100000000|100%| O|  |TAMS 0x00000000fff00000| PB 0x00000000fff00000| Untracked 

Card table byte_map: [0x0000024fb6460000,0x0000024fb6860000] _byte_map_base: 0x0000024fb6060000

Marking Bits: (CMBitMap*) 0x0000024f9de345c0
 Bits: [0x0000024fb6860000, 0x0000024fb8860000)

Polling page: 0x0000024f9bcc0000

Metaspace:

Usage:
  Non-class:     64.88 MB used.
      Class:     10.50 MB used.
       Both:     75.38 MB used.

Virtual space:
  Non-class space:      128.00 MB reserved,      66.12 MB ( 52%) committed,  2 nodes.
      Class space:        1.00 GB reserved,      11.69 MB (  1%) committed,  1 nodes.
             Both:        1.12 GB reserved,      77.81 MB (  7%) committed. 

Chunk freelists:
   Non-Class:  13.85 MB
       Class:  4.27 MB
        Both:  18.12 MB

MaxMetaspaceSize: unlimited
CompressedClassSpaceSize: 1.00 GB
Initial GC threshold: 21.00 MB
Current GC threshold: 128.69 MB
CDS: on
 - commit_granule_bytes: 65536.
 - commit_granule_words: 8192.
 - virtual_space_node_default_size: 8388608.
 - enlarge_chunks_in_place: 1.
 - use_allocation_guard: 0.


Internal statistics:

num_allocs_failed_limit: 11.
num_arena_births: 4392.
num_arena_deaths: 0.
num_vsnodes_births: 3.
num_vsnodes_deaths: 0.
num_space_committed: 1245.
num_space_uncommitted: 0.
num_chunks_returned_to_freelist: 11.
num_chunks_taken_from_freelist: 8114.
num_chunk_merges: 11.
num_chunk_splits: 5162.
num_chunks_enlarged: 2986.
num_inconsistent_stats: 0.

CodeHeap 'non-profiled nmethods': size=119168Kb used=10148Kb max_used=10148Kb free=109019Kb
 bounds [0x0000024fade00000, 0x0000024fae7f0000, 0x0000024fb5260000]
CodeHeap 'profiled nmethods': size=119104Kb used=22839Kb max_used=23657Kb free=96264Kb
 bounds [0x0000024fa6260000, 0x0000024fa79e0000, 0x0000024fad6b0000]
CodeHeap 'non-nmethods': size=7488Kb used=3817Kb max_used=3937Kb free=3671Kb
 bounds [0x0000024fad6b0000, 0x0000024fada90000, 0x0000024fade00000]
 total_blobs=12926 nmethods=12075 adapters=751
 compilation: enabled
              stopped_count=0, restarted_count=0
 full_count=0

Compilation events (20 events):
Event: 11.532 Thread 0x0000024f8ac33870 14664   !   4       jdk.nio.zipfs.ZipFileSystem::newOutputStream (413 bytes)
Event: 11.534 Thread 0x0000024f8ac32400 14665       4       java.lang.Double::floatValue (6 bytes)
Event: 11.534 Thread 0x0000024f8ac32400 nmethod 14665 0x0000024fae7e2690 code [0x0000024fae7e2800, 0x0000024fae7e2890]
Event: 11.536 Thread 0x0000024f8ac32400 14666       4       java.lang.Double::intValue (6 bytes)
Event: 11.536 Thread 0x0000024f8ac32400 nmethod 14666 0x0000024fae7e2990 code [0x0000024fae7e2b00, 0x0000024fae7e2bb0]
Event: 11.549 Thread 0x0000024f8ac33870 nmethod 14664 0x0000024fae7e2c90 code [0x0000024fae7e3020, 0x0000024fae7e4530]
Event: 11.559 Thread 0x0000024fbc017b50 14667       4       java.util.ImmutableCollections::listFromTrustedArray (125 bytes)
Event: 11.565 Thread 0x0000024fbc017b50 nmethod 14667 0x0000024fae7e5490 code [0x0000024fae7e5620, 0x0000024fae7e5810]
Event: 11.576 Thread 0x0000024f8adf5e10 14668       3       java.util.Collections$EmptyList::spliterator (4 bytes)
Event: 11.577 Thread 0x0000024f8adf5e10 nmethod 14668 0x0000024fa636cf10 code [0x0000024fa636d0a0, 0x0000024fa636d210]
Event: 11.596 Thread 0x0000024fbc017b50 14669       4       java.util.concurrent.ThreadPoolExecutor::runStateAtLeast (11 bytes)
Event: 11.596 Thread 0x0000024fbc017b50 nmethod 14669 0x0000024fae7e5990 code [0x0000024fae7e5b00, 0x0000024fae7e5b78]
Event: 11.602 Thread 0x0000024f876e6280 14670       4       org.objectweb.asm.SymbolTable::addConstantIntegerOrFloat (100 bytes)
Event: 11.610 Thread 0x0000024fbc017b50 14671       4       daomephsta.unpick.impl.DataTypeUtils$$Lambda/0x0000024fbebb3348::apply (11 bytes)
Event: 11.611 Thread 0x0000024fbc017b50 nmethod 14671 0x0000024fae7e5c90 code [0x0000024fae7e5e20, 0x0000024fae7e5fa8]
Event: 11.615 Thread 0x0000024f876e6280 nmethod 14670 0x0000024fae7e6110 code [0x0000024fae7e6320, 0x0000024fae7e7090]
Event: 11.682 Thread 0x0000024f8ac33870 14672       4       daomephsta.unpick.constantmappers.datadriven.tree.expr.FieldExpression::accept (6 bytes)
Event: 11.683 Thread 0x0000024f8ac33870 nmethod 14672 0x0000024fae7e7610 code [0x0000024fae7e77a0, 0x0000024fae7e7858]
Event: 11.731 Thread 0x0000024f876e6280 14673       4       org.objectweb.asm.SymbolTable::addConstantFloat (10 bytes)
Event: 11.732 Thread 0x0000024f876e6280 nmethod 14673 0x0000024fae7e7910 code [0x0000024fae7e7aa0, 0x0000024fae7e7b60]

GC Heap History (20 events):
Event: 11.114 GC heap before
{Heap before GC invocations=61 (full 0):
 garbage-first heap   total 839680K, used 674496K [0x0000000080000000, 0x0000000100000000)
  region size 1024K, 492 young (503808K), 29 survivors (29696K)
 Metaspace       used 77115K, committed 79616K, reserved 1179648K
  class space    used 10742K, committed 11968K, reserved 1048576K
}
Event: 11.118 GC heap after
{Heap after GC invocations=62 (full 0):
 garbage-first heap   total 839680K, used 203444K [0x0000000080000000, 0x0000000100000000)
  region size 1024K, 30 young (30720K), 30 survivors (30720K)
 Metaspace       used 77115K, committed 79616K, reserved 1179648K
  class space    used 10742K, committed 11968K, reserved 1048576K
}
Event: 11.177 GC heap before
{Heap before GC invocations=62 (full 0):
 garbage-first heap   total 839680K, used 675508K [0x0000000080000000, 0x0000000100000000)
  region size 1024K, 492 young (503808K), 30 survivors (30720K)
 Metaspace       used 77159K, committed 79680K, reserved 1179648K
  class space    used 10748K, committed 11968K, reserved 1048576K
}
Event: 11.181 GC heap after
{Heap after GC invocations=63 (full 0):
 garbage-first heap   total 839680K, used 207314K [0x0000000080000000, 0x0000000100000000)
  region size 1024K, 33 young (33792K), 33 survivors (33792K)
 Metaspace       used 77159K, committed 79680K, reserved 1179648K
  class space    used 10748K, committed 11968K, reserved 1048576K
}
Event: 11.234 GC heap before
{Heap before GC invocations=63 (full 0):
 garbage-first heap   total 839680K, used 676306K [0x0000000080000000, 0x0000000100000000)
  region size 1024K, 492 young (503808K), 33 survivors (33792K)
 Metaspace       used 77160K, committed 79680K, reserved 1179648K
  class space    used 10748K, committed 11968K, reserved 1048576K
}
Event: 11.239 GC heap after
{Heap after GC invocations=64 (full 0):
 garbage-first heap   total 890880K, used 213653K [0x0000000080000000, 0x0000000100000000)
  region size 1024K, 38 young (38912K), 38 survivors (38912K)
 Metaspace       used 77160K, committed 79680K, reserved 1179648K
  class space    used 10748K, committed 11968K, reserved 1048576K
}
Event: 11.304 GC heap before
{Heap before GC invocations=64 (full 0):
 garbage-first heap   total 890880K, used 709269K [0x0000000080000000, 0x0000000100000000)
  region size 1024K, 522 young (534528K), 38 survivors (38912K)
 Metaspace       used 77161K, committed 79680K, reserved 1179648K
  class space    used 10748K, committed 11968K, reserved 1048576K
}
Event: 11.309 GC heap after
{Heap after GC invocations=65 (full 0):
 garbage-first heap   total 890880K, used 213024K [0x0000000080000000, 0x0000000100000000)
  region size 1024K, 35 young (35840K), 35 survivors (35840K)
 Metaspace       used 77161K, committed 79680K, reserved 1179648K
  class space    used 10748K, committed 11968K, reserved 1048576K
}
Event: 11.369 GC heap before
{Heap before GC invocations=65 (full 0):
 garbage-first heap   total 890880K, used 710688K [0x0000000080000000, 0x0000000100000000)
  region size 1024K, 522 young (534528K), 35 survivors (35840K)
 Metaspace       used 77161K, committed 79680K, reserved 1179648K
  class space    used 10748K, committed 11968K, reserved 1048576K
}
Event: 11.375 GC heap after
{Heap after GC invocations=66 (full 0):
 garbage-first heap   total 890880K, used 221839K [0x0000000080000000, 0x0000000100000000)
  region size 1024K, 44 young (45056K), 44 survivors (45056K)
 Metaspace       used 77161K, committed 79680K, reserved 1179648K
  class space    used 10748K, committed 11968K, reserved 1048576K
}
Event: 11.434 GC heap before
{Heap before GC invocations=66 (full 0):
 garbage-first heap   total 890880K, used 711311K [0x0000000080000000, 0x0000000100000000)
  region size 1024K, 522 young (534528K), 44 survivors (45056K)
 Metaspace       used 77181K, committed 79680K, reserved 1179648K
  class space    used 10752K, committed 11968K, reserved 1048576K
}
Event: 11.438 GC heap after
{Heap after GC invocations=67 (full 0):
 garbage-first heap   total 890880K, used 219818K [0x0000000080000000, 0x0000000100000000)
  region size 1024K, 34 young (34816K), 34 survivors (34816K)
 Metaspace       used 77181K, committed 79680K, reserved 1179648K
  class space    used 10752K, committed 11968K, reserved 1048576K
}
Event: 11.500 GC heap before
{Heap before GC invocations=67 (full 0):
 garbage-first heap   total 890880K, used 719530K [0x0000000080000000, 0x0000000100000000)
  region size 1024K, 522 young (534528K), 34 survivors (34816K)
 Metaspace       used 77185K, committed 79680K, reserved 1179648K
  class space    used 10753K, committed 11968K, reserved 1048576K
}
Event: 11.504 GC heap after
{Heap after GC invocations=68 (full 0):
 garbage-first heap   total 940032K, used 215659K [0x0000000080000000, 0x0000000100000000)
  region size 1024K, 30 young (30720K), 30 survivors (30720K)
 Metaspace       used 77185K, committed 79680K, reserved 1179648K
  class space    used 10753K, committed 11968K, reserved 1048576K
}
Event: 11.561 GC heap before
{Heap before GC invocations=68 (full 0):
 garbage-first heap   total 940032K, used 747115K [0x0000000080000000, 0x0000000100000000)
  region size 1024K, 550 young (563200K), 30 survivors (30720K)
 Metaspace       used 77185K, committed 79680K, reserved 1179648K
  class space    used 10753K, committed 11968K, reserved 1048576K
}
Event: 11.565 GC heap after
{Heap after GC invocations=69 (full 0):
 garbage-first heap   total 940032K, used 217658K [0x0000000080000000, 0x0000000100000000)
  region size 1024K, 32 young (32768K), 32 survivors (32768K)
 Metaspace       used 77185K, committed 79680K, reserved 1179648K
  class space    used 10753K, committed 11968K, reserved 1048576K
}
Event: 11.627 GC heap before
{Heap before GC invocations=69 (full 0):
 garbage-first heap   total 940032K, used 747066K [0x0000000080000000, 0x0000000100000000)
  region size 1024K, 550 young (563200K), 32 survivors (32768K)
 Metaspace       used 77185K, committed 79680K, reserved 1179648K
  class space    used 10753K, committed 11968K, reserved 1048576K
}
Event: 11.631 GC heap after
{Heap after GC invocations=70 (full 0):
 garbage-first heap   total 940032K, used 221756K [0x0000000080000000, 0x0000000100000000)
  region size 1024K, 36 young (36864K), 36 survivors (36864K)
 Metaspace       used 77185K, committed 79680K, reserved 1179648K
  class space    used 10753K, committed 11968K, reserved 1048576K
}
Event: 11.692 GC heap before
{Heap before GC invocations=70 (full 0):
 garbage-first heap   total 940032K, used 748092K [0x0000000080000000, 0x0000000100000000)
  region size 1024K, 550 young (563200K), 36 survivors (36864K)
 Metaspace       used 77191K, committed 79680K, reserved 1179648K
  class space    used 10753K, committed 11968K, reserved 1048576K
}
Event: 11.697 GC heap after
{Heap after GC invocations=71 (full 0):
 garbage-first heap   total 940032K, used 219735K [0x0000000080000000, 0x0000000100000000)
  region size 1024K, 34 young (34816K), 34 survivors (34816K)
 Metaspace       used 77191K, committed 79680K, reserved 1179648K
  class space    used 10753K, committed 11968K, reserved 1048576K
}

Dll operation events (15 events):
Event: 0.005 Loaded shared library C:\Program Files\Java\jdk-21\bin\java.dll
Event: 0.026 Loaded shared library C:\Program Files\Java\jdk-21\bin\jsvml.dll
Event: 0.044 Loaded shared library C:\Program Files\Java\jdk-21\bin\zip.dll
Event: 0.046 Loaded shared library C:\Program Files\Java\jdk-21\bin\instrument.dll
Event: 0.048 Loaded shared library C:\Program Files\Java\jdk-21\bin\net.dll
Event: 0.049 Loaded shared library C:\Program Files\Java\jdk-21\bin\nio.dll
Event: 0.051 Loaded shared library C:\Program Files\Java\jdk-21\bin\zip.dll
Event: 0.122 Loaded shared library C:\Program Files\Java\jdk-21\bin\jimage.dll
Event: 0.209 Loaded shared library C:\Program Files\Java\jdk-21\bin\verify.dll
Event: 0.223 Loaded shared library C:\Users\byd\.gradle\native\660c5614fbf4a5f2a75b1949f50a0caf5cd603558e7d8a26e50b933a0cfb79d1\windows-amd64\native-platform.dll
Event: 0.228 Loaded shared library C:\Users\byd\.gradle\native\0.2.8\x86_64-windows-gnu\gradle-fileevents.dll
Event: 0.559 Loaded shared library C:\Program Files\Java\jdk-21\bin\management.dll
Event: 0.561 Loaded shared library C:\Program Files\Java\jdk-21\bin\management_ext.dll
Event: 0.626 Loaded shared library C:\Program Files\Java\jdk-21\bin\extnet.dll
Event: 0.717 Loaded shared library C:\Program Files\Java\jdk-21\bin\sunmscapi.dll

Deoptimization events (20 events):
Event: 11.104 Thread 0x0000024f8824f8a0 DEOPT PACKING pc=0x0000024fae5915e8 sp=0x000000b06fcfec30
Event: 11.104 Thread 0x0000024f8824f8a0 DEOPT UNPACKING pc=0x0000024fad7046a2 sp=0x000000b06fcfebc8 mode 2
Event: 11.105 Thread 0x0000024f88251970 DEOPT PACKING pc=0x0000024fa6ac2f5e sp=0x000000b07b8fe5c0
Event: 11.105 Thread 0x0000024f88251970 DEOPT UNPACKING pc=0x0000024fad704e42 sp=0x000000b07b8fda40 mode 0
Event: 11.111 Thread 0x0000024f8ae72bc0 DEOPT PACKING pc=0x0000024fa6ac2f5e sp=0x000000b07c2fe840
Event: 11.111 Thread 0x0000024f8ae72bc0 DEOPT UNPACKING pc=0x0000024fad704e42 sp=0x000000b07c2fdcc0 mode 0
Event: 11.122 Thread 0x0000024f8ae74c90 DEOPT PACKING pc=0x0000024fa6ac2f5e sp=0x000000b07c3fe530
Event: 11.122 Thread 0x0000024f8ae74c90 DEOPT UNPACKING pc=0x0000024fad704e42 sp=0x000000b07c3fd9b0 mode 0
Event: 11.130 Thread 0x0000024f882512e0 DEOPT PACKING pc=0x0000024fa6ac2f5e sp=0x000000b07b1fee30
Event: 11.130 Thread 0x0000024f882512e0 DEOPT UNPACKING pc=0x0000024fad704e42 sp=0x000000b07b1fe2c0 mode 0
Event: 11.136 Thread 0x0000024f882533b0 DEOPT PACKING pc=0x0000024fa6ac2f5e sp=0x000000b07bcfeba0
Event: 11.136 Thread 0x0000024f882533b0 DEOPT UNPACKING pc=0x0000024fad704e42 sp=0x000000b07bcfe020 mode 0
Event: 11.140 Thread 0x0000024f8ae75320 DEOPT PACKING pc=0x0000024fa6ac2f5e sp=0x000000b07c4fe440
Event: 11.140 Thread 0x0000024f8ae75320 DEOPT UNPACKING pc=0x0000024fad704e42 sp=0x000000b07c4fd8c0 mode 0
Event: 11.146 Thread 0x0000024f88250c50 DEOPT PACKING pc=0x0000024fa6ac2f5e sp=0x000000b071dfeaa0
Event: 11.146 Thread 0x0000024f88250c50 DEOPT UNPACKING pc=0x0000024fad704e42 sp=0x000000b071dfdf20 mode 0
Event: 11.516 Thread 0x0000024f8ae75320 Uncommon trap: trap_request=0xffffff45 fr.pc=0x0000024fae0eb830 relative=0x0000000000000850
Event: 11.516 Thread 0x0000024f8ae75320 Uncommon trap: reason=unstable_if action=reinterpret pc=0x0000024fae0eb830 method=java.util.concurrent.locks.ReentrantReadWriteLock$Sync.tryReleaseShared(I)Z @ 82 c2
Event: 11.516 Thread 0x0000024f8ae75320 DEOPT PACKING pc=0x0000024fae0eb830 sp=0x000000b07c4fe840
Event: 11.516 Thread 0x0000024f8ae75320 DEOPT UNPACKING pc=0x0000024fad7046a2 sp=0x000000b07c4fe6d8 mode 2

Classes loaded (20 events):
Event: 11.130 Loading class java/net/DatagramSocketImpl
Event: 11.130 Loading class java/net/DatagramSocketImpl done
Event: 11.130 Loading class java/net/DatagramSocketImplFactory
Event: 11.130 Loading class java/net/DatagramSocketImplFactory done
Event: 11.139 Loading class javax/naming/directory/Attributes
Event: 11.139 Loading class javax/naming/directory/Attributes done
Event: 11.141 Loading class javax/naming/NamingEnumeration
Event: 11.141 Loading class javax/naming/NamingEnumeration done
Event: 11.141 Loading class javax/naming/directory/Attribute
Event: 11.141 Loading class javax/naming/directory/Attribute done
Event: 11.154 Loading class java/lang/invoke/MethodHandle$PolymorphicSignature
Event: 11.155 Loading class java/lang/invoke/MethodHandle$PolymorphicSignature done
Event: 11.162 Loading class java/awt/event/ActionEvent
Event: 11.162 Loading class java/awt/AWTEvent
Event: 11.163 Loading class java/awt/AWTEvent done
Event: 11.163 Loading class java/awt/event/ActionEvent done
Event: 11.462 Loading class java/util/function/DoubleUnaryOperator
Event: 11.462 Loading class java/util/function/DoubleUnaryOperator done
Event: 11.648 Loading class java/lang/management/RuntimeMXBean
Event: 11.649 Loading class java/lang/management/RuntimeMXBean done

Classes unloaded (0 events):
No events

Classes redefined (0 events):
No events

Internal exceptions (20 events):
Event: 7.970 Thread 0x0000024f878f2a40 Implicit null exception at 0x0000024fadf31637 to 0x0000024fadf33ea0
Event: 7.970 Thread 0x0000024f878f2a40 Implicit null exception at 0x0000024fae09f28f to 0x0000024fae0a06cc
Event: 7.970 Thread 0x0000024f878f2a40 Implicit null exception at 0x0000024fadeb3601 to 0x0000024fadeb4850
Event: 7.978 Thread 0x0000024f878f2a40 Exception <a 'java/lang/NoSuchMethodError'{0x000000008c2a6ed0}: 'int java.lang.invoke.DelegatingMethodHandle$Holder.reinvoke_L(java.lang.Object, java.lang.Object, java.lang.Object, java.lang.Object, java.lang.Object)'> (0x000000008c2a6ed0) 
thrown [s\open\src\hotspot\share\interpreter\linkResolver.cpp, line 773]
Event: 8.044 Thread 0x0000024f878f2a40 Exception <a 'java/lang/NoSuchMethodError'{0x000000008a7c05d8}: 'int java.lang.invoke.DelegatingMethodHandle$Holder.delegate(java.lang.Object, int, java.lang.Object)'> (0x000000008a7c05d8) 
thrown [s\open\src\hotspot\share\interpreter\linkResolver.cpp, line 773]
Event: 8.460 Thread 0x0000024f878f2a40 Implicit null exception at 0x0000024fae1dd1d0 to 0x0000024fae1dd364
Event: 8.460 Thread 0x0000024f878f2a40 Implicit null exception at 0x0000024fadfadfc0 to 0x0000024fadfae06c
Event: 8.820 Thread 0x0000024f878f2a40 Exception <a 'sun/nio/fs/WindowsException'{0x000000008eea8038}> (0x000000008eea8038) 
thrown [s\open\src\hotspot\share\prims\jni.cpp, line 520]
Event: 8.820 Thread 0x0000024f878f2a40 Exception <a 'sun/nio/fs/WindowsException'{0x000000008eeaa018}> (0x000000008eeaa018) 
thrown [s\open\src\hotspot\share\prims\jni.cpp, line 520]
Event: 8.821 Thread 0x0000024f878f2a40 Exception <a 'sun/nio/fs/WindowsException'{0x000000008eeac0d0}> (0x000000008eeac0d0) 
thrown [s\open\src\hotspot\share\prims\jni.cpp, line 520]
Event: 8.821 Thread 0x0000024f878f2a40 Exception <a 'sun/nio/fs/WindowsException'{0x000000008eead1f0}> (0x000000008eead1f0) 
thrown [s\open\src\hotspot\share\prims\jni.cpp, line 520]
Event: 9.068 Thread 0x0000024f8ae73250 Exception <a 'java/lang/NoSuchMethodError'{0x0000000091bfe1b0}: 'java.lang.Object java.lang.invoke.DirectMethodHandle$Holder.newInvokeSpecial(java.lang.Object, java.lang.Object, java.lang.Object, java.lang.Object, long)'> (0x0000000091bfe1b0) 
thrown [s\open\src\hotspot\share\interpreter\linkResolver.cpp, line 773]
Event: 9.068 Thread 0x0000024f8ae73250 Exception <a 'java/lang/NoSuchMethodError'{0x0000000091245b38}: 'java.lang.Object java.lang.invoke.DirectMethodHandle$Holder.invokeSpecial(java.lang.Object, java.lang.Object, java.lang.Object, java.lang.Object, java.lang.Object, long)'> (0x0000000091245b38) 
thrown [s\open\src\hotspot\share\interpreter\linkResolver.cpp, line 773]
Event: 9.069 Thread 0x0000024f8ae73250 Exception <a 'java/lang/NoSuchMethodError'{0x0000000091249500}: 'java.lang.Object java.lang.invoke.Invokers$Holder.linkToTargetMethod(java.lang.Object, java.lang.Object, java.lang.Object, long, java.lang.Object)'> (0x0000000091249500) 
thrown [s\open\src\hotspot\share\interpreter\linkResolver.cpp, line 773]
Event: 10.341 Thread 0x0000024f88250c50 Implicit null exception at 0x0000024fae511e57 to 0x0000024fae512340
Event: 10.778 Thread 0x0000024f8ae71180 Implicit null exception at 0x0000024fae6ebd13 to 0x0000024fae6ec1bc
Event: 11.102 Thread 0x0000024f8824f8a0 Implicit null exception at 0x0000024fae51b5d7 to 0x0000024fae51bf84
Event: 11.102 Thread 0x0000024f8824f8a0 Implicit null exception at 0x0000024fae588caf to 0x0000024fae58a21c
Event: 11.103 Thread 0x0000024f8824f8a0 Implicit null exception at 0x0000024fae58d4a3 to 0x0000024fae58e4dc
Event: 11.104 Thread 0x0000024f8824f8a0 Implicit null exception at 0x0000024fae590c0f to 0x0000024fae5915dc

ZGC Phase Switch (0 events):
No events

VM Operations (20 events):
Event: 11.234 Executing VM operation: G1CollectForAllocation (G1 Evacuation Pause)
Event: 11.239 Executing VM operation: G1CollectForAllocation (G1 Evacuation Pause) done
Event: 11.304 Executing VM operation: G1CollectForAllocation (G1 Evacuation Pause)
Event: 11.304 Executing VM operation: G1CollectForAllocation (G1 Evacuation Pause) done
Event: 11.304 Executing VM operation: G1CollectForAllocation (GCLocker Initiated GC)
Event: 11.309 Executing VM operation: G1CollectForAllocation (GCLocker Initiated GC) done
Event: 11.369 Executing VM operation: G1CollectForAllocation (G1 Evacuation Pause)
Event: 11.375 Executing VM operation: G1CollectForAllocation (G1 Evacuation Pause) done
Event: 11.434 Executing VM operation: G1CollectForAllocation (G1 Evacuation Pause)
Event: 11.439 Executing VM operation: G1CollectForAllocation (G1 Evacuation Pause) done
Event: 11.499 Executing VM operation: G1CollectForAllocation (G1 Evacuation Pause)
Event: 11.500 Executing VM operation: G1CollectForAllocation (G1 Evacuation Pause) done
Event: 11.500 Executing VM operation: G1CollectForAllocation (GCLocker Initiated GC)
Event: 11.504 Executing VM operation: G1CollectForAllocation (GCLocker Initiated GC) done
Event: 11.561 Executing VM operation: G1CollectForAllocation (G1 Evacuation Pause)
Event: 11.565 Executing VM operation: G1CollectForAllocation (G1 Evacuation Pause) done
Event: 11.627 Executing VM operation: G1CollectForAllocation (G1 Evacuation Pause)
Event: 11.632 Executing VM operation: G1CollectForAllocation (G1 Evacuation Pause) done
Event: 11.692 Executing VM operation: G1CollectForAllocation (G1 Evacuation Pause)
Event: 11.697 Executing VM operation: G1CollectForAllocation (G1 Evacuation Pause) done

Events (20 events):
Event: 9.253 Thread 0x0000024fbba48060 flushing nmethod 0x0000024fa76a9f90
Event: 9.253 Thread 0x0000024fbba48060 flushing nmethod 0x0000024fa77d7790
Event: 9.253 Thread 0x0000024fbba48060 flushing nmethod 0x0000024fae258a10
Event: 9.253 Thread 0x0000024fbba48060 flushing nmethod 0x0000024fae483290
Event: 9.253 Thread 0x0000024fbba48060 flushing nmethod 0x0000024fae487490
Event: 9.253 Thread 0x0000024fbba48060 flushing nmethod 0x0000024fae59f710
Event: 9.253 Thread 0x0000024fbba48060 flushing nmethod 0x0000024fae5b4b90
Event: 9.253 Thread 0x0000024fbba48060 flushing nmethod 0x0000024fae5b8490
Event: 9.253 Thread 0x0000024fbba48060 flushing nmethod 0x0000024fa6549810
Event: 9.253 Thread 0x0000024fbba48060 flushing nmethod 0x0000024fa654e690
Event: 9.253 Thread 0x0000024fbba48060 flushing nmethod 0x0000024fa6603510
Event: 9.253 Thread 0x0000024fbba48060 flushing nmethod 0x0000024fa6aec210
Event: 9.253 Thread 0x0000024fbba48060 flushing nmethod 0x0000024fa6bec190
Event: 9.253 Thread 0x0000024fbba48060 flushing nmethod 0x0000024fa70ea610
Event: 9.253 Thread 0x0000024fbba48060 flushing nmethod 0x0000024fa78b2310
Event: 10.678 Thread 0x0000024fbca85f40 Thread exited: 0x0000024fbca85f40
Event: 11.245 Thread 0x0000024fbca851a0 Thread exited: 0x0000024fbca851a0
Event: 11.273 Thread 0x0000024f8825e180 Thread exited: 0x0000024f8825e180
Event: 11.422 Thread 0x0000024f8825dab0 Thread exited: 0x0000024f8825dab0
Event: 11.682 Thread 0x0000024f8ac32400 Thread exited: 0x0000024f8ac32400


Dynamic libraries:
0x00007ff7751c0000 - 0x00007ff7751d0000 	C:\Program Files\Java\jdk-21\bin\java.exe
0x00007ffc3eb40000 - 0x00007ffc3eda8000 	C:\Windows\SYSTEM32\ntdll.dll
0x00007ffc3d500000 - 0x00007ffc3d5c9000 	C:\Windows\System32\KERNEL32.DLL
0x00007ffc3b420000 - 0x00007ffc3b811000 	C:\Windows\System32\KERNELBASE.dll
0x00007ffc3c500000 - 0x00007ffc3c64b000 	C:\Windows\System32\ucrtbase.dll
0x00007ffc17a80000 - 0x00007ffc17a99000 	C:\Program Files\Java\jdk-21\bin\jli.dll
0x00007ffc3e250000 - 0x00007ffc3e304000 	C:\Windows\System32\ADVAPI32.dll
0x00007ffc166a0000 - 0x00007ffc166bb000 	C:\Program Files\Java\jdk-21\bin\VCRUNTIME140.dll
0x00007ffc3e690000 - 0x00007ffc3e739000 	C:\Windows\System32\msvcrt.dll
0x00007ffc3c9e0000 - 0x00007ffc3ca86000 	C:\Windows\System32\sechost.dll
0x00007ffc3e390000 - 0x00007ffc3e4a8000 	C:\Windows\System32\RPCRT4.dll
0x00007ffc3d820000 - 0x00007ffc3d9e6000 	C:\Windows\System32\USER32.dll
0x00007ffc3c4d0000 - 0x00007ffc3c4f7000 	C:\Windows\System32\win32u.dll
0x00007ffc3ea40000 - 0x00007ffc3ea6b000 	C:\Windows\System32\GDI32.dll
0x00007ffc237d0000 - 0x00007ffc23a63000 	C:\Windows\WinSxS\amd64_microsoft.windows.common-controls_6595b64144ccf1df_6.0.26100.7824_none_3e0870b2e3345462\COMCTL32.dll
0x00007ffc3c650000 - 0x00007ffc3c77b000 	C:\Windows\System32\gdi32full.dll
0x00007ffc3c830000 - 0x00007ffc3c8d3000 	C:\Windows\System32\msvcp_win.dll
0x00007ffc35b70000 - 0x00007ffc35b7b000 	C:\Windows\SYSTEM32\VERSION.dll
0x00007ffc3d5d0000 - 0x00007ffc3d601000 	C:\Windows\System32\IMM32.DLL
0x00007ffc252a0000 - 0x00007ffc252ac000 	C:\Program Files\Java\jdk-21\bin\vcruntime140_1.dll
0x00007ffc00610000 - 0x00007ffc0069e000 	C:\Program Files\Java\jdk-21\bin\msvcp140.dll
0x00007ffaf7b90000 - 0x00007ffaf88a8000 	C:\Program Files\Java\jdk-21\bin\server\jvm.dll
0x00007ffc3e150000 - 0x00007ffc3e1c4000 	C:\Windows\System32\WS2_32.dll
0x00007ffc3b0d0000 - 0x00007ffc3b12e000 	C:\Windows\SYSTEM32\POWRPROF.dll
0x00007ffc2fbf0000 - 0x00007ffc2fc25000 	C:\Windows\SYSTEM32\WINMM.dll
0x00007ffc3b0b0000 - 0x00007ffc3b0c4000 	C:\Windows\SYSTEM32\UMPDC.dll
0x00007ffc3a1c0000 - 0x00007ffc3a1db000 	C:\Windows\SYSTEM32\kernel.appcore.dll
0x00007ffc21960000 - 0x00007ffc2196a000 	C:\Program Files\Java\jdk-21\bin\jimage.dll
0x00007ffc275c0000 - 0x00007ffc27802000 	C:\Windows\SYSTEM32\DBGHELP.DLL
0x00007ffc3d0a0000 - 0x00007ffc3d426000 	C:\Windows\System32\combase.dll
0x00007ffc3e4b0000 - 0x00007ffc3e587000 	C:\Windows\System32\OLEAUT32.dll
0x00007ffbedaf0000 - 0x00007ffbedb2b000 	C:\Windows\SYSTEM32\dbgcore.DLL
0x00007ffc3c780000 - 0x00007ffc3c825000 	C:\Windows\System32\bcryptPrimitives.dll
0x00007ffc20050000 - 0x00007ffc2005f000 	C:\Program Files\Java\jdk-21\bin\instrument.dll
0x00007ffc11c40000 - 0x00007ffc11c5f000 	C:\Program Files\Java\jdk-21\bin\java.dll
0x00007ffc3d9f0000 - 0x00007ffc3e142000 	C:\Windows\System32\SHELL32.dll
0x00007ffc3b820000 - 0x00007ffc3b98a000 	C:\Windows\System32\wintypes.dll
0x00007ffc3bc60000 - 0x00007ffc3c4c3000 	C:\Windows\System32\windows.storage.dll
0x00007ffc3e590000 - 0x00007ffc3e686000 	C:\Windows\System32\SHCORE.dll
0x00007ffc3d7b0000 - 0x00007ffc3d817000 	C:\Windows\System32\shlwapi.dll
0x00007ffc3b340000 - 0x00007ffc3b369000 	C:\Windows\SYSTEM32\profapi.dll
0x00007ffbb0d20000 - 0x00007ffbb0df7000 	C:\Program Files\Java\jdk-21\bin\jsvml.dll
0x00007ffc09f10000 - 0x00007ffc09f28000 	C:\Program Files\Java\jdk-21\bin\zip.dll
0x00007ffc1cd00000 - 0x00007ffc1cd10000 	C:\Program Files\Java\jdk-21\bin\net.dll
0x00007ffc34fc0000 - 0x00007ffc350e7000 	C:\Windows\SYSTEM32\WINHTTP.dll
0x00007ffc3a730000 - 0x00007ffc3a79b000 	C:\Windows\system32\mswsock.dll
0x00007ffc05b50000 - 0x00007ffc05b66000 	C:\Program Files\Java\jdk-21\bin\nio.dll
0x00007ffc18530000 - 0x00007ffc18540000 	C:\Program Files\Java\jdk-21\bin\verify.dll
0x00007ffc0c460000 - 0x00007ffc0c487000 	C:\Users\byd\.gradle\native\660c5614fbf4a5f2a75b1949f50a0caf5cd603558e7d8a26e50b933a0cfb79d1\windows-amd64\native-platform.dll
0x00007ffbfc4c0000 - 0x00007ffbfc537000 	C:\Users\byd\.gradle\native\0.2.8\x86_64-windows-gnu\gradle-fileevents.dll
0x00007ffc15840000 - 0x00007ffc1584a000 	C:\Program Files\Java\jdk-21\bin\management.dll
0x00007ffc11c30000 - 0x00007ffc11c3b000 	C:\Program Files\Java\jdk-21\bin\management_ext.dll
0x00007ffc3e810000 - 0x00007ffc3e818000 	C:\Windows\System32\PSAPI.DLL
0x00007ffc39be0000 - 0x00007ffc39c14000 	C:\Windows\SYSTEM32\IPHLPAPI.DLL
0x00007ffc3d4f0000 - 0x00007ffc3d4fa000 	C:\Windows\System32\NSI.dll
0x00007ffc0c450000 - 0x00007ffc0c459000 	C:\Program Files\Java\jdk-21\bin\extnet.dll
0x00007ffc3aa10000 - 0x00007ffc3aa2b000 	C:\Windows\SYSTEM32\CRYPTSP.dll
0x00007ffc3a120000 - 0x00007ffc3a159000 	C:\Windows\system32\rsaenh.dll
0x00007ffc3a7e0000 - 0x00007ffc3a80b000 	C:\Windows\SYSTEM32\USERENV.dll
0x00007ffc3b310000 - 0x00007ffc3b33a000 	C:\Windows\SYSTEM32\bcrypt.dll
0x00007ffc3aa00000 - 0x00007ffc3aa0c000 	C:\Windows\SYSTEM32\CRYPTBASE.dll
0x00007ffc0c0c0000 - 0x00007ffc0c0ce000 	C:\Program Files\Java\jdk-21\bin\sunmscapi.dll
0x00007ffc3ba50000 - 0x00007ffc3bbc7000 	C:\Windows\System32\CRYPT32.dll
0x00007ffc3ac20000 - 0x00007ffc3ac50000 	C:\Windows\SYSTEM32\ncrypt.dll
0x00007ffc3abd0000 - 0x00007ffc3ac0f000 	C:\Windows\SYSTEM32\NTASN1.dll
0x00007ffc0aa20000 - 0x00007ffc0aa28000 	C:\Windows\system32\wshunix.dll

dbghelp: loaded successfully - version: 4.0.5 - missing functions: none
symbol engine: initialized successfully - sym options: 0x614 - pdb path: .;C:\Program Files\Java\jdk-21\bin;C:\Windows\SYSTEM32;C:\Windows\WinSxS\amd64_microsoft.windows.common-controls_6595b64144ccf1df_6.0.26100.7824_none_3e0870b2e3345462;C:\Program Files\Java\jdk-21\bin\server;C:\Users\byd\.gradle\native\660c5614fbf4a5f2a75b1949f50a0caf5cd603558e7d8a26e50b933a0cfb79d1\windows-amd64;C:\Users\byd\.gradle\native\0.2.8\x86_64-windows-gnu

VM Arguments:
jvm_args: --add-opens=java.base/java.lang=ALL-UNNAMED --add-opens=java.base/java.lang.invoke=ALL-UNNAMED --add-opens=java.base/java.util=ALL-UNNAMED --add-opens=java.prefs/java.util.prefs=ALL-UNNAMED --add-exports=jdk.compiler/com.sun.tools.javac.api=ALL-UNNAMED --add-exports=jdk.compiler/com.sun.tools.javac.util=ALL-UNNAMED --add-opens=java.base/java.util=ALL-UNNAMED --add-opens=java.prefs/java.util.prefs=ALL-UNNAMED --add-opens=java.base/java.nio.charset=ALL-UNNAMED --add-opens=java.base/java.net=ALL-UNNAMED --add-opens=java.base/java.util.concurrent=ALL-UNNAMED --add-opens=java.base/java.util.concurrent.atomic=ALL-UNNAMED --add-opens=java.xml/javax.xml.namespace=ALL-UNNAMED --add-opens=java.base/java.time=ALL-UNNAMED -Xmx2G -Dfile.encoding=UTF-8 -Duser.country=CN -Duser.language=zh -Duser.variant -javaagent:C:\Users\byd\.gradle\wrapper\dists\gradle-9.4.0-bin\lcvyxq3t37f6mx9miaydrrgs\gradle-9.4.0\lib\agents\gradle-instrumentation-agent-9.4.0.jar 
java_command: org.gradle.launcher.daemon.bootstrap.GradleDaemon 9.4.0
java_class_path (initial): C:\Users\byd\.gradle\wrapper\dists\gradle-9.4.0-bin\lcvyxq3t37f6mx9miaydrrgs\gradle-9.4.0\lib\gradle-daemon-main-9.4.0.jar
Launcher Type: SUN_STANDARD

[Global flags]
     intx CICompilerCount                          = 12                                        {product} {ergonomic}
     uint ConcGCThreads                            = 5                                         {product} {ergonomic}
     uint G1ConcRefinementThreads                  = 18                                        {product} {ergonomic}
   size_t G1HeapRegionSize                         = 1048576                                   {product} {ergonomic}
    uintx GCDrainStackTargetSize                   = 64                                        {product} {ergonomic}
   size_t InitialHeapSize                          = 534773760                                 {product} {ergonomic}
   size_t MarkStackSize                            = 4194304                                   {product} {ergonomic}
   size_t MaxHeapSize                              = 2147483648                                {product} {command line}
   size_t MaxNewSize                               = 1287651328                                {product} {ergonomic}
   size_t MinHeapDeltaBytes                        = 1048576                                   {product} {ergonomic}
   size_t MinHeapSize                              = 8388608                                   {product} {ergonomic}
    uintx NonNMethodCodeHeapSize                   = 7602480                                {pd product} {ergonomic}
    uintx NonProfiledCodeHeapSize                  = 122027880                              {pd product} {ergonomic}
    uintx ProfiledCodeHeapSize                     = 122027880                              {pd product} {ergonomic}
    uintx ReservedCodeCacheSize                    = 251658240                              {pd product} {ergonomic}
     bool SegmentedCodeCache                       = true                                      {product} {ergonomic}
   size_t SoftMaxHeapSize                          = 2147483648                             {manageable} {ergonomic}
     bool UseCompressedOops                        = true                           {product lp64_product} {ergonomic}
     bool UseG1GC                                  = true                                      {product} {ergonomic}
     bool UseLargePagesIndividualAllocation        = false                                  {pd product} {ergonomic}

Logging:
Log output configuration:
 #0: stdout all=warning uptime,level,tags foldmultilines=false
 #1: stderr all=off uptime,level,tags foldmultilines=false

Environment Variables:
PATH=C:\Program Files\NVIDIA GPU Computing Toolkit\CUDA\v12.9\bin;C:\Program Files\NVIDIA GPU Computing Toolkit\CUDA\v12.9\libnvvp;D:\Oculus\Support\oculus-runtime;C:\Program Files\Common Files\Oracle\Java\javapath;C:\Program Files (x86)\Common Files\Oracle\Java\java8path;C:\Program Files (x86)\Common Files\Oracle\Java\javapath;C:\Windows\system32;C:\Windows;C:\Windows\System32\Wbem;C:\Windows\System32\WindowsPowerShell\v1.0\;C:\Windows\System32\OpenSSH\;C:\Program Files\dotnet\;C:\Program Files (x86)\NVIDIA Corporation\PhysX\Common;C:\Program Files\Git\cmd;C:\Program Files\NVIDIA Corporation\NVIDIA app\NvDLISR;C:\Program Files\NVIDIA Corporation\Nsight Compute 2025.2.1\;C:\Program Files\NVIDIA GPU Computing Toolkit\CUDA\v12.9\include;C:\Program Files\NVIDIA GPU Computing Toolkit\CUDA\v12.9\lib;C:\Program Files\NVIDIA GPU Computing Toolkit\CUDA\v12.9\libnvvp;F:\TensorRT-10.12.0.36\lib;F:\TensorRT-10.12.0.36\bin;C:\Program Files\NVIDIA\CUDNN\v9.10\bin\12.9;C:\Users\byd\AppData\Local\Programs\Python\Python310\Scripts\;C:\Users\byd\AppData\Local\Programs\Python\Python310\;C:\Users\byd\AppData\Local\Programs\Python\Python311\Scripts\;C:\Users\byd\AppData\Local\Programs\Python\Python311\;C:\Users\byd\AppData\Local\Microsoft\WindowsApps;C:\Users\byd\AppData\Local\Programs\Microsoft VS Code\bin;C:\Users\byd\.lmstudio\bin;C:\Users\byd\AppData\Local\Microsoft\WinGet\Packages\Gyan.FFmpeg_Microsoft.Winget.Source_8wekyb3d8bbwe\ffmpeg-7.0.2-full_build\bin;E:\IntelliJ IDEA 2025.3.3\bin
USERNAME=byd
OS=Windows_NT
PROCESSOR_IDENTIFIER=Intel64 Family 6 Model 183 Stepping 1, GenuineIntel
TMP=C:\Users\byd\AppData\Local\Temp
TEMP=C:\Users\byd\AppData\Local\Temp




Periodic native trim disabled

---------------  S Y S T E M  ---------------

OS:
 Windows 11 , 64 bit Build 26100 (10.0.26100.7705)
OS uptime: 16 days 7:24 hours

CPU: total 24 (initial active 24) (12 cores per cpu, 2 threads per core) family 6 model 183 stepping 1 microcode 0x12b, cx8, cmov, fxsr, ht, mmx, 3dnowpref, sse, sse2, sse3, ssse3, sse4.1, sse4.2, popcnt, lzcnt, tsc, tscinvbit, avx, avx2, aes, erms, clmul, bmi1, bmi2, adx, sha, fma, vzeroupper, clflush, clflushopt, clwb, serialize, rdtscp, rdpid, fsrm, f16c, pku, cet_ibt, cet_ss
Processor Information for all 24 processors :
  Max Mhz: 3400, Current Mhz: 3400, Mhz Limit: 3400

Memory: 4k page, system-wide physical 32577M (11645M free)
TotalPageFile size 114322M (AvailPageFile size 72299M)
current process WorkingSet (physical memory assigned to process): 1303M, peak: 1303M
current process commit charge ("private bytes"): 1376M, peak: 1376M

vm_info: Java HotSpot(TM) 64-Bit Server VM (21.0.5+9-LTS-239) for windows-amd64 JRE (21.0.5+9-LTS-239), built on 2024-09-30T05:17:38Z by "mach5one" with MS VC++ 17.6 (VS2022)

END.
