#
# A fatal error has been detected by the Java Runtime Environment:
#
#  EXCEPTION_ACCESS_VIOLATION (0xc0000005) at pc=0x00007ffaf7f74783, pid=292012, tid=257948
#
# JRE version: Java(TM) SE Runtime Environment (21.0.5+9) (build 21.0.5+9-LTS-239)
# Java VM: Java HotSpot(TM) 64-Bit Server VM (21.0.5+9-LTS-239, mixed mode, sharing, tiered, compressed oops, compressed class ptrs, g1 gc, windows-amd64)
# Problematic frame:
# V  [jvm.dll+0x3e4783]
#
# No core dump will be written. Minidumps are not enabled by default on client versions of Windows
#
# If you would like to submit a bug report, please visit:
#   https://bugreport.java.com/bugreport/crash.jsp
#

---------------  S U M M A R Y ------------

Command Line: --add-opens=java.base/java.lang=ALL-UNNAMED --add-opens=java.base/java.lang.invoke=ALL-UNNAMED --add-opens=java.base/java.util=ALL-UNNAMED --add-opens=java.prefs/java.util.prefs=ALL-UNNAMED --add-exports=jdk.compiler/com.sun.tools.javac.api=ALL-UNNAMED --add-exports=jdk.compiler/com.sun.tools.javac.util=ALL-UNNAMED --add-opens=java.base/java.util=ALL-UNNAMED --add-opens=java.prefs/java.util.prefs=ALL-UNNAMED --add-opens=java.base/java.nio.charset=ALL-UNNAMED --add-opens=java.base/java.net=ALL-UNNAMED --add-opens=java.base/java.util.concurrent=ALL-UNNAMED --add-opens=java.base/java.util.concurrent.atomic=ALL-UNNAMED --add-opens=java.xml/javax.xml.namespace=ALL-UNNAMED --add-opens=java.base/java.time=ALL-UNNAMED -Xmx2G -Dfile.encoding=UTF-8 -Duser.country=CN -Duser.language=zh -Duser.variant -javaagent:C:\Users\byd\.gradle\wrapper\dists\gradle-9.4.0-bin\lcvyxq3t37f6mx9miaydrrgs\gradle-9.4.0\lib\agents\gradle-instrumentation-agent-9.4.0.jar org.gradle.launcher.daemon.bootstrap.GradleDaemon 9.4.0

Host: 13th Gen Intel(R) Core(TM) i7-13700KF, 24 cores, 31G,  Windows 11 , 64 bit Build 26100 (10.0.26100.7705)
Time: Wed Mar 18 02:55:50 2026  Windows 11 , 64 bit Build 26100 (10.0.26100.7705) elapsed time: 2795.308163 seconds (0d 0h 46m 35s)

---------------  T H R E A D  ---------------

Current thread (0x0000023d0aeb3780):  JavaThread "pool-26-thread-20"        [_thread_in_vm, id=257948, stack(0x000000f28ae00000,0x000000f28af00000) (1024K)]

Stack: [0x000000f28ae00000,0x000000f28af00000],  sp=0x000000f28aefd110,  free space=1012k
Native frames: (J=compiled Java code, j=interpreted, Vv=VM code, C=native code)
V  [jvm.dll+0x3e4783]
V  [jvm.dll+0x3e437e]
V  [jvm.dll+0x47757f]
C  [java.dll+0x7042]

Java frames: (J=compiled Java code, j=interpreted, Vv=VM code)
J 766  java.lang.Throwable.fillInStackTrace(I)Ljava/lang/Throwable; java.base@21.0.5 (0 bytes) @ 0x0000023d2ee87af3 [0x0000023d2ee87aa0+0x0000000000000053]
J 47102 c2 java.nio.file.FileSystemException.<init>(Ljava/lang/String;)V java.base@21.0.5 (19 bytes) @ 0x0000023d2f5df14c [0x0000023d2f5defe0+0x000000000000016c]
J 47085 c2 jdk.nio.zipfs.ZipFileSystem.newInputStream([B)Ljava/io/InputStream; jdk.zipfs@21.0.5 (76 bytes) @ 0x0000023d2f6c7404 [0x0000023d2f6c7020+0x00000000000003e4]
J 46860 c2 jdk.nio.zipfs.ZipFileSystemProvider.newInputStream(Ljava/nio/file/Path;[Ljava/nio/file/OpenOption;)Ljava/io/InputStream; jdk.zipfs@21.0.5 (9 bytes) @ 0x0000023d30029b10 [0x0000023d30029860+0x00000000000002b0]
J 46811 c2 org.gradle.internal.classpath.declarations.NioFileInterceptors.intercept_newInputStream(Ljava/nio/file/Path;[Ljava/nio/file/OpenOption;Ljava/lang/String;)Ljava/io/InputStream; (18 bytes) @ 0x0000023d2f7e1374 [0x0000023d2f7e11c0+0x00000000000001b4]
J 47078 c2 daomephsta.unpick.impl.classresolvers.PathClassResolver.resolveClass(Ljava/lang/String;)Lorg/objectweb/asm/tree/ClassNode; (90 bytes) @ 0x0000023d2f0ac1b0 [0x0000023d2f0abf40+0x0000000000000270]
J 47402 c2 daomephsta.unpick.impl.inheritancecheckers.BytecodeAnalysisInheritanceChecker$$Lambda+0x0000023d3ff98000.apply(Ljava/lang/Object;)Ljava/lang/Object; (12 bytes) @ 0x0000023d2f40636c [0x0000023d2f406300+0x000000000000006c]
J 47532 c2 java.util.concurrent.ConcurrentHashMap.computeIfAbsent(Ljava/lang/Object;Ljava/util/function/Function;)Ljava/lang/Object; java.base@21.0.5 (576 bytes) @ 0x0000023d2ff20020 [0x0000023d2ff1fe00+0x0000000000000220]
J 48286 c2 daomephsta.unpick.impl.inheritancecheckers.ChainInheritanceChecker.getClassInfo(Ljava/lang/String;)Ldaomephsta/unpick/api/classresolvers/IInheritanceChecker$ClassInfo; (49 bytes) @ 0x0000023d2f2a590c [0x0000023d2f2a5800+0x000000000000010c]
J 48142 c2 daomephsta.unpick.api.classresolvers.IInheritanceChecker.isAssignableFrom(Ljava/lang/String;Ljava/lang/String;)Z (97 bytes) @ 0x0000023d2f2666d8 [0x0000023d2f266400+0x00000000000002d8]
J 48178 c2 daomephsta.unpick.impl.UnpickInterpreter$1.isAssignableFrom(Lorg/objectweb/asm/Type;Lorg/objectweb/asm/Type;)Z (173 bytes) @ 0x0000023d2f5b25ec [0x0000023d2f5b1380+0x000000000000126c]
J 48013 c2 daomephsta.unpick.impl.UnpickInterpreter$1.merge(Lorg/objectweb/asm/tree/analysis/BasicValue;Lorg/objectweb/asm/tree/analysis/BasicValue;)Lorg/objectweb/asm/tree/analysis/BasicValue; (373 bytes) @ 0x0000023d2f1d9a0c [0x0000023d2f1d9720+0x00000000000002ec]
J 47455 c2 daomephsta.unpick.impl.UnpickInterpreter.merge(Ldaomephsta/unpick/impl/UnpickValue;Ldaomephsta/unpick/impl/UnpickValue;)Ldaomephsta/unpick/impl/UnpickValue; (131 bytes) @ 0x0000023d2fe74910 [0x0000023d2fe73f80+0x0000000000000990]
J 47928 c2 org.objectweb.asm.tree.analysis.Frame.merge(Lorg/objectweb/asm/tree/analysis/Frame;Lorg/objectweb/asm/tree/analysis/Interpreter;)Z (98 bytes) @ 0x0000023d2f023284 [0x0000023d2f023180+0x0000000000000104]
J 48040 c2 org.objectweb.asm.tree.analysis.Analyzer.analyze(Ljava/lang/String;Lorg/objectweb/asm/tree/MethodNode;)[Lorg/objectweb/asm/tree/analysis/Frame; (1381 bytes) @ 0x0000023d2fcd0a74 [0x0000023d2fcccaa0+0x0000000000003fd4]
J 47923 c2 daomephsta.unpick.api.ConstantUninliner.analyzeMethod(Lorg/objectweb/asm/tree/ClassNode;Lorg/objectweb/asm/tree/MethodNode;)[Lorg/objectweb/asm/tree/analysis/Frame; (90 bytes) @ 0x0000023d2f0e2514 [0x0000023d2f0e2240+0x00000000000002d4]
J 48018 c2 daomephsta.unpick.api.ConstantUninliner.transform(Lorg/objectweb/asm/tree/ClassNode;)V (193 bytes) @ 0x0000023d2fcdb860 [0x0000023d2fcdafe0+0x0000000000000880]
J 47685 c1 net.fabricmc.loom.task.service.UnpickService$UnpickZipProcessor.processEntryAsync(Ljava/nio/file/Path;Ljava/nio/file/Path;)V (182 bytes) @ 0x0000023d2739e44c [0x0000023d2739cd60+0x00000000000016ec]
J 47777 c1 net.fabricmc.loom.util.AsyncZipProcessor$1.lambda$visitFile$0(Ljava/nio/file/Path;Ljava/nio/file/Path;Ljava/nio/file/Path;Lnet/fabricmc/loom/util/AsyncZipProcessor;)V (49 bytes) @ 0x0000023d272f3cdc [0x0000023d272f3a00+0x00000000000002dc]
J 47684 c1 net.fabricmc.loom.util.AsyncZipProcessor$1$$Lambda+0x0000023d3ff40470.run()V (20 bytes) @ 0x0000023d27fe0adc [0x0000023d27fe0a40+0x000000000000009c]
J 47678 c1 java.util.concurrent.CompletableFuture$AsyncRun.run()V java.base@21.0.5 (61 bytes) @ 0x0000023d2941c6ac [0x0000023d2941c4c0+0x00000000000001ec]
J 42117 c2 java.util.concurrent.ThreadPoolExecutor.runWorker(Ljava/util/concurrent/ThreadPoolExecutor$Worker;)V java.base@21.0.5 (187 bytes) @ 0x0000023d2f85ddcc [0x0000023d2f85dca0+0x000000000000012c]
J 16500 c1 java.util.concurrent.ThreadPoolExecutor$Worker.run()V java.base@21.0.5 (9 bytes) @ 0x0000023d28ed854c [0x0000023d28ed84c0+0x000000000000008c]
J 16499 c1 java.lang.Thread.run()V java.base@21.0.5 (23 bytes) @ 0x0000023d28ed6f6c [0x0000023d28ed6d60+0x000000000000020c]
v  ~StubRoutines::call_stub 0x0000023d2e6f100d

siginfo: EXCEPTION_ACCESS_VIOLATION (0xc0000005), reading address 0x0000000000000061


Registers:
RAX=0x0000000000000001, RBX=0x0000023d0b03e1c8, RCX=0x00000000cd078580, RDX=0x0000000000000064
RSP=0x000000f28aefd110, RBP=0x000000f28aefd210, RSI=0x0000000000000000, RDI=0x0000023d0aeb3780
R8 =0x00000000867ee330, R9 =0x0000023d0aeb3780, R10=0x0000000000000000, R11=0x00000000000001ea
R12=0x0000000000000000, R13=0x0000000000000000, R14=0x0000000000000016, R15=0x0000023d0fc77b30
RIP=0x00007ffaf7f74783, EFLAGS=0x0000000000010202


Register to memory mapping:

RAX=0x0000000000000001 is an unknown value
RBX=0x0000023d0b03e1c8 points into unknown readable memory: 0x00000000cd0784d8 | d8 84 07 cd 00 00 00 00
RCX=0x00000000cd078580 is an oop: [S 
{0x00000000cd078580} - klass: {type array short}
 - length: 32
RDX=0x0000000000000064 is an unknown value
RSP=0x000000f28aefd110 is pointing into the stack for thread: 0x0000023d0aeb3780
RBP=0x000000f28aefd210 is pointing into the stack for thread: 0x0000023d0aeb3780
RSI=0x0 is null
RDI=0x0000023d0aeb3780 is a thread
R8 =0x00000000867ee330 is an oop: java.lang.Class 
{0x00000000867ee330} - klass: 'java/lang/Class'
 - ---- fields (total size 14 words):
 - private volatile transient 'classRedefinedCount' 'I' @12  0 (0x00000000)
 - injected 'klass' 'J' @16  2462089078560 (0x0000023d3ff1e720)
 - injected 'array_klass' 'J' @24  0 (0x0000000000000000)
 - injected 'oop_size' 'I' @32  14 (0x0000000e)
 - injected 'static_oop_field_count' 'I' @36  0 (0x00000000)
 - private volatile transient 'cachedConstructor' 'Ljava/lang/reflect/Constructor;' @40  null (0x00000000)
 - private transient 'name' 'Ljava/lang/String;' @44  "daomephsta.unpick.api.ConstantUninliner"{0x00000000867ee558} (0x867ee558)
 - private transient 'module' 'Ljava/lang/Module;' @48  a 'java/lang/Module'{0x0000000082f3cf70} (0x82f3cf70)
 - private final 'classLoader' 'Ljava/lang/ClassLoader;' @52  a 'org/gradle/internal/classloader/VisitableURLClassLoader$InstrumentingVisitableURLClassLoader'{0x0000000082f2e260} (0x82f2e260)
 - private transient 'classData' 'Ljava/lang/Object;' @56  null (0x00000000)
 - private transient 'packageName' 'Ljava/lang/String;' @60  "daomephsta.unpick.api"{0x00000000867ee5a8} (0x867ee5a8)
 - private final 'componentType' 'Ljava/lang/Class;' @64  null (0x00000000)
 - private volatile transient 'reflectionData' 'Ljava/lang/ref/SoftReference;' @68  null (0x00000000)
 - private volatile transient 'genericInfo' 'Lsun/reflect/generics/repository/ClassRepository;' @72  null (0x00000000)
 - private volatile transient 'enumConstants' '[Ljava/lang/Object;' @76  null (0x00000000)
 - private volatile transient 'enumConstantDirectory' 'Ljava/util/Map;' @80  null (0x00000000)
 - private volatile transient 'annotationData' 'Ljava/lang/Class$AnnotationData;' @84  null (0x00000000)
 - private volatile transient 'annotationType' 'Lsun/reflect/annotation/AnnotationType;' @88  null (0x00000000)
 - transient 'classValueMap' 'Ljava/lang/ClassValue$ClassValueMap;' @92  null (0x00000000)
 - injected 'protection_domain' 'Ljava/lang/Object;' @96  a 'java/security/ProtectionDomain'{0x00000000860b8718} (0x860b8718)
 - injected 'signers_name' 'Ljava/lang/Object;' @100  null (0x00000000)
 - injected 'source_file' 'Ljava/lang/Object;' @104  null (0x00000000)
 - signature: Ldaomephsta/unpick/api/ConstantUninliner;
 - ---- static fields (0):
R9 =0x0000023d0aeb3780 is a thread
R10=0x0 is null
R11=0x00000000000001ea is an unknown value
R12=0x0 is null
R13=0x0 is null
R14=0x0000000000000016 is an unknown value
R15={method} {0x0000023d0fc77b38} 'transform' '(Lorg/objectweb/asm/tree/ClassNode;)V' in 'daomephsta/unpick/api/ConstantUninliner'

Top of Stack: (sp=0x000000f28aefd110)
0x000000f28aefd110:   0000023d0b03e1c8 0000023d0fc77b30
0x000000f28aefd120:   0000023d0b03e1c8 000000f28aefd210
0x000000f28aefd130:   0000000000000001 0000000000000010
0x000000f28aefd140:   0000023d01000101 0000000000000000
0x000000f28aefd150:   0000023d12644800 0000000000000016
0x000000f28aefd160:   000000f28aefefb0 0000023d2739e44c
0x000000f28aefd170:   00000000cd078580 00000000cd0785d0
0x000000f28aefd180:   00000000cd078660 00000000cd0786f0
0x000000f28aefd190:   000000152e6f0e00 00007ffa00000400
0x000000f28aefd1a0:   000000f28aefefb0 0000023d2739e44c
0x000000f28aefd1b0:   0000023d2739c890 0000000000000000
0x000000f28aefd1c0:   00007f0000000000 00000000840082a0
0x000000f28aefd1d0:   000000f28aefefb0 0000023d2fcdab10
0x000000f28aefd1e0:   0000023d12737b00 0000023d0aeb3780
0x000000f28aefd1f0:   0000023d12737af0 00000000000003d8
0x000000f28aefd200:   0000023d12737ed8 0000000000000000
0x000000f28aefd210:   0000023d0b03e1f8 00000000cd078550
0x000000f28aefd220:   00000000cd078580 00000000cd0785d0
0x000000f28aefd230:   00000000cd078660 00000000cd0786f0
0x000000f28aefd240:   000000162e6f0e00 0000000000000000
0x000000f28aefd250:   0000000000000000 000000f28aeff600
0x000000f28aefd260:   000000f28aeff420 0000023d28ed6b90
0x000000f28aefd270:   0000023d12737b00 0000023d0aeb3780
0x000000f28aefd280:   0000023d12737af0 00000000000003d8
0x000000f28aefd290:   0000023d12737ed8 00007ffaf8390e00
0x000000f28aefd2a0:   0000023d0b03e1f8 00000000cd05f0f8
0x000000f28aefd2b0:   00000000cd05f128 00000000cd05f178
0x000000f28aefd2c0:   00000000cd05f208 00000000cd05f298
0x000000f28aefd2d0:   0000001b0aeb3700 0000023d0760ce70
0x000000f28aefd2e0:   00007ffaf85601b0 0000023d0aeb3780
0x000000f28aefd2f0:   0000023d0aeb3780 00000000cd000000
0x000000f28aefd300:   0000023d0aeb3780 00007ffaf81ec3e4 

Instructions: (pc=0x00007ffaf7f74783)
0x00007ffaf7f74683:   00 00 00 8d 41 ff c1 e0 06 45 8d 5a fb 03 d0 81
0x00007ffaf7f74693:   f9 c0 00 00 00 72 33 45 8b cb 0f 1f 00 49 83 f9
0x00007ffaf7f746a3:   04 74 27 49 ff c1 41 83 c2 06 41 8b ca 41 ff c3
0x00007ffaf7f746b3:   4a 8d 04 0f 44 0f b6 04 30 41 8d 40 ff d3 e0 03
0x00007ffaf7f746c3:   d0 41 81 f8 c0 00 00 00 73 d3 45 03 f3 49 8b 07
0x00007ffaf7f746d3:   49 8b cf ff 90 18 01 00 00 4d 63 de 4c 8b f8 49
0x00007ffaf7f746e3:   ff c3 45 0f b6 0c 33 41 ff c9 41 81 f9 bf 00 00
0x00007ffaf7f746f3:   00 72 52 41 0f b6 54 33 01 41 ba 06 00 00 00 8d
0x00007ffaf7f74703:   4a ff c1 e1 06 44 03 c9 81 fa c0 00 00 00 72 35
0x00007ffaf7f74713:   41 b8 01 00 00 00 0f 1f 80 00 00 00 00 49 83 f8
0x00007ffaf7f74723:   04 74 22 49 ff c0 41 83 c2 06 41 8b ca 4b 8d 04
0x00007ffaf7f74733:   18 0f b6 14 30 8d 42 ff d3 e0 44 03 c8 81 fa c0
0x00007ffaf7f74743:   00 00 00 73 d8 44 8b 74 24 48 41 8d 71 ff e9 4b
0x00007ffaf7f74753:   03 00 00 48 8b 05 3b db 85 00 48 39 44 24 58 75
0x00007ffaf7f74763:   12 48 8d 4c 24 50 e8 32 cd f2 ff 84 c0 0f 85 df
0x00007ffaf7f74773:   04 00 00 48 8b 4c 24 60 48 85 c9 74 1c 48 8b 01
0x00007ffaf7f74783:   ff 50 60 84 c0 74 12 48 8d 4c 24 50 e8 bc f7 f2
0x00007ffaf7f74793:   ff 84 c0 0f 85 b9 04 00 00 48 8d 4c 24 50 e8 1a
0x00007ffaf7f747a3:   bb e8 ff 84 c0 74 1a 44 38 64 24 32 75 0a 44 39
0x00007ffaf7f747b3:   66 20 0f 85 9a 04 00 00 48 8b 76 08 48 89 74 24
0x00007ffaf7f747c3:   38 48 8b 05 b5 d7 82 00 48 8b 74 24 58 48 85 c0
0x00007ffaf7f747d3:   0f 84 60 02 00 00 48 8b 48 08 48 3b ce 0f 87 53
0x00007ffaf7f747e3:   02 00 00 48 63 40 14 48 03 c1 48 3b f0 0f 83 43
0x00007ffaf7f747f3:   02 00 00 48 8b 85 a8 12 00 00 48 85 c0 74 2b 48
0x00007ffaf7f74803:   8b 08 48 85 c9 74 23 48 8d 54 24 50 e8 8c 09 dc
0x00007ffaf7f74813:   ff 48 8b 8d a8 12 00 00 48 8d 54 24 50 48 8b f8
0x00007ffaf7f74823:   48 8b 09 e8 65 0a dc ff eb 17 48 8d 4c 24 50 e8
0x00007ffaf7f74833:   69 cd f2 ff 48 8d 4c 24 50 48 8b f8 e8 1c ce f2
0x00007ffaf7f74843:   ff 48 8b d7 48 8b c8 4c 8b f8 e8 3e 46 29 00 48
0x00007ffaf7f74853:   8b 8d a8 12 00 00 8b f0 44 88 a5 98 12 00 00 48
0x00007ffaf7f74863:   85 c9 74 1f 48 8b 09 48 85 c9 74 17 4c 8d 4d 40
0x00007ffaf7f74873:   4c 8d 44 24 50 48 8d 55 90 e8 cf 8b 36 00 e9 62 


Stack slot to memory mapping:

stack at sp + 0 slots: 0x0000023d0b03e1c8 points into unknown readable memory: 0x00000000cd0784d8 | d8 84 07 cd 00 00 00 00
stack at sp + 1 slots: {method} {0x0000023d0fc77b38} 'transform' '(Lorg/objectweb/asm/tree/ClassNode;)V' in 'daomephsta/unpick/api/ConstantUninliner'
stack at sp + 2 slots: 0x0000023d0b03e1c8 points into unknown readable memory: 0x00000000cd0784d8 | d8 84 07 cd 00 00 00 00
stack at sp + 3 slots: 0x000000f28aefd210 is pointing into the stack for thread: 0x0000023d0aeb3780
stack at sp + 4 slots: 0x0000000000000001 is an unknown value
stack at sp + 5 slots: 0x0000000000000010 is an unknown value
stack at sp + 6 slots: 0x0000023d01000101 is pointing into metadata
stack at sp + 7 slots: 0x0 is null


Compiled method (n/a) 2795342  766     n 0       java.lang.Throwable::fillInStackTrace (native)
 total in heap  [0x0000023d2ee87910,0x0000023d2ee87ed0] = 1472
 relocation     [0x0000023d2ee87a68,0x0000023d2ee87aa0] = 56
 main code      [0x0000023d2ee87aa0,0x0000023d2ee87ecd] = 1069
 stub code      [0x0000023d2ee87ecd,0x0000023d2ee87ed0] = 3

[Constant Pool (empty)]

[MachCode]
[Entry Point]
  # {method} {0x0000023d3e463e58} 'fillInStackTrace' '(I)Ljava/lang/Throwable;' in 'java/lang/Throwable'
  # this:     rdx:rdx   = 'java/lang/Throwable'
  # parm0:    r8        = int
  #           [sp+0x70]  (sp of caller)
  0x0000023d2ee87aa0: 448b 5208 | 49bb 0000 | 003e 3d02 | 0000 4d03 | d349 3bc2 | 0f84 0600 

  0x0000023d2ee87ab8: ;   {runtime_call ic_miss_stub}
  0x0000023d2ee87ab8: 0000 e9c1 | 6c8b ff90 
[Verified Entry Point]
  0x0000023d2ee87ac0: 8984 2400 | 80ff ff55 | 488b ec48 | 83ec 6090 | 4181 7f20 | 4d00 0000 

  0x0000023d2ee87ad8: ;   {runtime_call StubRoutines (final stubs)}
  0x0000023d2ee87ad8: 7405 e881 | d289 ff48 | 8954 2420 | 4883 fa00 | 488d 5424 | 2048 0f44 | 5424 20c5 

  0x0000023d2ee87af4: ;   {internal_word}
  0x0000023d2ee87af4: f877 49ba | f37a e82e | 3d02 0000 | 4d89 97a0 | 0300 0049 | 89a7 9803 

  0x0000023d2ee87b0c: ;   {external_word}
  0x0000023d2ee87b0c: 0000 49ba | e037 7bf8 | fa7f 0000 | 4180 3a00 | 0f84 4a00 | 0000 5241 

  0x0000023d2ee87b24: ;   {metadata({method} {0x0000023d3e463e58} 'fillInStackTrace' '(I)Ljava/lang/Throwable;' in 'java/lang/Throwable')}
  0x0000023d2ee87b24: 5048 ba50 | 3e46 3e3d | 0200 0049 | 8bcf 4883 | ec20 40f6 | c40f 0f84 | 1900 0000 | 4883 ec08 
  0x0000023d2ee87b44: ;   {runtime_call}
  0x0000023d2ee87b44: 48b8 3001 | 2cf8 fa7f | 0000 ffd0 | 4883 c408 | e90c 0000 

  0x0000023d2ee87b58: ;   {runtime_call}
  0x0000023d2ee87b58: 0048 b830 | 012c f8fa | 7f00 00ff | d048 83c4 | 2041 585a | 498d 8fb8 | 0300 0041 | c787 4404 
  0x0000023d2ee87b78: 0000 0400 

  0x0000023d2ee87b7c: ;   {runtime_call}
  0x0000023d2ee87b7c: 0000 48b8 | 3470 c411 | fc7f 0000 | ffd0 c5f8 | 7741 c787 | 4404 0000 | 0500 0000 | f083 4424 
  0x0000023d2ee87b9c: c000 493b | af48 0400 | 000f 870e | 0000 0041 | 83bf 4004 | 0000 000f | 842b 0000 | 00c5 f877 
  0x0000023d2ee87bbc: 4889 45f8 | 498b cf4c | 8be4 4883 | ec20 4883 

  0x0000023d2ee87bcc: ;   {runtime_call}
  0x0000023d2ee87bcc: e4f0 48b8 | b0ae f7f7 | fa7f 0000 | ffd0 498b | e44d 33e4 | 488b 45f8 | 41c7 8744 | 0400 0008 
  0x0000023d2ee87bec: 0000 0041 | 83bf c004 | 0000 020f | 84a3 0200 

  0x0000023d2ee87bfc: ;   {external_word}
  0x0000023d2ee87bfc: 0049 bae0 | 377b f8fa | 7f00 0041 | 803a 000f | 844c 0000 | 0048 8945 

  0x0000023d2ee87c14: ;   {metadata({method} {0x0000023d3e463e58} 'fillInStackTrace' '(I)Ljava/lang/Throwable;' in 'java/lang/Throwable')}
  0x0000023d2ee87c14: f848 ba50 | 3e46 3e3d | 0200 0049 | 8bcf 4883 | ec20 40f6 | c40f 0f84 | 1900 0000 | 4883 ec08 
  0x0000023d2ee87c34: ;   {runtime_call}
  0x0000023d2ee87c34: 48b8 3001 | 2cf8 fa7f | 0000 ffd0 | 4883 c408 | e90c 0000 

  0x0000023d2ee87c48: ;   {runtime_call}
  0x0000023d2ee87c48: 0048 b830 | 012c f8fa | 7f00 00ff | d048 83c4 | 2048 8b45 | f849 c787 | 9803 0000 | 0000 0000 
  0x0000023d2ee87c68: 49c7 87a0 | 0300 0000 | 0000 00c5 | f877 4885 | c00f 84fe | 0100 00a8 | 030f 8508 | 0000 0048 
  0x0000023d2ee87c88: 8b00 e9ee | 0100 00a8 | 010f 8509 | 0000 0048 | 8b40 fee9 | dd01 0000 | 488b 40ff | 4180 7f40 
  0x0000023d2ee87ca8: 000f 84ce | 0100 0048 | 83f8 000f | 84c4 0100 | 0049 8b4f | 2848 83f9 | 000f 8414 | 0000 0048 
  0x0000023d2ee87cc8: 83e9 0849 | 894f 2849 | 034f 3848 | 8901 e9a2 | 0100 0048 | 81ec d000 | 0000 4889 | 0424 4889 
  0x0000023d2ee87ce8: 4c24 0848 | 8954 2410 | 4889 7424 | 1848 897c | 2420 4c89 | 4424 284c | 894c 2430 | 4c89 5424 
  0x0000023d2ee87d08: 384c 895c | 2440 c5fb | 1144 2450 | c5fb 114c | 2458 c5fb | 1154 2460 | c5fb 115c | 2468 c5fb 
  0x0000023d2ee87d28: 1164 2470 | c5fb 116c | 2478 c5fb | 11b4 2480 | 0000 00c5 | fb11 bc24 | 8800 0000 | c57b 1184 
  0x0000023d2ee87d48: ;   {no_reloc}
  0x0000023d2ee87d48: 2490 0000 | 00c5 7b11 | 8c24 9800 | 0000 c57b | 1194 24a0 | 0000 00c5 | 7b11 9c24 | a800 0000 
  0x0000023d2ee87d68: c57b 11a4 | 24b0 0000 | 00c5 7b11 | ac24 b800 | 0000 c57b | 11b4 24c0 | 0000 00c5 | 7b11 bc24 
  0x0000023d2ee87d88: c800 0000 | 498b d748 | 8bc8 4883 | ec20 40f6 | c40f 0f84 | 1900 0000 | 4883 ec08 

  0x0000023d2ee87da4: ;   {runtime_call}
  0x0000023d2ee87da4: 48b8 d0ed | eaf7 fa7f | 0000 ffd0 | 4883 c408 | e90c 0000 

  0x0000023d2ee87db8: ;   {runtime_call}
  0x0000023d2ee87db8: 0048 b8d0 | edea f7fa | 7f00 00ff | d048 83c4 | 20c5 7b10 | bc24 c800 | 0000 c57b | 10b4 24c0 
  0x0000023d2ee87dd8: 0000 00c5 | 7b10 ac24 | b800 0000 | c57b 10a4 | 24b0 0000 | 00c5 7b10 | 9c24 a800 | 0000 c57b 
  0x0000023d2ee87df8: 1094 24a0 | 0000 00c5 | 7b10 8c24 | 9800 0000 | c57b 1084 | 2490 0000 | 00c5 fb10 | bc24 8800 
  0x0000023d2ee87e18: 0000 c5fb | 10b4 2480 | 0000 00c5 | fb10 6c24 | 78c5 fb10 | 6424 70c5 | fb10 5c24 | 68c5 fb10 
  0x0000023d2ee87e38: 5424 60c5 | fb10 4c24 | 58c5 fb10 | 4424 504c | 8b5c 2440 | 4c8b 5424 | 384c 8b4c | 2430 4c8b 
  0x0000023d2ee87e58: 4424 2848 | 8b7c 2420 | 488b 7424 | 1848 8b54 | 2410 488b | 4c24 0848 | 8b04 2448 | 81c4 d000 
  0x0000023d2ee87e78: 0000 c5f8 | 7749 8b8f | 2804 0000 | c781 0001 | 0000 0000 | 0000 c949 | 837f 0800 | 0f85 0100 
  0x0000023d2ee87e98: ;   {runtime_call StubRoutines (initial stubs)}
  0x0000023d2ee87e98: 0000 c3e9 | 6090 86ff | c5f8 7748 | 8945 f84c | 8be4 4883 | ec20 4883 

  0x0000023d2ee87eb0: ;   {runtime_call}
  0x0000023d2ee87eb0: e4f0 48b8 | 2039 2cf8 | fa7f 0000 | ffd0 498b | e44d 33e4 | 488b 45f8 | e930 fdff | fff4 f4f4 
[/MachCode]


Compiled method (c2) 2795348 47102       4       java.nio.file.FileSystemException::<init> (19 bytes)
 total in heap  [0x0000023d2f5dee10,0x0000023d2f5df8b0] = 2720
 relocation     [0x0000023d2f5def68,0x0000023d2f5defc8] = 96
 main code      [0x0000023d2f5defe0,0x0000023d2f5df778] = 1944
 stub code      [0x0000023d2f5df778,0x0000023d2f5df7a0] = 40
 oops           [0x0000023d2f5df7a0,0x0000023d2f5df7b0] = 16
 metadata       [0x0000023d2f5df7b0,0x0000023d2f5df7e8] = 56
 scopes data    [0x0000023d2f5df7e8,0x0000023d2f5df840] = 88
 scopes pcs     [0x0000023d2f5df840,0x0000023d2f5df890] = 80
 dependencies   [0x0000023d2f5df890,0x0000023d2f5df898] = 8
 handler table  [0x0000023d2f5df898,0x0000023d2f5df8b0] = 24

[Constant Pool (empty)]

[MachCode]
[Entry Point]
  # {method} {0x0000023d00d0a888} '<init>' '(Ljava/lang/String;)V' in 'java/nio/file/FileSystemException'
  # this:     rdx:rdx   = 'java/nio/file/FileSystemException'
  # parm0:    r8:r8     = 'java/lang/String'
  #           [sp+0x70]  (sp of caller)
  0x0000023d2f5defe0: 448b 5208 | 49bb 0000 | 003e 3d02 | 0000 4d03 | d349 3bc2 

  0x0000023d2f5deff4: ;   {runtime_call ic_miss_stub}
  0x0000023d2f5deff4: 0f85 86f7 | 15ff 6690 | 0f1f 4000 
[Verified Entry Point]
  0x0000023d2f5df000: 8984 2400 | 80ff ff55 | 4883 ec60 | 4181 7f20 | 4d00 0000 | 0f85 4f07 | 0000 4c89 | 4424 2041 
  0x0000023d2f5df020: 807f 4000 | 0f85 e502 | 0000 488b | fa41 807f | 4000 0f85 | a402 0000 

  0x0000023d2f5df038: ;   {oop(a 'java/lang/StackTraceElement'[0] {0x0000000080b803f0})}
  0x0000023d2f5df038: c747 1cf0 | 03b8 804c | 8bd7 4489 | 5718 4c8b 

  0x0000023d2f5df048: ;   {oop(a 'java/util/Collections$EmptyList'{0x0000000080b803e0})}
  0x0000023d2f5df048: d748 bbe0 | 03b8 8000 

  0x0000023d2f5df050: ;   {oop(a 'java/lang/StackTraceElement'[0] {0x0000000080b803f0})}
  0x0000023d2f5df050: 0000 0048 | bdf0 03b8 | 8000 0000 | 004c 8bdd | 4d33 da49 | c1eb 144d | 85db 741a | 49c1 ea09 
  0x0000023d2f5df070: 48b9 0000 | 0837 3d02 | 0000 4903 | ca80 3902 | 0f85 9003 | 0000 4180 | 7f40 000f | 8518 0200 
  0x0000023d2f5df090: ;   {oop(a 'java/util/Collections$EmptyList'{0x0000000080b803e0})}
  0x0000023d2f5df090: 00c7 4720 | e003 b880 | 4c8b d34c | 8bdf 4d33 | d349 c1ea | 144d 85d2 | 741a 49c1 | eb09 48b9 
  0x0000023d2f5df0b0: 0000 0837 | 3d02 0000 | 4903 cb80 | 3902 0f85 | a003 0000 | 488d 5c24 | 5048 8b07 | a802 0f85 
  0x0000023d2f5df0d0: 2300 0000 | 4883 c801 | 4889 03f0 | 480f b11f | 0f84 3700 | 0000 482b | c448 2507 | f0ff ff48 
  0x0000023d2f5df0f0: 8903 e924 | 0000 004c | 8bd0 4833 | c0f0 4d0f | b17a 3e48 | c703 0300 | 0000 7411 | 4c3b f875 
  0x0000023d2f5df110: 1549 ff82 | 8600 0000 | 4833 c075 | 0949 ff87 | 4805 0000 | 33c0 0f85 | 2604 0000 | 448b 571c 
  0x0000023d2f5df130: 4585 d20f | 842d 0500 | 0048 897c | 2428 4533 | c048 8bd7 

  0x0000023d2f5df144: ;   {optimized virtual_call}
  0x0000023d2f5df144: 6666 90e8 

  0x0000023d2f5df148: ; ImmutableOopMap {rbp=Oop [32]=Oop [40]=Oop }
                      ;*invokevirtual fillInStackTrace {reexecute=0 rethrow=0 return_oop=1}
                      ; - java.lang.Throwable::fillInStackTrace@16 (line 820)
                      ; - java.lang.Throwable::<init>@24 (line 273)
                      ; - java.lang.Exception::<init>@2 (line 67)
                      ; - java.io.IOException::<init>@2 (line 57)
                      ; - java.nio.file.FileSystemException::<init>@5 (line 63)
  0x0000023d2f5df148: 7489 8aff 

  0x0000023d2f5df14c: ;   {other}
  0x0000023d2f5df14c: 0f1f 8400 | 3c03 0000 | 4180 7f40 | 000f 85e6 | 0100 0048 | 8b5c 2428 

  0x0000023d2f5df164: ;   {oop(a 'java/lang/StackTraceElement'[0] {0x0000000080b803f0})}
  0x0000023d2f5df164: c743 1cf0 | 03b8 804c | 8bd5 4c8b | db4d 33d3 | 49c1 ea14 | 4d85 d274 | 1a49 c1eb | 0948 b900 
  0x0000023d2f5df184: 0008 373d | 0200 0049 | 03cb 8039 | 020f 851b | 0300 0048 | 8d44 2450 | 4883 3800 | 0f84 7900 
  0x0000023d2f5df1a4: 0000 4c8b | 1341 f6c2 | 020f 8462 | 0000 0049 | 83ba 8600 | 0000 0074 | 0949 ff8a | 8600 0000 
  0x0000023d2f5df1c4: eb4b 498b | 8296 0000 | 0049 0b82 | 8e00 0000 | 750a 49c7 | 423e 0000 | 0000 eb3d | 4983 ba9e 
  0x0000023d2f5df1e4: 0000 0000 | 7422 4833 | c049 c742 | 3e00 0000 | 00f0 8304 | 2400 4983 | ba9e 0000 | 0000 750d 
  0x0000023d2f5df204: f04d 0fb1 | 7a3e 7505 | 83c8 01eb | 0ca8 00eb | 084c 8b10 | f04c 0fb1 | 1375 0a49 | ff8f 4805 
  0x0000023d2f5df224: 0000 4533 | d20f 8547 | 0300 0041 | 807f 4000 | 0f85 7601 | 0000 4180 | 7f40 000f | 8538 0100 
  0x0000023d2f5df244: 0044 8963 | 144c 8b44 | 2420 4d8b | d044 8953 | 244d 8bd0 | 4c8b db4d | 33d3 49c1 

  0x0000023d2f5df260: ;   {no_reloc}
  0x0000023d2f5df260: ea14 4d85 | d274 204d | 85c0 741b | 49c1 eb09 | 49b8 0000 | 0837 3d02 | 0000 4d03 | c341 8038 
  0x0000023d2f5df280: 020f 8579 | 0200 0041 | 807f 4000 | 0f85 5101 | 0000 4489 | 6328 4883 

  0x0000023d2f5df298: ;   {poll_return}
  0x0000023d2f5df298: c460 5d49 | 3ba7 4804 | 0000 0f87 | ab04 0000 | c344 8b5f | 2045 85db | 0f84 dbfd | ffff 4d8b 
  0x0000023d2f5df2b8: 5728 498b | cb4d 85d2 | 0f84 d502 | 0000 4d8b | 5f38 4b89 | 4c13 f849 | 83c2 f84d | 8957 28e9 
  0x0000023d2f5df2d8: b5fd ffff | 448b 5f1c | 4585 db0f | 844f fdff | ff4d 8b57 | 2849 8bcb | 4d85 d20f | 84bf 0200 
  0x0000023d2f5df2f8: 004d 8b5f | 384b 894c | 13f8 4983 | c2f8 4d89 | 5728 e929 | fdff ff48 | 8bfa 448b | 5a18 4585 
  0x0000023d2f5df318: db0f 840e | fdff ff4d | 8b57 2849 | 8bcb 4d85 | d20f 84a6 | 0200 004d | 8b5f 384b | 894c 13f8 
  0x0000023d2f5df338: 4983 c2f8 | 4d89 5728 | e9e8 fcff | ff48 8b5c | 2428 448b | 531c 4585 | d20f 840d | feff ff4d 
  0x0000023d2f5df358: 8b5f 2849 | 8bca 4d85 | db0f 84c5 | 0200 004d | 8b57 384b | 894c 1af8 | 4983 c3f8 | 4d89 5f28 
  0x0000023d2f5df378: e9e7 fdff | ff44 8b5b | 2445 85db | 0f84 bbfe | ffff 4d8b | 5728 498b | cb4d 85d2 | 0f84 af02 
  0x0000023d2f5df398: ;   {no_reloc}
  0x0000023d2f5df398: 0000 4d8b | 5f38 4b89 | 4c13 f849 | 83c2 f84d | 8957 28e9 | 95fe ffff | 448b 5b14 | 4585 db0f 
  0x0000023d2f5df3b8: 847d feff | ff4d 8b57 | 2849 8bcb | 4d85 d20f | 8425 0200 | 004d 8b5f | 384b 894c | 13f8 4983 
  0x0000023d2f5df3d8: c2f8 4d89 | 5728 e957 | feff ff44 | 8b53 2845 | 85d2 0f84 | a2fe ffff | 4d8b 5f28 | 498b ca4d 
  0x0000023d2f5df3f8: 85db 0f84 | 0f02 0000 | 4d8b 5738 | 4b89 4c1a | f849 83c3 | f84d 895f | 28e9 7cfe | ffff 4d8b 
  0x0000023d2f5df418: 5748 4d8b | 5f58 f083 | 4424 c000 | 8039 000f | 8459 fcff | ff44 8821 | 4d85 d275 | 1d49 8bd7 
  0x0000023d2f5df438: 49ba b0ed | eaf7 fa7f | 0000 41ff 

  0x0000023d2f5df444: ;   {other}
  0x0000023d2f5df444: d20f 1f84 | 0000 0000 | 00e9 34fc | ffff 4b89 | 4c13 f849 | 83c2 f84d | 8957 48e9 | 22fc ffff 
  0x0000023d2f5df464: 4d8b 5748 | 4d8b 5f58 | f083 4424 | c000 8039 | 000f 8449 | fcff ff44 | 8821 4d85 | d275 1d49 
  0x0000023d2f5df484: 8bd7 49ba | b0ed eaf7 | fa7f 0000 

  0x0000023d2f5df490: ;   {other}
  0x0000023d2f5df490: 41ff d20f | 1f84 0000 | 0000 00e9 | 24fc ffff | 4b89 4c13 | f849 83c2 | f84d 8957 | 48e9 12fc 
  0x0000023d2f5df4b0: ffff 4d8b | 5748 4d8b | 5f58 f083 | 4424 c000 | 8039 000f | 84ce fcff | ff44 8821 | 4d85 d275 
  0x0000023d2f5df4d0: 1d49 8bd7 | 49ba b0ed | eaf7 fa7f | 0000 41ff 

  0x0000023d2f5df4e0: ;   {other}
  0x0000023d2f5df4e0: d20f 1f84 | 0000 0000 | 00e9 a9fc | ffff 4b89 | 4c13 f849 | 83c2 f84d | 8957 48e9 | 97fc ffff 
  0x0000023d2f5df500: 4d8b 5748 | 4d8b 5f58 | f083 4424 | c000 4180 | 3800 0f84 | 6ffd ffff | 4588 204d | 85d2 7520 
  0x0000023d2f5df520: 498b c849 | 8bd7 49ba | b0ed eaf7 | fa7f 0000 

  0x0000023d2f5df530: ;   {other}
  0x0000023d2f5df530: 41ff d20f | 1f84 0000 | 0000 00e9 | 47fd ffff | 4f89 4413 | f849 83c2 | f84d 8957 | 48e9 35fd 
  0x0000023d2f5df550: ffff 4889 | 7c24 2848 | 8bd7 4c8d 

  0x0000023d2f5df55c: ;   {runtime_call _complete_monitor_locking_Java}
  0x0000023d2f5df55c: 4424 50e8 

  0x0000023d2f5df560: ; ImmutableOopMap {rbp=Oop [32]=Oop [40]=Oop }
                      ;*synchronization entry
                      ; - java.lang.Throwable::fillInStackTrace@-1 (line 818)
                      ; - java.lang.Throwable::<init>@24 (line 273)
                      ; - java.lang.Exception::<init>@2 (line 67)
                      ; - java.io.IOException::<init>@2 (line 57)
                      ; - java.nio.file.FileSystemException::<init>@5 (line 63)
  0x0000023d2f5df560: 9c4f 23ff 

  0x0000023d2f5df564: ;   {other}
  0x0000023d2f5df564: 0f1f 8400 | 5407 0001 | 488b 7c24 | 28e9 b6fb | ffff 488b | cb48 8d54 | 2450 4d8b | c749 ba60 
  0x0000023d2f5df584: ef2b f8fa | 7f00 0041 

  0x0000023d2f5df58c: ;   {other}
  0x0000023d2f5df58c: ffd2 0f1f | 8400 0000 | 0000 e994 | fcff ff49 | 8bd7 49ba | d0ed eaf7 | fa7f 0000 

  0x0000023d2f5df5a8: ;   {other}
  0x0000023d2f5df5a8: 41ff d20f | 1f84 0000 | 0000 00e9 | d9fa ffff | 498b d749 | bad0 edea | f7fa 7f00 | 0041 ffd2 
  0x0000023d2f5df5c8: ;   {other}
  0x0000023d2f5df5c8: 0f1f 8400 | 0000 0000 | e963 faff | ff49 8bd7 | 49ba d0ed | eaf7 fa7f | 0000 41ff 

  0x0000023d2f5df5e4: ;   {other}
  0x0000023d2f5df5e4: d20f 1f84 | 0000 0000 | 00e9 3bfa | ffff 498b | d749 bad0 | edea f7fa | 7f00 0041 

  0x0000023d2f5df600: ;   {other}
  0x0000023d2f5df600: ffd2 0f1f | 8400 0000 | 0000 e92b | fcff ff49 | 8bd7 49ba | d0ed eaf7 | fa7f 0000 

  0x0000023d2f5df61c: ;   {other}
  0x0000023d2f5df61c: 41ff d20f | 1f84 0000 | 0000 00e9 | 66fc ffff | 498b d749 | bad0 edea | f7fa 7f00 | 0041 ffd2 
  0x0000023d2f5df63c: ;   {other}
  0x0000023d2f5df63c: 0f1f 8400 | 0000 0000 | e91b fbff | ff49 8bd7 | 49ba d0ed | eaf7 fa7f | 0000 41ff 

  0x0000023d2f5df658: ;   {other}
  0x0000023d2f5df658: d20f 1f84 | 0000 0000 | 00e9 dffb | ffff ba45 | ffff ff48 | 897c 2428 | 4889 7c24 | 3044 8954 
  0x0000023d2f5df678: ;   {runtime_call UncommonTrapBlob}
  0x0000023d2f5df678: 2438 90e8 

  0x0000023d2f5df67c: ; ImmutableOopMap {[32]=Oop [40]=Oop [48]=Oop [56]=NarrowOop }
                      ;*ifnonnull {reexecute=1 rethrow=0 return_oop=0}
                      ; - (reexecute) java.lang.Throwable::fillInStackTrace@4 (line 818)
                      ; - java.lang.Throwable::<init>@24 (line 273)
                      ; - java.lang.Exception::<init>@2 (line 67)
                      ; - java.io.IOException::<init>@2 (line 57)
                      ; - java.nio.file.FileSystemException::<init>@5 (line 63)
  0x0000023d2f5df67c: 804f 16ff 

  0x0000023d2f5df680: ;   {other}
  0x0000023d2f5df680: 0f1f 8400 | 7008 0002 | 488b d84c | 8b5c 2428 | 488d 4424 | 5048 8338 | 000f 8479 | 0000 004d 
  0x0000023d2f5df6a0: 8b13 41f6 | c202 0f84 | 6200 0000 | 4983 ba86 | 0000 0000 | 7409 49ff | 8a86 0000 | 00eb 4b49 
  0x0000023d2f5df6c0: 8b82 9600 | 0000 490b | 828e 0000 | 0075 0a49 | c742 3e00 | 0000 00eb | 3d49 83ba | 9e00 0000 
  0x0000023d2f5df6e0: 0074 2248 | 33c0 49c7 | 423e 0000 | 0000 f083 | 0424 0049 | 83ba 9e00 | 0000 0075 | 0df0 4d0f 
  0x0000023d2f5df700: b17a 3e75 | 0583 c801 | eb0c a800 | eb08 4c8b | 10f0 4d0f | b113 750a | 49ff 8f48 | 0500 0045 
  0x0000023d2f5df720: 33d2 750d | 488b d348 | 83c4 605d 

  0x0000023d2f5df72c: ;   {runtime_call _rethrow_Java}
  0x0000023d2f5df72c: e94f fb22 | ff49 8bcb | 488d 5424 | 504d 8bc7 | 49ba 60ef | 2bf8 fa7f | 0000 41ff 

  0x0000023d2f5df748: ;   {other}
  0x0000023d2f5df748: d20f 1f84 | 0000 0000 

  0x0000023d2f5df750: ;   {internal_word}
  0x0000023d2f5df750: 00eb d149 | ba9b f25d | 2f3d 0200 | 004d 8997 | 6004 0000 

  0x0000023d2f5df764: ;   {runtime_call SafepointBlob}
  0x0000023d2f5df764: e997 5f16 

  0x0000023d2f5df768: ;   {runtime_call StubRoutines (final stubs)}
  0x0000023d2f5df768: ffe8 f255 | 14ff e9a7 | f8ff fff4 | f4f4 f4f4 
[Stub Code]
  0x0000023d2f5df778: ;   {no_reloc}
  0x0000023d2f5df778: 48bb 0000 | 0000 0000 

  0x0000023d2f5df780: ;   {runtime_call}
  0x0000023d2f5df780: 0000 e9fb 

  0x0000023d2f5df784: ;   {runtime_call ExceptionBlob}
  0x0000023d2f5df784: ffff ffe9 | 74e8 22ff 
[Deopt Handler Code]
  0x0000023d2f5df78c: e800 0000 | 0048 832c 

  0x0000023d2f5df794: ;   {runtime_call DeoptimizationBlob}
  0x0000023d2f5df794: 2405 e905 | 5216 fff4 | f4f4 f4f4 
[/MachCode]


Compiled method (c2) 2795358 47085   !   4       jdk.nio.zipfs.ZipFileSystem::newInputStream (76 bytes)
 total in heap  [0x0000023d2f6c6d10,0x0000023d2f6c8ce0] = 8144
 relocation     [0x0000023d2f6c6e68,0x0000023d2f6c7020] = 440
 main code      [0x0000023d2f6c7020,0x0000023d2f6c7fb8] = 3992
 stub code      [0x0000023d2f6c7fb8,0x0000023d2f6c80a0] = 232
 oops           [0x0000023d2f6c80a0,0x0000023d2f6c80b0] = 16
 metadata       [0x0000023d2f6c80b0,0x0000023d2f6c81f8] = 328
 scopes data    [0x0000023d2f6c81f8,0x0000023d2f6c8760] = 1384
 scopes pcs     [0x0000023d2f6c8760,0x0000023d2f6c8a90] = 816
 dependencies   [0x0000023d2f6c8a90,0x0000023d2f6c8ab8] = 40
 handler table  [0x0000023d2f6c8ab8,0x0000023d2f6c8c98] = 480
 nul chk table  [0x0000023d2f6c8c98,0x0000023d2f6c8ce0] = 72

[Constant Pool (empty)]

[MachCode]
[Entry Point]
  # {method} {0x0000023d03485980} 'newInputStream' '([B)Ljava/io/InputStream;' in 'jdk/nio/zipfs/ZipFileSystem'
  # this:     rdx:rdx   = 'jdk/nio/zipfs/ZipFileSystem'
  # parm0:    r8:r8     = '[B'
  #           [sp+0x90]  (sp of caller)
  0x0000023d2f6c7020: 448b 5208 | 49bb 0000 | 003e 3d02 | 0000 4d03 | d349 3bc2 

  0x0000023d2f6c7034: ;   {runtime_call ic_miss_stub}
  0x0000023d2f6c7034: 0f85 4677 | 07ff 6690 | 0f1f 4000 
[Verified Entry Point]
  0x0000023d2f6c7040: 8984 2400 | 80ff ff55 | 4881 ec80 | 0000 0090 | 4181 7f20 | 4d00 0000 | 0f85 4c0f | 0000 4c89 
  0x0000023d2f6c7060: 4424 3848 | 8954 2448 | 448b 5268 

  0x0000023d2f6c706c: ; implicit exception: dispatches to 0x0000023d2f6c7e94
  0x0000023d2f6c706c: 458b 4208 

  0x0000023d2f6c7070: ;   {metadata('java/util/concurrent/locks/ReentrantReadWriteLock')}
  0x0000023d2f6c7070: 4181 f850 | 6f3d 010f | 857a 0b00 | 0045 8b52 | 0c45 8b5a | 0c44 895c | 2450 458b | 5310 4d8b 
  0x0000023d2f6c7090: cb4d 8b9f | 8003 0000 | 498b 3b41 | f7c2 ffff | 0000 0f85 | c408 0000 | 448b 4424 | 5045 8b58 
  0x0000023d2f6c70b0: 0841 8bea 

  0x0000023d2f6c70b4: ;   {metadata('java/util/concurrent/locks/ReentrantReadWriteLock$NonfairSync')}
  0x0000023d2f6c70b4: c1ed 1041 | 81fb 4076 | 3d01 0f85 | 2b0a 0000 | 4d8b d945 | 8b43 1445 | 85c0 0f85 | 1306 0000 
  0x0000023d2f6c70d4: 33c0 448b | 5c24 5049 | 8bdb 85c0 | 0f85 6a09 | 0000 81fd | ffff 0000 | 0f8d ba0b | 0000 458d 
  0x0000023d2f6c70f4: 9a00 0001 | 0041 8bc2 | 448b 5424 | 50f0 450f | b15a 1041 | 0f94 c245 | 0fb6 d245 | 85d2 0f84 
  0x0000023d2f6c7114: 3809 0000 | 85ed 0f85 | e706 0000 | 4180 7f40 | 000f 859b | 0800 004c | 8bd3 4c8b | c744 8b5c 
  0x0000023d2f6c7134: 2450 4589 | 4328 4c8b | df4d 33da | 49c1 eb14 | 4d85 db74 | 1b49 c1ea | 0949 b800 | 0008 373d 
  0x0000023d2f6c7154: 0200 004d | 03c2 4180 | 3802 0f85 | 9a08 0000 | 448b 5c24 | 5041 c743 | 1c01 0000 | 004c 8b54 
  0x0000023d2f6c7174: 2448 450f | b65a 2d45 | 85db 0f84 | 110b 0000 | 458b 5240 

  0x0000023d2f6c7188: ; implicit exception: dispatches to 0x0000023d2f6c7edc
  0x0000023d2f6c7188: 458b 4a08 | 4c8b 5c24 | 4845 8b5b 

  0x0000023d2f6c7194: ;   {metadata('java/util/function/Function$$Lambda+0x0000023d3f133bb0')}
  0x0000023d2f6c7194: 6c41 81f9 | b03b 1301 | 0f85 0a06 | 0000 488b | 6c24 3848 | 85ed 0f84 | 6e0a 0000 | 488b d544 
  0x0000023d2f6c71b4: 895c 2430 

  0x0000023d2f6c71b8: ;   {static_call}
  0x0000023d2f6c71b8: 6666 90e8 

  0x0000023d2f6c71bc: ; ImmutableOopMap {rbp=Oop [48]=NarrowOop [72]=Oop }
                      ;*invokestatic keyOf {reexecute=0 rethrow=0 return_oop=1}
                      ; - jdk.nio.zipfs.ZipFileSystem::getInode@26 (line 1899)
                      ; - jdk.nio.zipfs.ZipFileSystem::getEntry@2 (line 1925)
                      ; - jdk.nio.zipfs.ZipFileSystem::newInputStream@10 (line 859)
  0x0000023d2f6c71bc: 0037 a9ff 

  0x0000023d2f6c71c0: ;   {other}
  0x0000023d2f6c71c0: 0f1f 8400 | b004 0000 | 448b 4c24 | 3045 8b41 | 2445 85c0 | 0f84 3e05 | 0000 458b | 500c 4585 
  0x0000023d2f6c71e0: d20f 86ed | 0a00 0048 | 85c0 0f84 | c409 0000 | 8b48 0c44 | 8bd9 41c1 | eb10 4433 | d944 895c 
  0x0000023d2f6c7200: 2434 41ff | ca44 2354 | 2434 478b | 5490 1045 | 85d2 0f85 | 1c02 0000 | 41bb 0100 | 0000 4489 
  0x0000023d2f6c7220: 5c24 5849 | 8b87 b801 | 0000 4c8b | d049 83c2 | 304d 3b97 | c801 0000 | 0f83 0b09 | 0000 4d89 
  0x0000023d2f6c7240: 97b8 0100 | 0041 0f0d | 8ac0 0000 | 0048 c700 | 0100 0000 

  0x0000023d2f6c7254: ;   {metadata('java/nio/file/NoSuchFileException')}
  0x0000023d2f6c7254: c740 0848 | 4013 0144 | 8960 0c4c | 8960 104c | 8960 184c | 8960 204c | 8960 2848 | 8944 2428 
  0x0000023d2f6c7274: 4c8b 5424 | 4845 8b5a | 3845 8b53 

  0x0000023d2f6c7280: ;   {metadata('jdk/nio/zipfs/ZipCoder$UTF8')}
  0x0000023d2f6c7280: 0841 81fa | f06c 9b01 | 0f85 aa09 | 0000 448b | 550c 4489 | 5424 5045 | 85d2 0f86 | ec00 0000 
  0x0000023d2f6c72a0: 458d 4aff | 4d8b c345 | 3bca 0f83 | a009 0000 | 0fbe 4d10 | 85c9 0f8c | e207 0000 | 4183 c2fd 
  0x0000023d2f6c72c0: 4183 fa01 | 0f8e 9600 | 0000 41bb | a00f 0000 | 448b 4c24 | 5044 2b4c | 2458 4183 | c1fd 33db 
  0x0000023d2f6c72e0: 443b 5424 | 5844 0f4c | cb41 81f9 | a00f 0000 | 450f 47cb | 4403 4c24 | 580f 1f80 | 0000 0000 
  0x0000023d2f6c7300: 4863 5c24 | 580f be4c | 1d10 85c9 | 0f8c 8c07 | 0000 0fbe | 4c1d 1185 | c90f 8c7f | 0700 000f 
  0x0000023d2f6c7320: be4c 1d12 | 85c9 0f8c | 7207 0000 | 0fbe 4c1d | 1385 c90f | 8c65 0700 | 008b 4c24 | 5883 c104 
  0x0000023d2f6c7340: 894c 2458 | 413b c97c | b749 8bb7 | 5004 0000 | 448b 6c24 

  0x0000023d2f6c7354: ; ImmutableOopMap {r8=Oop rbp=Oop [40]=Oop [72]=Oop }
                      ;*goto {reexecute=1 rethrow=0 return_oop=0}
                      ; - (reexecute) jdk.nio.zipfs.ZipCoder$UTF8::toString@34 (line 62)
                      ; - jdk.nio.zipfs.ZipFileSystem::getString@5 (line 1219)
                      ; - jdk.nio.zipfs.ZipFileSystem::newInputStream@24 (line 861)
                      ;   {poll}
  0x0000023d2f6c7354: 5885 0645 | 3bea 0f8c | 70ff ffff | 448b 5c24 | 5844 3b5c | 2450 7d20 | 448b 5424 | 5866 6690 
  0x0000023d2f6c7374: 420f be4c | 1510 85c9 | 0f8c 1c07 | 0000 41ff | c244 3b54 | 2450 7ce8 | 498b 87b8 | 0100 004c 
  0x0000023d2f6c7394: 8bd0 4983 | c218 4d3b | 97c8 0100 | 000f 83be | 0700 004d | 8997 b801 | 0000 410f | 0d8a c000 
  0x0000023d2f6c73b4: 0000 48c7 | 0001 0000 

  0x0000023d2f6c73bc: ;   {metadata('java/lang/String')}
  0x0000023d2f6c73bc: 00c7 4008 | 40e7 0000 | 4489 600c | 4c89 6010 | 4889 4424 

  0x0000023d2f6c73d0: ;   {oop(a 'sun/nio/cs/ISO_8859_1'{0x0000000080c7b8e0})}
  0x0000023d2f6c73d0: 2049 b8e0 | b8c7 8000 | 0000 0048 | 8bd0 4c8b | cd33 ff8b 

  0x0000023d2f6c73e4: ;   {optimized virtual_call}
  0x0000023d2f6c73e4: 7424 50e8 

  0x0000023d2f6c73e8: ; ImmutableOopMap {[32]=Oop [40]=Oop [72]=Oop }
                      ;*invokespecial <init> {reexecute=0 rethrow=0 return_oop=0}
                      ; - java.lang.String::<init>@12 (line 1425)
                      ; - jdk.nio.zipfs.ZipCoder$UTF8::toString@45 (line 65)
                      ; - jdk.nio.zipfs.ZipFileSystem::getString@5 (line 1219)
                      ; - jdk.nio.zipfs.ZipFileSystem::newInputStream@24 (line 861)
  0x0000023d2f6c73e8: 547b 6600 

  0x0000023d2f6c73ec: ;   {other}
  0x0000023d2f6c73ec: 0f1f 8400 | dc06 0002 | 488b 5424 | 284c 8b44 

  0x0000023d2f6c73fc: ;   {optimized virtual_call}
  0x0000023d2f6c73fc: 2420 90e8 

  0x0000023d2f6c7400: ; ImmutableOopMap {[40]=Oop [72]=Oop }
                      ;*invokespecial <init> {reexecute=0 rethrow=0 return_oop=0}
                      ; - java.nio.file.NoSuchFileException::<init>@2 (line 48)
                      ; - jdk.nio.zipfs.ZipFileSystem::newInputStream@27 (line 861)
  0x0000023d2f6c7400: fc7b f1ff 

  0x0000023d2f6c7404: ;   {other}
  0x0000023d2f6c7404: 0f1f 8400 | f406 0003 | 488b 6c24 | 2848 8b54 

  0x0000023d2f6c7414: ;   {optimized virtual_call}
  0x0000023d2f6c7414: 2448 90e8 

  0x0000023d2f6c7418: ; ImmutableOopMap {rbp=Oop }
                      ;*invokevirtual endRead {reexecute=0 rethrow=0 return_oop=0}
                      ; - jdk.nio.zipfs.ZipFileSystem::newInputStream@70 (line 866)
  0x0000023d2f6c7418: 841b 8dff 

  0x0000023d2f6c741c: ;   {other}
  0x0000023d2f6c741c: 0f1f 8400 | 0c07 0004 | 488b d548 | 81c4 8000 

  0x0000023d2f6c742c: ;   {runtime_call _rethrow_Java}
  0x0000023d2f6c742c: 0000 5de9 | 4c7e 14ff | 458b 420c | 498b c94d | 8bda 443b | 4424 340f | 8482 0000 | 0048 8944 
  0x0000023d2f6c744c: 2438 458b | 4218 4585 | c075 1041 | ba01 0000 | 0044 8954 | 2458 e9bc | fdff ff45 

  0x0000023d2f6c7468: ;   {metadata('java/util/HashMap$TreeNode')}
  0x0000023d2f6c7468: 8b52 0841 | 81fa 8023 | 1a00 0f85 | b002 0000 | 4489 4c24 | 3049 8bd3 | 448b 4424 | 344c 8b4c 
  0x0000023d2f6c7488: 2438 4889 

  0x0000023d2f6c748c: ;   {optimized virtual_call}
  0x0000023d2f6c748c: 4c24 38e8 

  0x0000023d2f6c7490: ; ImmutableOopMap {rbp=Oop [48]=NarrowOop [56]=Oop [72]=Oop }
                      ;*invokevirtual getTreeNode {reexecute=0 rethrow=0 return_oop=1}
                      ; - java.util.HashMap::getNode@95 (line 582)
                      ; - java.util.LinkedHashMap::get@2 (line 536)
                      ; - jdk.nio.zipfs.ZipFileSystem::getInode@29 (line 1899)
                      ; - jdk.nio.zipfs.ZipFileSystem::getEntry@2 (line 1925)
                      ; - jdk.nio.zipfs.ZipFileSystem::newInputStream@10 (line 859)
  0x0000023d2f6c7490: ec75 07ff 

  0x0000023d2f6c7494: ;   {other}
  0x0000023d2f6c7494: 0f1f 8400 | 8407 0005 | 4885 c075 | 1041 ba01 | 0000 0044 | 8954 2458 | e972 fdff | ff41 ba01 
  0x0000023d2f6c74b4: 0000 0044 | 8b4c 2430 | 488b 4c24 | 384c 8bd8 | 4489 5424 | 58eb 6345 | 8b42 104c | 3bc0 744f 
  0x0000023d2f6c74d4: 4885 c00f | 84a4 0600 | 0044 8954 | 2440 4c89 | 5c24 2848 | 894c 2420 | 4889 4424 | 3848 8bd0 
  0x0000023d2f6c74f4: 9048 b838 | 469b 3f3d 

  0x0000023d2f6c74fc: ;   {virtual_call}
  0x0000023d2f6c74fc: 0200 00e8 

  0x0000023d2f6c7500: ; ImmutableOopMap {rbp=Oop [32]=Oop [40]=Oop [48]=NarrowOop [56]=Oop [64]=NarrowOop [72]=Oop }
                      ;*invokevirtual equals {reexecute=0 rethrow=0 return_oop=0}
                      ; - java.util.HashMap::getNode@63 (line 578)
                      ; - java.util.LinkedHashMap::get@2 (line 536)
                      ; - jdk.nio.zipfs.ZipFileSystem::getInode@29 (line 1899)
                      ; - jdk.nio.zipfs.ZipFileSystem::getEntry@2 (line 1925)
                      ; - jdk.nio.zipfs.ZipFileSystem::newInputStream@10 (line 859)
  0x0000023d2f6c7500: 9cda 5000 

  0x0000023d2f6c7504: ;   {other}
  0x0000023d2f6c7504: 0f1f 8400 | f407 0006 | 85c0 0f84 | da02 0000 | 448b 4c24 | 3048 8b4c | 2420 4c8b | 5c24 2841 
  0x0000023d2f6c7524: b801 0000 | 0044 8944 | 2458 450f | b651 3045 | 85d2 0f85 | 3e05 0000 | 458b 5314 | 4585 d20f 
  0x0000023d2f6c7544: 84da fcff | ff45 8b5a 

  0x0000023d2f6c754c: ;   {metadata('jdk/nio/zipfs/ZipFileSystem$IndexNode')}
  0x0000023d2f6c754c: 0849 b838 | 469b 3f3d | 0200 0049 | b900 0000 | 3e3d 0200 | 004d 03cb | 4d8b 5938 | 4d3b d80f 
  0x0000023d2f6c756c: 8558 0100 | 0045 8b5a 

  0x0000023d2f6c7574: ;   {metadata('jdk/nio/zipfs/ZipFileSystem$Entry')}
  0x0000023d2f6c7574: 0849 b848 | 489b 3f3d | 0200 0049 | b900 0000 | 3e3d 0200 | 004d 03cb | 4d8b 5940 | 4d3b d80f 
  0x0000023d2f6c7594: 8453 0700 | 0045 8b5a | 1041 83fb | ff0f 845d | 0700 004c | 8b5c 2448 | 450f b65b | 2c45 85db 
  0x0000023d2f6c75b4: 0f85 6207 | 0000 4d8b | 87b8 0100 | 004d 8bd8 | 4981 c380 | 0000 004d | 3b9f c801 | 0000 0f83 
  0x0000023d2f6c75d4: b605 0000 | 4d89 9fb8 | 0100 0049 | 8bf8 4883 | c710 49c7 | 0001 0000 | 0041 0f0d | 8bc0 0000 
  0x0000023d2f6c75f4: ;   {metadata('jdk/nio/zipfs/ZipFileSystem$Entry')}
  0x0000023d2f6c75f4: 0041 c740 | 0848 489b | 0145 8960 | 0cb9 0e00 | 0000 c5fd | efc0 e90d | 0000 00c5 | fe7f 07c5 
  0x0000023d2f6c7614: fe7f 4720 | 4883 c740 | 4883 e908 | 7ded 4883 | c104 7c0c | c5fe 7f07 | 4883 c720 | 4883 e904 
  0x0000023d2f6c7634: 4883 c104 | 7e10 48ff | c9c5 f9d6 | 0748 83c7 | 0848 ffc9 | 7df3 4c89 | 5424 384c | 8944 2420 
  0x0000023d2f6c7654: 498b d04c | 8b44 2448 | 4c8b 4c24 

  0x0000023d2f6c7660: ;   {optimized virtual_call}
  0x0000023d2f6c7660: 3866 90e8 

  0x0000023d2f6c7664: ; ImmutableOopMap {rbp=Oop [32]=Oop [72]=Oop }
                      ;*invokespecial <init> {reexecute=0 rethrow=0 return_oop=0}
                      ; - jdk.nio.zipfs.ZipFileSystem::getEntry@58 (line 1930)
                      ; - jdk.nio.zipfs.ZipFileSystem::newInputStream@10 (line 859)
  0x0000023d2f6c7664: d87c c5ff 

  0x0000023d2f6c7668: ;   {other}
  0x0000023d2f6c7668: 0f1f 8400 | 5809 0007 | 4c8b 5424 | 2045 0fb6 | 5a14 4585 | db0f 85b5 | 0600 0048 | 8b54 2448 
  0x0000023d2f6c7688: ;   {optimized virtual_call}
  0x0000023d2f6c7688: 4d8b c2e8 

  0x0000023d2f6c768c: ; ImmutableOopMap {[72]=Oop }
                      ;*invokevirtual getInputStream {reexecute=0 rethrow=0 return_oop=1}
                      ; - jdk.nio.zipfs.ZipFileSystem::newInputStream@57 (line 864)
  0x0000023d2f6c768c: f05c 3800 

  0x0000023d2f6c7690: ;   {other}
  0x0000023d2f6c7690: 0f1f 8400 | 8009 0008 | 488b e848 | 8b54 2448 

  0x0000023d2f6c76a0: ;   {optimized virtual_call}
  0x0000023d2f6c76a0: 6666 90e8 

  0x0000023d2f6c76a4: ; ImmutableOopMap {rbp=Oop }
                      ;*invokevirtual endRead {reexecute=0 rethrow=0 return_oop=0}
                      ; - jdk.nio.zipfs.ZipFileSystem::newInputStream@62 (line 866)
  0x0000023d2f6c76a4: f818 8dff 

  0x0000023d2f6c76a8: ;   {other}
  0x0000023d2f6c76a8: 0f1f 8400 | 9809 0009 | 488b c548 | 81c4 8000 

  0x0000023d2f6c76b8: ;   {poll_return}
  0x0000023d2f6c76b8: 0000 5d49 | 3ba7 4804 | 0000 0f87 | cc08 0000 

  0x0000023d2f6c76c8: ;   {oop(a 'java/lang/ClassCastException'{0x0000000081b46560})}
  0x0000023d2f6c76c8: c348 bd60 | 65b4 8100 | 0000 0041 | 807f 4000 | 0f85 de03 | 0000 4489 | 6514 e92a | fdff ff45 
  0x0000023d2f6c76e8: 8b40 1445 | 85c0 0f84 | e0f9 ffff | 418b 4808 

  0x0000023d2f6c76f8: ;   {metadata('java/util/concurrent/locks/AbstractQueuedSynchronizer$SharedNode')}
  0x0000023d2f6c76f8: 81f9 3021 | 3c01 0f84 | d0f9 ffff | 453b 6018 | 0f84 c6f9 | ffff b801 | 0000 00e9 | bef9 ffff 
  0x0000023d2f6c7718: 41bb 0100 | 0000 4489 | 5c24 58e9 | fbfa ffff | 4d8b d841 | ba01 0000 | 0044 8954 | 2458 458b 
  0x0000023d2f6c7738: 430c 443b | 4424 340f | 8509 0200 | 0045 8b53 | 104d 8bc2 | 4c8b 5424 | 384d 3bc2 | 0f84 d4fd 
  0x0000023d2f6c7758: ffff 4d85 | d20f 8429 | 0600 0044 | 894c 245c | 488b 5424 | 3848 894c | 2460 4c89 | 5c24 6866 
  0x0000023d2f6c7778: 9048 b838 | 469b 3f3d 

  0x0000023d2f6c7780: ;   {virtual_call}
  0x0000023d2f6c7780: 0200 00e8 

  0x0000023d2f6c7784: ; ImmutableOopMap {rbp=Oop [56]=Oop [72]=Oop [92]=NarrowOop [96]=Oop [104]=Oop }
                      ;*invokevirtual equals {reexecute=0 rethrow=0 return_oop=0}
                      ; - java.util.HashMap::getNode@128 (line 585)
                      ; - java.util.LinkedHashMap::get@2 (line 536)
                      ; - jdk.nio.zipfs.ZipFileSystem::getInode@29 (line 1899)
                      ; - jdk.nio.zipfs.ZipFileSystem::getEntry@2 (line 1925)
                      ; - jdk.nio.zipfs.ZipFileSystem::newInputStream@10 (line 859)
  0x0000023d2f6c7784: 18d8 5000 

  0x0000023d2f6c7788: ;   {other}
  0x0000023d2f6c7788: 0f1f 8400 | 780a 000a | 85c0 0f84 | a701 0000 | 448b 4c24 | 5c48 8b4c | 2460 4c8b | 5c24 68e9 
  0x0000023d2f6c77a8: 82fd ffff 

  0x0000023d2f6c77ac: ;   {metadata('jdk/nio/zipfs/ZipFileSystem$$Lambda+0x0000023d3fc027b0')}
  0x0000023d2f6c77ac: 4181 f9b0 | 27c0 010f | 85b4 0500 | 0044 895c | 2430 458b | 520c 498b | d24c 8b44 

  0x0000023d2f6c77c8: ;   {static_call}
  0x0000023d2f6c77c8: 2438 90e8 

  0x0000023d2f6c77cc: ; ImmutableOopMap {[48]=NarrowOop [56]=Oop [72]=Oop }
                      ;*invokestatic lambda$createVersionedLinks$13 {reexecute=0 rethrow=0 return_oop=1}
                      ; - jdk.nio.zipfs.ZipFileSystem$$Lambda/0x0000023d3fc027b0::apply@8
                      ; - jdk.nio.zipfs.ZipFileSystem::getInode@9 (line 1899)
                      ; - jdk.nio.zipfs.ZipFileSystem::getEntry@2 (line 1925)
                      ; - jdk.nio.zipfs.ZipFileSystem::newInputStream@10 (line 859)
  0x0000023d2f6c77cc: b078 07ff 

  0x0000023d2f6c77d0: ;   {other}
  0x0000023d2f6c77d0: 0f1f 8400 | c00a 000b | 4885 c00f | 8433 0400 | 0048 8bd0 | 488b 6c24 | 38e9 caf9 | ffff 448b 
  0x0000023d2f6c77f0: 4c24 3044 | 8b54 2440 | 488b 4c24 | 204c 8b5c | 2428 e947 | fcff ff44 | 8b54 2450 | 458b 5a28 
  0x0000023d2f6c7810: 4d8b d34c | 3bd7 0f84 | 9501 0000 | 448b 5c24 | 5045 8b53 | 2045 8b43 | 2445 85c0 | 740e 4d8b 
  0x0000023d2f6c7830: 5810 4c3b | 5f18 0f84 | c600 0000 | 4585 d20f | 849f 0500 | 0049 8bd2 | 498b e948 | 895c 2440 
  0x0000023d2f6c7850: ;   {optimized virtual_call}
  0x0000023d2f6c7850: 6666 90e8 

  0x0000023d2f6c7854: ; ImmutableOopMap {rbp=Oop [56]=Oop [64]=Oop [72]=Oop [80]=NarrowOop }
                      ;*invokevirtual get {reexecute=0 rethrow=0 return_oop=1}
                      ; - java.util.concurrent.locks.ReentrantReadWriteLock$Sync::tryAcquireShared@126 (line 487)
                      ; - java.util.concurrent.locks.AbstractQueuedSynchronizer::acquireShared@2 (line 1078)
                      ; - java.util.concurrent.locks.ReentrantReadWriteLock$ReadLock::lock@5 (line 738)
                      ; - jdk.nio.zipfs.ZipFileSystem::beginRead@9 (line 1194)
                      ; - jdk.nio.zipfs.ZipFileSystem::newInputStream@1 (line 856)
  0x0000023d2f6c7854: 0843 8fff 

  0x0000023d2f6c7858: ;   {other}
  0x0000023d2f6c7858: 0f1f 8400 | 480b 000c | 488b d844 

  0x0000023d2f6c7864: ;   {metadata('java/util/concurrent/locks/ReentrantReadWriteLock$Sync$HoldCounter')}
  0x0000023d2f6c7864: 8b58 0841 | 81fb d01f | f701 0f85 | d405 0000 | 4180 7f40 | 000f 8540 | 0300 004c | 8b54 2440 
  0x0000023d2f6c7884: 4c8b c344 | 8b4c 2450 | 4589 4124 | 4c8b db4d | 33da 49c1 | eb14 4d85 | db0f 8494 | 0000 0049 
  0x0000023d2f6c78a4: c1ea 0949 | b800 0008 | 373d 0200 | 004d 03c2 | 4180 3802 | 747d 4d8b | 5748 4d8b | 5f58 f083 
  0x0000023d2f6c78c4: 4424 c000 | 4180 3800 | 7469 4588 | 204d 85d2 | 751d 498b | c849 8bd7 | 49ba b0ed | eaf7 fa7f 
  0x0000023d2f6c78e4: 0000 41ff 

  0x0000023d2f6c78e8: ;   {other}
  0x0000023d2f6c78e8: d20f 1f84 | 0000 0000 | 00eb 444f | 8944 13f8 | 4983 c2f8 | 4d89 5748 | eb35 418b | 680c 85ed 
  0x0000023d2f6c7908: 0f85 be04 | 0000 4585 | d20f 849d | 0400 0049 | 8bd2 498b | e84c 894c | 2420 4c8b 

  0x0000023d2f6c7924: ;   {optimized virtual_call}
  0x0000023d2f6c7924: c566 90e8 

  0x0000023d2f6c7928: ; ImmutableOopMap {rbp=Oop [32]=Oop [56]=Oop [72]=Oop }
                      ;*invokevirtual set {reexecute=0 rethrow=0 return_oop=0}
                      ; - java.util.concurrent.locks.ReentrantReadWriteLock$Sync::tryAcquireShared@155 (line 489)
                      ; - java.util.concurrent.locks.AbstractQueuedSynchronizer::acquireShared@2 (line 1078)
                      ; - java.util.concurrent.locks.ReentrantReadWriteLock$ReadLock::lock@5 (line 738)
                      ; - jdk.nio.zipfs.ZipFileSystem::beginRead@9 (line 1194)
                      ; - jdk.nio.zipfs.ZipFileSystem::newInputStream@1 (line 856)
  0x0000023d2f6c7928: f4dd 6900 

  0x0000023d2f6c792c: ;   {other}
  0x0000023d2f6c792c: 0f1f 8400 | 1c0c 000d | 488b ddff | 430c e932 | f8ff ff44 | 8b4c 245c | 488b 4c24 | 604c 8b5c 
  0x0000023d2f6c794c: 2468 498b | 9750 0400 | 0045 8b43 

  0x0000023d2f6c7958: ; ImmutableOopMap {r8=NarrowOop r9=NarrowOop rcx=Oop rbp=Oop [56]=Oop [72]=Oop }
                      ;*ifnonnull {reexecute=1 rethrow=0 return_oop=0}
                      ; - (reexecute) java.util.HashMap::getNode@145 (line 587)
                      ; - java.util.LinkedHashMap::get@2 (line 536)
                      ; - jdk.nio.zipfs.ZipFileSystem::getInode@29 (line 1899)
                      ; - jdk.nio.zipfs.ZipFileSystem::getEntry@2 (line 1925)
                      ; - jdk.nio.zipfs.ZipFileSystem::newInputStream@10 (line 859)
                      ;   {poll}
  0x0000023d2f6c7958: 1885 0245 | 85c0 0f84 | bff8 ffff | 4d8b d8e9 | cafd ffff | 448b 5c24 | 5045 8b43 | 0c4d 8bd8 
  0x0000023d2f6c7978: 4c3b df0f | 8427 f7ff | ff49 8bd1 | 4533 c041 | b901 0000 | 00bf 0100 | 0000 33f6 | 33c9 4533 
  0x0000023d2f6c7998: d24c 8914 

  0x0000023d2f6c799c: ;   {optimized virtual_call}
  0x0000023d2f6c799c: 2466 90e8 

  0x0000023d2f6c79a0: ; ImmutableOopMap {[56]=Oop [72]=Oop }
                      ;*invokevirtual acquire {reexecute=0 rethrow=0 return_oop=0}
                      ; - java.util.concurrent.locks.AbstractQueuedSynchronizer::acquireShared@15 (line 1079)
                      ; - java.util.concurrent.locks.ReentrantReadWriteLock$ReadLock::lock@5 (line 738)
                      ; - jdk.nio.zipfs.ZipFileSystem::beginRead@9 (line 1194)
                      ; - jdk.nio.zipfs.ZipFileSystem::newInputStream@1 (line 856)
  0x0000023d2f6c79a0: 1cfa 4000 

  0x0000023d2f6c79a4: ;   {other}
  0x0000023d2f6c79a4: 0f1f 8400 | 940c 000f | e9c0 f7ff | ff44 8b5c | 2450 458b | 531c 41ff | c245 8953 | 1ce9 abf7 
  0x0000023d2f6c79c4: ffff 448b | 5c24 5045 | 8b53 2845 | 85d2 0f84 | 53f7 ffff | 4d8b 5f28 | 498b ca4d | 85db 0f84 
  0x0000023d2f6c79e4: 9002 0000 | 4d8b 5738 | 4b89 4c1a | f849 83c3 | f84d 895f | 28e9 2df7 | ffff 4d8b | 5748 4d8b 
  0x0000023d2f6c7a04: 5f58 f083 | 4424 c000 | 4180 3800 | 0f84 4ef7 | ffff 4588 | 204d 85d2 | 7520 498b | c849 8bd7 
  0x0000023d2f6c7a24: 49ba b0ed | eaf7 fa7f | 0000 41ff 

  0x0000023d2f6c7a30: ;   {other}
  0x0000023d2f6c7a30: d20f 1f84 | 0000 0000 | 00e9 26f7 | ffff 4f89 | 4413 f849 | 83c2 f84d | 8957 48e9 | 14f7 ffff 
  0x0000023d2f6c7a50: 488b d34c | 8bc7 4c89 

  0x0000023d2f6c7a58: ;   {optimized virtual_call}
  0x0000023d2f6c7a58: 4c24 30e8 

  0x0000023d2f6c7a5c: ; ImmutableOopMap {[48]=Oop [56]=Oop [72]=Oop }
                      ;*invokevirtual fullTryAcquireShared {reexecute=0 rethrow=0 return_oop=0}
                      ; - java.util.concurrent.locks.ReentrantReadWriteLock$Sync::tryAcquireShared@173 (line 494)
                      ; - java.util.concurrent.locks.AbstractQueuedSynchronizer::acquireShared@2 (line 1078)
                      ; - java.util.concurrent.locks.ReentrantReadWriteLock$ReadLock::lock@5 (line 738)
                      ; - jdk.nio.zipfs.ZipFileSystem::beginRead@9 (line 1194)
                      ; - jdk.nio.zipfs.ZipFileSystem::newInputStream@1 (line 856)
  0x0000023d2f6c7a5c: 008b 9dff 

  0x0000023d2f6c7a60: ;   {other}
  0x0000023d2f6c7a60: 0f1f 8400 | 500d 0010 | 85c0 0f8d | 01f7 ffff | 4c8b 4c24 | 30e9 07ff | ffff 488b | d14d 8bc3 
  0x0000023d2f6c7a80: 4c89 5c24 

  0x0000023d2f6c7a84: ;   {optimized virtual_call}
  0x0000023d2f6c7a84: 3866 90e8 

  0x0000023d2f6c7a88: ; ImmutableOopMap {rbp=Oop [56]=Oop [72]=Oop }
                      ;*invokevirtual afterNodeAccess {reexecute=0 rethrow=0 return_oop=0}
                      ; - java.util.LinkedHashMap::get@21 (line 539)
                      ; - jdk.nio.zipfs.ZipFileSystem::getInode@29 (line 1899)
                      ; - jdk.nio.zipfs.ZipFileSystem::getEntry@2 (line 1925)
                      ; - jdk.nio.zipfs.ZipFileSystem::newInputStream@10 (line 859)
  0x0000023d2f6c7a88: f46f 07ff 

  0x0000023d2f6c7a8c: ;   {other}
  0x0000023d2f6c7a8c: 0f1f 8400 | 7c0d 0011 | 4c8b 5c24 | 38e9 9efa | ffff ba45 | ffff ff4c | 8944 2438 | 894c 2440 
  0x0000023d2f6c7aac: ;   {runtime_call UncommonTrapBlob}
  0x0000023d2f6c7aac: 6666 90e8 

  0x0000023d2f6c7ab0: ; ImmutableOopMap {rbp=Oop [40]=Oop [56]=Oop [72]=Oop }
                      ;*ifge {reexecute=1 rethrow=0 return_oop=0}
                      ; - (reexecute) jdk.nio.zipfs.ZipCoder$UTF8::toString@22 (line 63)
                      ; - jdk.nio.zipfs.ZipFileSystem::getString@5 (line 1219)
                      ; - jdk.nio.zipfs.ZipFileSystem::newInputStream@24 (line 861)
  0x0000023d2f6c7ab0: 4ccb 07ff 

  0x0000023d2f6c7ab4: ;   {other}
  0x0000023d2f6c7ab4: 0f1f 8400 | a40d 0012 | 448b 5514 | 4585 d20f | 8415 fcff | ff4d 8b5f | 2849 8bca | 4d85 db0f 
  0x0000023d2f6c7ad4: 8477 0200 | 004d 8b57 | 384b 894c | 1af8 4983 | c3f8 4d89 | 5f28 e9ef 

  0x0000023d2f6c7aec: ;   {metadata('java/util/concurrent/locks/ReentrantReadWriteLock$FairSync')}
  0x0000023d2f6c7aec: fbff ff41 | 81fb 0070 | cf01 0f85 | 1903 0000 | 4889 7c24 | 4044 8954 | 242c 4889 | 5424 204c 
  0x0000023d2f6c7b0c: 894c 2430 | 4d8b d149 | 8bd2 4c89 

  0x0000023d2f6c7b18: ;   {optimized virtual_call}
  0x0000023d2f6c7b18: 5424 48e8 

  0x0000023d2f6c7b1c: ; ImmutableOopMap {[32]=Oop [48]=Oop [56]=Oop [64]=Oop [72]=Oop [80]=NarrowOop }
                      ;*invokevirtual hasQueuedPredecessors {reexecute=0 rethrow=0 return_oop=0}
                      ; - java.util.concurrent.locks.ReentrantReadWriteLock$FairSync::readerShouldBlock@1 (line 706)
                      ; - java.util.concurrent.locks.ReentrantReadWriteLock$Sync::tryAcquireShared@33 (line 475)
                      ; - java.util.concurrent.locks.AbstractQueuedSynchronizer::acquireShared@2 (line 1078)
                      ; - java.util.concurrent.locks.ReentrantReadWriteLock$ReadLock::lock@5 (line 738)
                      ; - jdk.nio.zipfs.ZipFileSystem::beginRead@9 (line 1194)
                      ; - jdk.nio.zipfs.ZipFileSystem::newInputStream@1 (line 856)
  0x0000023d2f6c7b1c: 606f 07ff 

  0x0000023d2f6c7b20: ;   {other}
  0x0000023d2f6c7b20: 0f1f 8400 | 100e 0013 | 48ff 7424 | 2048 8f44 | 2448 448b | 5424 2c4c | 8b5c 2430 | 488b 7c24 
  0x0000023d2f6c7b40: 404d 8bcb | e98d f5ff 

  0x0000023d2f6c7b48: ;   {metadata('java/nio/file/NoSuchFileException')}
  0x0000023d2f6c7b48: ff48 ba48 | 4013 3f3d 

  0x0000023d2f6c7b50: ;   {runtime_call _new_instance_Java}
  0x0000023d2f6c7b50: 0200 00e8 

  0x0000023d2f6c7b54: ; ImmutableOopMap {rbp=Oop [72]=Oop }
                      ;*new {reexecute=0 rethrow=0 return_oop=1}
                      ; - jdk.nio.zipfs.ZipFileSystem::newInputStream@18 (line 861)
  0x0000023d2f6c7b54: 285b 14ff 

  0x0000023d2f6c7b58: ;   {other}
  0x0000023d2f6c7b58: 0f1f 8400 | 480e 0014 | e90a f7ff 

  0x0000023d2f6c7b64: ;   {metadata('java/lang/String')}
  0x0000023d2f6c7b64: ff48 ba40 | e700 3e3d 

  0x0000023d2f6c7b6c: ;   {runtime_call _new_instance_Java}
  0x0000023d2f6c7b6c: 0200 00e8 

  0x0000023d2f6c7b70: ; ImmutableOopMap {rbp=Oop [40]=Oop [72]=Oop }
                      ;*new {reexecute=0 rethrow=0 return_oop=1}
                      ; - jdk.nio.zipfs.ZipCoder$UTF8::toString@37 (line 65)
                      ; - jdk.nio.zipfs.ZipFileSystem::getString@5 (line 1219)
                      ; - jdk.nio.zipfs.ZipFileSystem::newInputStream@24 (line 861)
  0x0000023d2f6c7b70: 0c5b 14ff 

  0x0000023d2f6c7b74: ;   {other}
  0x0000023d2f6c7b74: 0f1f 8400 | 640e 0015 | e94b f8ff | ff45 33c0 | 4c89 4424 | 38e9 c0f8 

  0x0000023d2f6c7b8c: ;   {metadata('jdk/nio/zipfs/ZipFileSystem$Entry')}
  0x0000023d2f6c7b8c: ffff 48ba | 4848 9b3f | 3d02 0000 | 4c89 5424 

  0x0000023d2f6c7b9c: ;   {runtime_call _new_instance_Java}
  0x0000023d2f6c7b9c: 3866 90e8 

  0x0000023d2f6c7ba0: ; ImmutableOopMap {rbp=Oop [56]=Oop [72]=Oop }
                      ;*new {reexecute=0 rethrow=0 return_oop=1}
                      ; - jdk.nio.zipfs.ZipFileSystem::getEntry@52 (line 1930)
                      ; - jdk.nio.zipfs.ZipFileSystem::newInputStream@10 (line 859)
  0x0000023d2f6c7ba0: dc5a 14ff 

  0x0000023d2f6c7ba4: ;   {other}
  0x0000023d2f6c7ba4: 0f1f 8400 | 940e 0016 | 4c8b c0e9 | 9bfa ffff | 33c9 894c | 2434 e943 | f6ff ff44 | 8b54 2450 
  0x0000023d2f6c7bc4: 458b 5224 | 4585 d20f | 84ae fcff | ff4d 8b5f | 2849 8bca | 4d85 db0f | 8417 0200 | 004d 8b57 
  0x0000023d2f6c7be4: 384b 894c | 1af8 4983 | c3f8 4d89 | 5f28 e988 | fcff ffba | deff ffff | 488b 6c24 | 4844 8954 
  0x0000023d2f6c7c04: ;   {runtime_call UncommonTrapBlob}
  0x0000023d2f6c7c04: 2428 90e8 

  0x0000023d2f6c7c08: ; ImmutableOopMap {rbp=Oop [40]=NarrowOop [56]=Oop }
                      ;*invokeinterface readLock {reexecute=0 rethrow=0 return_oop=0}
                      ; - jdk.nio.zipfs.ZipFileSystem::beginRead@4 (line 1194)
                      ; - jdk.nio.zipfs.ZipFileSystem::newInputStream@1 (line 856)
  0x0000023d2f6c7c08: f4c9 07ff 

  0x0000023d2f6c7c0c: ;   {other}
  0x0000023d2f6c7c0c: 0f1f 8400 | fc0e 0017 | 488b 6c24 | 3844 8b5c | 2430 ba5c | ffff ff44 | 895c 2430 

  0x0000023d2f6c7c28: ;   {runtime_call UncommonTrapBlob}
  0x0000023d2f6c7c28: 6666 90e8 

  0x0000023d2f6c7c2c: ; ImmutableOopMap {rbp=Oop [48]=NarrowOop [72]=Oop }
                      ;*ifnonnull {reexecute=1 rethrow=0 return_oop=0}
                      ; - (reexecute) java.util.Objects::requireNonNull@1 (line 258)
                      ; - jdk.nio.zipfs.ZipFileSystem::getInode@20 (line 1899)
                      ; - jdk.nio.zipfs.ZipFileSystem::getEntry@2 (line 1925)
                      ; - jdk.nio.zipfs.ZipFileSystem::newInputStream@10 (line 859)
  0x0000023d2f6c7c2c: d0c9 07ff 

  0x0000023d2f6c7c30: ;   {other}
  0x0000023d2f6c7c30: 0f1f 8400 | 200f 0018 | bade ffff | ff44 895c 

  0x0000023d2f6c7c40: ;   {runtime_call UncommonTrapBlob}
  0x0000023d2f6c7c40: 2438 90e8 

  0x0000023d2f6c7c44: ; ImmutableOopMap {rbp=Oop [40]=Oop [56]=NarrowOop [72]=Oop }
                      ;*invokevirtual toString {reexecute=0 rethrow=0 return_oop=0}
                      ; - jdk.nio.zipfs.ZipFileSystem::getString@5 (line 1219)
                      ; - jdk.nio.zipfs.ZipFileSystem::newInputStream@24 (line 861)
  0x0000023d2f6c7c44: b8c9 07ff 

  0x0000023d2f6c7c48: ;   {other}
  0x0000023d2f6c7c48: 0f1f 8400 | 380f 0019 | ba76 ffff | ff48 ff74 | 2448 488f | 4424 204c | 8944 2438 | 4489 5424 
  0x0000023d2f6c7c68: ;   {runtime_call UncommonTrapBlob}
  0x0000023d2f6c7c68: 4c66 90e8 

  0x0000023d2f6c7c6c: ; ImmutableOopMap {rbp=Oop [32]=Oop [40]=Oop [56]=Oop }
                      ;*if_icmpge {reexecute=1 rethrow=0 return_oop=0}
                      ; - (reexecute) jdk.nio.zipfs.ZipCoder$UTF8::toString@11 (line 62)
                      ; - jdk.nio.zipfs.ZipFileSystem::getString@5 (line 1219)
                      ; - jdk.nio.zipfs.ZipFileSystem::newInputStream@24 (line 861)
  0x0000023d2f6c7c6c: 90c9 07ff 

  0x0000023d2f6c7c70: ;   {other}
  0x0000023d2f6c7c70: 0f1f 8400 | 600f 001a | 498b d749 | bad0 edea | f7fa 7f00 | 0041 ffd2 

  0x0000023d2f6c7c88: ;   {other}
  0x0000023d2f6c7c88: 0f1f 8400 | 0000 0000 | e996 f4ff | ffba 45ff | ffff 4489 

  0x0000023d2f6c7c9c: ;   {runtime_call UncommonTrapBlob}
  0x0000023d2f6c7c9c: 5c24 28e8 

  0x0000023d2f6c7ca0: ; ImmutableOopMap {[56]=Oop [72]=Oop }
                      ;*ifne {reexecute=1 rethrow=0 return_oop=0}
                      ; - (reexecute) jdk.nio.zipfs.ZipFileSystem::ensureOpen@4 (line 1634)
                      ; - jdk.nio.zipfs.ZipFileSystem::newInputStream@5 (line 858)
  0x0000023d2f6c7ca0: 5cc9 07ff 

  0x0000023d2f6c7ca4: ;   {other}
  0x0000023d2f6c7ca4: 0f1f 8400 | 940f 001b | ba45 ffff | ff4c 8b54 | 2438 4c89 | 5424 2844 | 895c 2434 | 4889 7c24 
  0x0000023d2f6c7cc4: ;   {runtime_call UncommonTrapBlob}
  0x0000023d2f6c7cc4: 3866 90e8 

  0x0000023d2f6c7cc8: ; ImmutableOopMap {[40]=Oop [52]=NarrowOop [56]=Oop [72]=Oop [80]=NarrowOop }
                      ;*if_icmpge {reexecute=1 rethrow=0 return_oop=0}
                      ; - (reexecute) java.util.concurrent.locks.ReentrantReadWriteLock$Sync::tryAcquireShared@43 (line 475)
                      ; - java.util.concurrent.locks.AbstractQueuedSynchronizer::acquireShared@2 (line 1078)
                      ; - java.util.concurrent.locks.ReentrantReadWriteLock$ReadLock::lock@5 (line 738)
                      ; - jdk.nio.zipfs.ZipFileSystem::beginRead@9 (line 1194)
                      ; - jdk.nio.zipfs.ZipFileSystem::newInputStream@1 (line 856)
  0x0000023d2f6c7cc8: 34c9 07ff 

  0x0000023d2f6c7ccc: ;   {other}
  0x0000023d2f6c7ccc: 0f1f 8400 | bc0f 001c | ba45 ffff | ff44 8954 

  0x0000023d2f6c7cdc: ;   {runtime_call UncommonTrapBlob}
  0x0000023d2f6c7cdc: 2434 90e8 

  0x0000023d2f6c7ce0: ; ImmutableOopMap {rbp=Oop [48]=NarrowOop [72]=Oop }
                      ;*ifle {reexecute=1 rethrow=0 return_oop=0}
                      ; - (reexecute) java.util.HashMap::getNode@14 (line 575)
                      ; - java.util.LinkedHashMap::get@2 (line 536)
                      ; - jdk.nio.zipfs.ZipFileSystem::getInode@29 (line 1899)
                      ; - jdk.nio.zipfs.ZipFileSystem::getEntry@2 (line 1925)
                      ; - jdk.nio.zipfs.ZipFileSystem::newInputStream@10 (line 859)
  0x0000023d2f6c7ce0: 1cc9 07ff 

  0x0000023d2f6c7ce4: ;   {other}
  0x0000023d2f6c7ce4: 0f1f 8400 | d40f 001d | ba45 ffff | ff4c 8954 

  0x0000023d2f6c7cf4: ;   {runtime_call UncommonTrapBlob}
  0x0000023d2f6c7cf4: 2428 90e8 

  0x0000023d2f6c7cf8: ; ImmutableOopMap {rbp=Oop [40]=Oop [72]=Oop }
                      ;*ifeq {reexecute=1 rethrow=0 return_oop=0}
                      ; - (reexecute) jdk.nio.zipfs.ZipFileSystem::getEntry@10 (line 1926)
                      ; - jdk.nio.zipfs.ZipFileSystem::newInputStream@10 (line 859)
  0x0000023d2f6c7cf8: 04c9 07ff 

  0x0000023d2f6c7cfc: ;   {other}
  0x0000023d2f6c7cfc: 0f1f 8400 | ec0f 001e | ba45 ffff | ff44 895c 

  0x0000023d2f6c7d0c: ;   {runtime_call UncommonTrapBlob}
  0x0000023d2f6c7d0c: 2428 90e8 

  0x0000023d2f6c7d10: ; ImmutableOopMap {rbp=Oop [72]=Oop }
                      ;*if_icmpne {reexecute=1 rethrow=0 return_oop=0}
                      ; - (reexecute) jdk.nio.zipfs.ZipFileSystem::getEntry@27 (line 1928)
                      ; - jdk.nio.zipfs.ZipFileSystem::newInputStream@10 (line 859)
  0x0000023d2f6c7d10: ecc8 07ff 

  0x0000023d2f6c7d14: ;   {other}
  0x0000023d2f6c7d14: 0f1f 8400 | 0410 001f | ba45 ffff | ff4c 8954 | 2430 4489 

  0x0000023d2f6c7d28: ;   {runtime_call UncommonTrapBlob}
  0x0000023d2f6c7d28: 5c24 38e8 

  0x0000023d2f6c7d2c: ; ImmutableOopMap {rbp=Oop [48]=Oop [72]=Oop }
                      ;*ifeq {reexecute=1 rethrow=0 return_oop=0}
                      ; - (reexecute) jdk.nio.zipfs.ZipFileSystem::getEntry@36 (line 1930)
                      ; - jdk.nio.zipfs.ZipFileSystem::newInputStream@10 (line 859)
  0x0000023d2f6c7d2c: d0c8 07ff 

  0x0000023d2f6c7d30: ;   {other}
  0x0000023d2f6c7d30: 0f1f 8400 | 2010 0020 | ba45 ffff | ff44 895c 

  0x0000023d2f6c7d40: ;   {runtime_call UncommonTrapBlob}
  0x0000023d2f6c7d40: 2428 90e8 

  0x0000023d2f6c7d44: ; ImmutableOopMap {rbp=Oop [72]=Oop }
                      ;*ifeq {reexecute=1 rethrow=0 return_oop=0}
                      ; - (reexecute) jdk.nio.zipfs.ZipFileSystem::newInputStream@35 (line 862)
  0x0000023d2f6c7d44: b8c8 07ff 

  0x0000023d2f6c7d48: ;   {other}
  0x0000023d2f6c7d48: 0f1f 8400 | 3810 0021 | 498b d749 | bad0 edea | f7fa 7f00 | 0041 ffd2 

  0x0000023d2f6c7d60: ;   {other}
  0x0000023d2f6c7d60: 0f1f 8400 | 0000 0000 | e971 f9ff | ffba c6ff | ffff 4489 | 5c24 3044 | 8954 2434 

  0x0000023d2f6c7d7c: ;   {runtime_call UncommonTrapBlob}
  0x0000023d2f6c7d7c: 6666 90e8 

  0x0000023d2f6c7d80: ; ImmutableOopMap {[48]=NarrowOop [52]=NarrowOop [56]=Oop [72]=Oop }
                      ;*invokeinterface apply {reexecute=0 rethrow=0 return_oop=0}
                      ; - jdk.nio.zipfs.ZipFileSystem::getInode@9 (line 1899)
                      ; - jdk.nio.zipfs.ZipFileSystem::getEntry@2 (line 1925)
                      ; - jdk.nio.zipfs.ZipFileSystem::newInputStream@10 (line 859)
  0x0000023d2f6c7d80: 7cc8 07ff 

  0x0000023d2f6c7d84: ;   {other}
  0x0000023d2f6c7d84: 0f1f 8400 | 7410 0022 | ba45 ffff | ff48 ff74 | 2448 488f | 4424 2844 | 894c 2430 | 4c89 5c24 
  0x0000023d2f6c7da4: ;   {runtime_call UncommonTrapBlob}
  0x0000023d2f6c7da4: 4066 90e8 

  0x0000023d2f6c7da8: ; ImmutableOopMap {rbp=Oop [40]=Oop [48]=NarrowOop [56]=Oop [64]=Oop }
                      ;*ifnull {reexecute=1 rethrow=0 return_oop=0}
                      ; - (reexecute) java.util.HashMap::getNode@122 (line 584)
                      ; - java.util.LinkedHashMap::get@2 (line 536)
                      ; - jdk.nio.zipfs.ZipFileSystem::getInode@29 (line 1899)
                      ; - jdk.nio.zipfs.ZipFileSystem::getEntry@2 (line 1925)
                      ; - jdk.nio.zipfs.ZipFileSystem::newInputStream@10 (line 859)
  0x0000023d2f6c7da8: 54c8 07ff 

  0x0000023d2f6c7dac: ;   {other}
  0x0000023d2f6c7dac: 0f1f 8400 | 9c10 0023 | baf6 ffff | ff44 8944 

  0x0000023d2f6c7dbc: ;   {runtime_call UncommonTrapBlob}
  0x0000023d2f6c7dbc: 2428 90e8 

  0x0000023d2f6c7dc0: ; ImmutableOopMap {[40]=NarrowOop [56]=Oop [72]=Oop }
                      ;*invokevirtual set {reexecute=0 rethrow=0 return_oop=0}
                      ; - java.util.concurrent.locks.ReentrantReadWriteLock$Sync::tryAcquireShared@155 (line 489)
                      ; - java.util.concurrent.locks.AbstractQueuedSynchronizer::acquireShared@2 (line 1078)
                      ; - java.util.concurrent.locks.ReentrantReadWriteLock$ReadLock::lock@5 (line 738)
                      ; - jdk.nio.zipfs.ZipFileSystem::beginRead@9 (line 1194)
                      ; - jdk.nio.zipfs.ZipFileSystem::newInputStream@1 (line 856)
  0x0000023d2f6c7dc0: 3cc8 07ff 

  0x0000023d2f6c7dc4: ;   {other}
  0x0000023d2f6c7dc4: 0f1f 8400 | b410 0024 | ba45 ffff | ff44 8944 

  0x0000023d2f6c7dd4: ;   {runtime_call UncommonTrapBlob}
  0x0000023d2f6c7dd4: 2434 90e8 

  0x0000023d2f6c7dd8: ; ImmutableOopMap {[52]=NarrowOop [56]=Oop [72]=Oop [80]=NarrowOop }
                      ;*ifne {reexecute=1 rethrow=0 return_oop=0}
                      ; - (reexecute) java.util.concurrent.locks.ReentrantReadWriteLock$Sync::tryAcquireShared@146 (line 488)
                      ; - java.util.concurrent.locks.AbstractQueuedSynchronizer::acquireShared@2 (line 1078)
                      ; - java.util.concurrent.locks.ReentrantReadWriteLock$ReadLock::lock@5 (line 738)
                      ; - jdk.nio.zipfs.ZipFileSystem::beginRead@9 (line 1194)
                      ; - jdk.nio.zipfs.ZipFileSystem::newInputStream@1 (line 856)
  0x0000023d2f6c7dd8: 24c8 07ff 

  0x0000023d2f6c7ddc: ;   {other}
  0x0000023d2f6c7ddc: 0f1f 8400 | cc10 0025 | baf6 ffff 

  0x0000023d2f6c7de8: ;   {runtime_call UncommonTrapBlob}
  0x0000023d2f6c7de8: ff66 90e8 

  0x0000023d2f6c7dec: ; ImmutableOopMap {[56]=Oop [72]=Oop }
                      ;*invokevirtual get {reexecute=0 rethrow=0 return_oop=0}
                      ; - java.util.concurrent.locks.ReentrantReadWriteLock$Sync::tryAcquireShared@126 (line 487)
                      ; - java.util.concurrent.locks.AbstractQueuedSynchronizer::acquireShared@2 (line 1078)
                      ; - java.util.concurrent.locks.ReentrantReadWriteLock$ReadLock::lock@5 (line 738)
                      ; - jdk.nio.zipfs.ZipFileSystem::beginRead@9 (line 1194)
                      ; - jdk.nio.zipfs.ZipFileSystem::newInputStream@1 (line 856)
  0x0000023d2f6c7dec: 10c8 07ff 

  0x0000023d2f6c7df0: ;   {other}
  0x0000023d2f6c7df0: 0f1f 8400 | e010 0026 | 498b d749 | bad0 edea | f7fa 7f00 | 0041 ffd2 

  0x0000023d2f6c7e08: ;   {other}
  0x0000023d2f6c7e08: 0f1f 8400 | 0000 0000 | e96a faff | ffba c6ff | ffff 4c8b | 5c24 384c | 895c 2428 | 4489 4424 
  0x0000023d2f6c7e28: 3448 897c | 2438 4489 | 5424 4044 | 8944 2444 

  0x0000023d2f6c7e38: ;   {runtime_call UncommonTrapBlob}
  0x0000023d2f6c7e38: 6666 90e8 

  0x0000023d2f6c7e3c: ; ImmutableOopMap {[40]=Oop [52]=NarrowOop [56]=Oop [68]=NarrowOop [72]=Oop }
                      ;*invokevirtual readerShouldBlock {reexecute=0 rethrow=0 return_oop=0}
                      ; - java.util.concurrent.locks.ReentrantReadWriteLock$Sync::tryAcquireShared@33 (line 475)
                      ; - java.util.concurrent.locks.AbstractQueuedSynchronizer::acquireShared@2 (line 1078)
                      ; - java.util.concurrent.locks.ReentrantReadWriteLock$ReadLock::lock@5 (line 738)
                      ; - jdk.nio.zipfs.ZipFileSystem::beginRead@9 (line 1194)
                      ; - jdk.nio.zipfs.ZipFileSystem::newInputStream@1 (line 856)
  0x0000023d2f6c7e3c: c0c7 07ff 

  0x0000023d2f6c7e40: ;   {other}
  0x0000023d2f6c7e40: 0f1f 8400 | 3011 0027 | bade ffff | ff48 8944 | 24f8 8b44 | 2450 8944 | 2428 488b | 4424 f848 
  0x0000023d2f6c7e60: 8944 2430 

  0x0000023d2f6c7e64: ;   {runtime_call UncommonTrapBlob}
  0x0000023d2f6c7e64: 6666 90e8 

  0x0000023d2f6c7e68: ; ImmutableOopMap {[40]=NarrowOop [48]=Oop [56]=Oop [72]=Oop }
                      ;*checkcast {reexecute=0 rethrow=0 return_oop=0}
                      ; - java.util.concurrent.locks.ReentrantReadWriteLock$Sync::tryAcquireShared@129 (line 487)
                      ; - java.util.concurrent.locks.AbstractQueuedSynchronizer::acquireShared@2 (line 1078)
                      ; - java.util.concurrent.locks.ReentrantReadWriteLock$ReadLock::lock@5 (line 738)
                      ; - jdk.nio.zipfs.ZipFileSystem::beginRead@9 (line 1194)
                      ; - jdk.nio.zipfs.ZipFileSystem::newInputStream@1 (line 856)
  0x0000023d2f6c7e68: 94c7 07ff 

  0x0000023d2f6c7e6c: ;   {other}
  0x0000023d2f6c7e6c: 0f1f 8400 | 5c11 0028 | 488b d0e9 | abf5 ffff | 488b e8e9 | 8df5 ffff | 488b e8e9 | 85f5 ffff 
  0x0000023d2f6c7e8c: 488b d0e9 | 93f5 ffff | baf6 ffff | ff48 8b6c 

  0x0000023d2f6c7e9c: ;   {runtime_call UncommonTrapBlob}
  0x0000023d2f6c7e9c: 2448 90e8 

  0x0000023d2f6c7ea0: ; ImmutableOopMap {rbp=Oop [56]=Oop }
                      ;*invokeinterface readLock {reexecute=0 rethrow=0 return_oop=0}
                      ; - jdk.nio.zipfs.ZipFileSystem::beginRead@4 (line 1194)
                      ; - jdk.nio.zipfs.ZipFileSystem::newInputStream@1 (line 856)
  0x0000023d2f6c7ea0: 5cc7 07ff 

  0x0000023d2f6c7ea4: ;   {other}
  0x0000023d2f6c7ea4: 0f1f 8400 | 9411 0029 | baf6 ffff | ff48 8b6c 

  0x0000023d2f6c7eb4: ;   {runtime_call UncommonTrapBlob}
  0x0000023d2f6c7eb4: 2448 90e8 

  0x0000023d2f6c7eb8: ; ImmutableOopMap {rbp=Oop [56]=Oop }
                      ;*invokeinterface lock {reexecute=0 rethrow=0 return_oop=0}
                      ; - jdk.nio.zipfs.ZipFileSystem::beginRead@9 (line 1194)
                      ; - jdk.nio.zipfs.ZipFileSystem::newInputStream@1 (line 856)
  0x0000023d2f6c7eb8: 44c7 07ff 

  0x0000023d2f6c7ebc: ;   {other}
  0x0000023d2f6c7ebc: 0f1f 8400 | ac11 002a | baf6 ffff | ff48 8b6c 

  0x0000023d2f6c7ecc: ;   {runtime_call UncommonTrapBlob}
  0x0000023d2f6c7ecc: 2448 90e8 

  0x0000023d2f6c7ed0: ; ImmutableOopMap {rbp=Oop [56]=Oop }
                      ;*invokevirtual acquireShared {reexecute=0 rethrow=0 return_oop=0}
                      ; - java.util.concurrent.locks.ReentrantReadWriteLock$ReadLock::lock@5 (line 738)
                      ; - jdk.nio.zipfs.ZipFileSystem::beginRead@9 (line 1194)
                      ; - jdk.nio.zipfs.ZipFileSystem::newInputStream@1 (line 856)
  0x0000023d2f6c7ed0: 2cc7 07ff 

  0x0000023d2f6c7ed4: ;   {other}
  0x0000023d2f6c7ed4: 0f1f 8400 | c411 002b | baf6 ffff | ff4c 8b54 | 2438 4c89 

  0x0000023d2f6c7ee8: ;   {runtime_call UncommonTrapBlob}
  0x0000023d2f6c7ee8: 5424 28e8 

  0x0000023d2f6c7eec: ; ImmutableOopMap {[40]=Oop [56]=Oop [72]=Oop }
                      ;*invokeinterface apply {reexecute=0 rethrow=0 return_oop=0}
                      ; - jdk.nio.zipfs.ZipFileSystem::getInode@9 (line 1899)
                      ; - jdk.nio.zipfs.ZipFileSystem::getEntry@2 (line 1925)
                      ; - jdk.nio.zipfs.ZipFileSystem::newInputStream@10 (line 859)
  0x0000023d2f6c7eec: 10c7 07ff 

  0x0000023d2f6c7ef0: ;   {other}
  0x0000023d2f6c7ef0: 0f1f 8400 | e011 002c | baf6 ffff | ff48 8944 

  0x0000023d2f6c7f00: ;   {runtime_call UncommonTrapBlob}
  0x0000023d2f6c7f00: 2428 90e8 

  0x0000023d2f6c7f04: ; ImmutableOopMap {rbp=Oop [40]=Oop [72]=Oop }
                      ;*invokevirtual get {reexecute=0 rethrow=0 return_oop=0}
                      ; - jdk.nio.zipfs.ZipFileSystem::getInode@29 (line 1899)
                      ; - jdk.nio.zipfs.ZipFileSystem::getEntry@2 (line 1925)
                      ; - jdk.nio.zipfs.ZipFileSystem::newInputStream@10 (line 859)
  0x0000023d2f6c7f04: f8c6 07ff 

  0x0000023d2f6c7f08: ;   {other}
  0x0000023d2f6c7f08: 0f1f 8400 | f811 002d | baf6 ffff 

  0x0000023d2f6c7f14: ;   {runtime_call UncommonTrapBlob}
  0x0000023d2f6c7f14: ff66 90e8 

  0x0000023d2f6c7f18: ; ImmutableOopMap {rbp=Oop [40]=Oop [72]=Oop }
                      ;*invokevirtual toString {reexecute=0 rethrow=0 return_oop=0}
                      ; - jdk.nio.zipfs.ZipFileSystem::getString@5 (line 1219)
                      ; - jdk.nio.zipfs.ZipFileSystem::newInputStream@24 (line 861)
  0x0000023d2f6c7f18: e4c6 07ff 

  0x0000023d2f6c7f1c: ;   {other}
  0x0000023d2f6c7f1c: 0f1f 8400 | 0c12 002e | baf6 ffff 

  0x0000023d2f6c7f28: ;   {runtime_call UncommonTrapBlob}
  0x0000023d2f6c7f28: ff66 90e8 

  0x0000023d2f6c7f2c: ; ImmutableOopMap {[40]=Oop [72]=Oop }
                      ;*arraylength {reexecute=0 rethrow=0 return_oop=0}
                      ; - jdk.nio.zipfs.ZipCoder$UTF8::toString@3 (line 62)
                      ; - jdk.nio.zipfs.ZipFileSystem::getString@5 (line 1219)
                      ; - jdk.nio.zipfs.ZipFileSystem::newInputStream@24 (line 861)
  0x0000023d2f6c7f2c: d0c6 07ff 

  0x0000023d2f6c7f30: ;   {other}
  0x0000023d2f6c7f30: 0f1f 8400 | 2012 002f | baf4 ffff | ff48 8944 | 24f8 8b44 | 2450 8944 | 2428 488b 

  0x0000023d2f6c7f4c: ;   {runtime_call UncommonTrapBlob}
  0x0000023d2f6c7f4c: 4424 f8e8 

  0x0000023d2f6c7f50: ; ImmutableOopMap {[40]=NarrowOop [56]=Oop [72]=Oop }
                      ;*checkcast {reexecute=0 rethrow=0 return_oop=0}
                      ; - java.util.concurrent.locks.ReentrantReadWriteLock$Sync::tryAcquireShared@129 (line 487)
                      ; - java.util.concurrent.locks.AbstractQueuedSynchronizer::acquireShared@2 (line 1078)
                      ; - java.util.concurrent.locks.ReentrantReadWriteLock$ReadLock::lock@5 (line 738)
                      ; - jdk.nio.zipfs.ZipFileSystem::beginRead@9 (line 1194)
                      ; - jdk.nio.zipfs.ZipFileSystem::newInputStream@1 (line 856)
  0x0000023d2f6c7f50: acc6 07ff 

  0x0000023d2f6c7f54: ;   {other}
  0x0000023d2f6c7f54: 0f1f 8400 | 4412 0030 | eb06 eb04 | eb02 eb00 | 488b d0e9 | bbf4 ffff | 488b e8e9 | 9df4 ffff 
  0x0000023d2f6c7f74: eb00 488b | e8e9 93f4 | ffff eb0c | eb0a eb08 | eb06 eb04 | eb02 eb00 | 488b e8e9 | 7df4 ffff 
  0x0000023d2f6c7f94: ;   {internal_word}
  0x0000023d2f6c7f94: 49ba bb76 | 6c2f 3d02 | 0000 4d89 | 9760 0400 

  0x0000023d2f6c7fa4: ;   {runtime_call SafepointBlob}
  0x0000023d2f6c7fa4: 00e9 56d7 

  0x0000023d2f6c7fa8: ;   {runtime_call StubRoutines (final stubs)}
  0x0000023d2f6c7fa8: 07ff e8b1 | cd05 ffe9 | aaf0 ffff | f4f4 f4f4 
[Stub Code]
  0x0000023d2f6c7fb8: ;   {no_reloc}
  0x0000023d2f6c7fb8: 48bb 0000 | 0000 0000 

  0x0000023d2f6c7fc0: ;   {runtime_call}
  0x0000023d2f6c7fc0: 0000 e9fb 

  0x0000023d2f6c7fc4: ;   {static_stub}
  0x0000023d2f6c7fc4: ffff ff48 | bb00 0000 | 0000 0000 

  0x0000023d2f6c7fd0: ;   {runtime_call}
  0x0000023d2f6c7fd0: 00e9 fbff 

  0x0000023d2f6c7fd4: ;   {static_stub}
  0x0000023d2f6c7fd4: ffff 48bb | 0000 0000 | 0000 0000 

  0x0000023d2f6c7fe0: ;   {runtime_call}
  0x0000023d2f6c7fe0: e9fb ffff 

  0x0000023d2f6c7fe4: ;   {static_stub}
  0x0000023d2f6c7fe4: ff48 bb00 | 0000 0000 

  0x0000023d2f6c7fec: ;   {runtime_call}
  0x0000023d2f6c7fec: 0000 00e9 | fbff ffff 

  0x0000023d2f6c7ff4: ;   {static_stub}
  0x0000023d2f6c7ff4: 48bb 38d8 | 4803 3d02 

  0x0000023d2f6c7ffc: ;   {runtime_call I2C/C2I adapters}
  0x0000023d2f6c7ffc: 0000 e968 

  0x0000023d2f6c8000: ;   {static_stub}
  0x0000023d2f6c8000: 2d07 ff48 | bb00 0000 | 0000 0000 

  0x0000023d2f6c800c: ;   {runtime_call}
  0x0000023d2f6c800c: 00e9 fbff 

  0x0000023d2f6c8010: ;   {static_stub}
  0x0000023d2f6c8010: ffff 48bb | 0000 0000 | 0000 0000 

  0x0000023d2f6c801c: ;   {runtime_call}
  0x0000023d2f6c801c: e9fb ffff 

  0x0000023d2f6c8020: ;   {static_stub}
  0x0000023d2f6c8020: ff48 bb00 | 0000 0000 

  0x0000023d2f6c8028: ;   {runtime_call}
  0x0000023d2f6c8028: 0000 00e9 | fbff ffff 

  0x0000023d2f6c8030: ;   {static_stub}
  0x0000023d2f6c8030: 48bb 0000 | 0000 0000 

  0x0000023d2f6c8038: ;   {runtime_call}
  0x0000023d2f6c8038: 0000 e9fb 

  0x0000023d2f6c803c: ;   {static_stub}
  0x0000023d2f6c803c: ffff ff48 | bb00 0000 | 0000 0000 

  0x0000023d2f6c8048: ;   {runtime_call}
  0x0000023d2f6c8048: 00e9 fbff 

  0x0000023d2f6c804c: ;   {static_stub}
  0x0000023d2f6c804c: ffff 48bb | 0064 4803 | 3d02 0000 

  0x0000023d2f6c8058: ;   {runtime_call I2C/C2I adapters}
  0x0000023d2f6c8058: e906 b407 

  0x0000023d2f6c805c: ;   {static_stub}
  0x0000023d2f6c805c: ff48 bb00 | 0000 0000 

  0x0000023d2f6c8064: ;   {runtime_call}
  0x0000023d2f6c8064: 0000 00e9 | fbff ffff 

  0x0000023d2f6c806c: ;   {static_stub}
  0x0000023d2f6c806c: 48bb b8f3 | d701 3d02 

  0x0000023d2f6c8074: ;   {runtime_call I2C/C2I adapters}
  0x0000023d2f6c8074: 0000 e96c 

  0x0000023d2f6c8078: ;   {static_stub}
  0x0000023d2f6c8078: c107 ff48 | bb00 0000 | 0000 0000 

  0x0000023d2f6c8084: ;   {runtime_call}
  0x0000023d2f6c8084: 00e9 fbff 

  0x0000023d2f6c8088: ;   {runtime_call ExceptionBlob}
  0x0000023d2f6c8088: ffff e971 | 5f14 ffe8 | 0000 0000 | 4883 2c24 

  0x0000023d2f6c8098: ;   {runtime_call DeoptimizationBlob}
  0x0000023d2f6c8098: 05e9 02c9 | 07ff f4f4 
[/MachCode]


---------------  P R O C E S S  ---------------

Threads class SMR info:
_java_thread_list=0x0000023d0a1715e0, length=219, elements={
0x0000023d1c9f7010, 0x0000023d3d025200, 0x0000023d3d026a70, 0x0000023d3d032320,
0x0000023d3d032ea0, 0x0000023d3d034870, 0x0000023d3d036240, 0x0000023d3d038170,
0x0000023d3d047590, 0x0000023d3d1d0550, 0x0000023d3d3044e0, 0x0000023d0505a830,
0x0000023d0438d320, 0x0000023d7fb95000, 0x0000023d04f94c70, 0x0000023d04f92ba0,
0x0000023d04f95300, 0x0000023d0676d910, 0x0000023d0676bed0, 0x0000023d0676f9e0,
0x0000023d0676e630, 0x0000023d0676dfa0, 0x0000023d06772140, 0x0000023d0794b840,
0x0000023d0794f9e0, 0x0000023d07950700, 0x0000023d07445320, 0x0000023d074459b0,
0x0000023d07444c90, 0x0000023d07443250, 0x0000023d07446040, 0x0000023d07442bc0,
0x0000023d07446d60, 0x0000023d074466d0, 0x0000023d074473f0, 0x0000023d07443f70,
0x0000023d07448e30, 0x0000023d07444600, 0x0000023d0a1e2630, 0x0000023d0950efc0,
0x0000023d0c1e7270, 0x0000023d0c1e6be0, 0x0000023d0b1ff7b0, 0x0000023d0b1ffe40,
0x0000023d0b1fe400, 0x0000023d0b1fdd70, 0x0000023d0b1fea90, 0x0000023d0b2004d0,
0x0000023d0d530750, 0x0000023d0cdcf310, 0x0000023d0d6822a0, 0x0000023d0d8830b0,
0x0000023d05701e10, 0x0000023d13d55260, 0x0000023d0a10d690, 0x0000023d0989f470,
0x0000023d085318a0, 0x0000023d098a2f80, 0x0000023d0835b600, 0x0000023d0bda3f90,
0x0000023d08530b80, 0x0000023d122ab7d0, 0x0000023d12546620, 0x0000023d05e6b0b0,
0x0000023d0d67f4b0, 0x0000023d07a5fb50, 0x0000023d0a6d6130, 0x0000023d088984a0,
0x0000023d08cd45d0, 0x0000023d08cd6010, 0x0000023d08cd4c60, 0x0000023d098a1bd0,
0x0000023d098a49c0, 0x0000023d098a3610, 0x0000023d098a3ca0, 0x0000023d08cd6d30,
0x0000023d3d31ec60, 0x0000023d3d31d8b0, 0x0000023d3d31cb90, 0x0000023d3d31f2f0,
0x0000023d3d320010, 0x0000023d3d31f980, 0x0000023d0d992970, 0x0000023d0d995760,
0x0000023d0d993000, 0x0000023d0d993690, 0x0000023d0d993d20, 0x0000023d0d9943b0,
0x0000023d0bad7860, 0x0000023d080e1aa0, 0x0000023d080e1410, 0x0000023d080e2130,
0x0000023d080e27c0, 0x0000023d080e2e50, 0x0000023d080e34e0, 0x0000023d098a4330,
0x0000023d098a1540, 0x0000023d098a5050, 0x0000023d098a56e0, 0x0000023d098a2260,
0x0000023d098a91f0, 0x0000023d098a7120, 0x0000023d098a8b60, 0x0000023d07bc5050,
0x0000023d0bd98060, 0x0000023d0c107880, 0x0000023d0d5fc310, 0x0000023d07bc56e0,
0x0000023d058d8820, 0x0000023d07bc5d70, 0x0000023d080e3b70, 0x0000023d3d31d220,
0x0000023d121c61f0, 0x0000023d08cd52f0, 0x0000023d0c1e7900, 0x0000023d0c1e8620,
0x0000023d0c1e6550, 0x0000023d0c1e5ec0, 0x0000023d0c1e8cb0, 0x0000023d0c1e9340,
0x0000023d09f10300, 0x0000023d09f116b0, 0x0000023d09f0e230, 0x0000023d09f11020,
0x0000023d09f10990, 0x0000023d09f0e8c0, 0x0000023d09f0f5e0, 0x0000023d09f0ef50,
0x0000023d09f0fc70, 0x0000023d08e35ee0, 0x0000023d08e36570, 0x0000023d08e39360,
0x0000023d08e37fb0, 0x0000023d08e37920, 0x0000023d08e38cd0, 0x0000023d08e38640,
0x0000023d08e36c00, 0x0000023d080e4200, 0x0000023d07a61590, 0x0000023d07a61c20,
0x0000023d07a5ee30, 0x0000023d07a622b0, 0x0000023d07a601e0, 0x0000023d07a5f4c0,
0x0000023d07a60f00, 0x0000023d07a60870, 0x0000023d136cec00, 0x0000023d136cffb0,
0x0000023d136cf920, 0x0000023d136d19f0, 0x0000023d136d0640, 0x0000023d136d1360,
0x0000023d136cf290, 0x0000023d136d2080, 0x0000023d136d0cd0, 0x0000023d0b4e9520,
0x0000023d0b4e6730, 0x0000023d0b4e9bb0, 0x0000023d0b4e8e90, 0x0000023d0b4e8800,
0x0000023d0b4e6dc0, 0x0000023d0b4e7450, 0x0000023d0b4e8170, 0x0000023d0b4e7ae0,
0x0000023d0b21aea0, 0x0000023d0b219af0, 0x0000023d0b21a180, 0x0000023d0b21a810,
0x0000023d08774030, 0x0000023d087739a0, 0x0000023d128c8b80, 0x0000023d128c9210,
0x0000023d04162860, 0x0000023d04162ef0, 0x0000023d041621d0, 0x0000023d04163580,
0x0000023d09b2af70, 0x0000023d09b2b600, 0x0000023d09b29bc0, 0x0000023d09b29530,
0x0000023d09b28180, 0x0000023d09b2a250, 0x0000023d09b28810, 0x0000023d09b28ea0,
0x0000023d09b2a8e0, 0x0000023d12f86110, 0x0000023d12f87b50, 0x0000023d12f874c0,
0x0000023d12f881e0, 0x0000023d12f88870, 0x0000023d12f853f0, 0x0000023d12f85a80,
0x0000023d122abe60, 0x0000023d122a9700, 0x0000023d122ac4f0, 0x0000023d122a9070,
0x0000023d122ab140, 0x0000023d122a9d90, 0x0000023d122aaab0, 0x0000023d122aa420,
0x0000023d0d63bd70, 0x0000023d0d63a9c0, 0x0000023d0d63ca90, 0x0000023d0d63c400,
0x0000023d0d639610, 0x0000023d0d63a330, 0x0000023d0d63b050, 0x0000023d0d639ca0,
0x0000023d0d63b6e0, 0x0000023d0aeb30f0, 0x0000023d0aeb1d40, 0x0000023d0aeb3780,
0x0000023d0aeb51c0, 0x0000023d0aeb23d0, 0x0000023d0aeb2a60, 0x0000023d0aeb44a0,
0x0000023d06c70ce0, 0x0000023d0afc3540, 0x0000023d05cb51b0
}

Java Threads: ( => current thread )
  0x0000023d1c9f7010 JavaThread "main"                              [_thread_blocked, id=282512, stack(0x000000f2f8c00000,0x000000f2f8d00000) (1024K)]
  0x0000023d3d025200 JavaThread "Reference Handler"          daemon [_thread_blocked, id=272732, stack(0x000000f2f9400000,0x000000f2f9500000) (1024K)]
  0x0000023d3d026a70 JavaThread "Finalizer"                  daemon [_thread_blocked, id=280048, stack(0x000000f2f9500000,0x000000f2f9600000) (1024K)]
  0x0000023d3d032320 JavaThread "Signal Dispatcher"          daemon [_thread_blocked, id=256928, stack(0x000000f2f9600000,0x000000f2f9700000) (1024K)]
  0x0000023d3d032ea0 JavaThread "Attach Listener"            daemon [_thread_blocked, id=262388, stack(0x000000f2f9700000,0x000000f2f9800000) (1024K)]
  0x0000023d3d034870 JavaThread "Service Thread"             daemon [_thread_blocked, id=287876, stack(0x000000f2f9800000,0x000000f2f9900000) (1024K)]
  0x0000023d3d036240 JavaThread "Monitor Deflation Thread"   daemon [_thread_blocked, id=247416, stack(0x000000f2f9900000,0x000000f2f9a00000) (1024K)]
  0x0000023d3d038170 JavaThread "C2 CompilerThread0"         daemon [_thread_blocked, id=252100, stack(0x000000f2f9a00000,0x000000f2f9b00000) (1024K)]
  0x0000023d3d047590 JavaThread "C1 CompilerThread0"         daemon [_thread_blocked, id=284076, stack(0x000000f2f9b00000,0x000000f2f9c00000) (1024K)]
  0x0000023d3d1d0550 JavaThread "Common-Cleaner"             daemon [_thread_blocked, id=276048, stack(0x000000f2f9c00000,0x000000f2f9d00000) (1024K)]
  0x0000023d3d3044e0 JavaThread "Notification Thread"        daemon [_thread_blocked, id=278044, stack(0x000000f2fa100000,0x000000f2fa200000) (1024K)]
  0x0000023d0505a830 JavaThread "Daemon health stats"               [_thread_blocked, id=265308, stack(0x000000f2fb000000,0x000000f2fb100000) (1024K)]
  0x0000023d0438d320 JavaThread "Incoming local TCP Connector on port 50557"        [_thread_in_native, id=271596, stack(0x000000f2fb100000,0x000000f2fb200000) (1024K)]
  0x0000023d7fb95000 JavaThread "Daemon periodic checks"            [_thread_blocked, id=282752, stack(0x000000f2fb200000,0x000000f2fb300000) (1024K)]
  0x0000023d04f94c70 JavaThread "Cache worker for journal cache (C:\Users\byd\.gradle\caches\journal-1)"        [_thread_blocked, id=255468, stack(0x000000f2fba00000,0x000000f2fbb00000) (1024K)]
  0x0000023d04f92ba0 JavaThread "File lock request listener"        [_thread_in_native, id=279992, stack(0x000000f2fbb00000,0x000000f2fbc00000) (1024K)]
  0x0000023d04f95300 JavaThread "Cache worker for file hash cache (C:\Users\byd\.gradle\caches\9.4.0\fileHashes)"        [_thread_blocked, id=269920, stack(0x000000f2fbc00000,0x000000f2fbd00000) (1024K)]
  0x0000023d0676d910 JavaThread "File watcher server"        daemon [_thread_in_native, id=286504, stack(0x000000f2f9f00000,0x000000f2fa000000) (1024K)]
  0x0000023d0676bed0 JavaThread "File watcher consumer"      daemon [_thread_blocked, id=290644, stack(0x000000f2fa000000,0x000000f2fa100000) (1024K)]
  0x0000023d0676f9e0 JavaThread "Cache worker for file content cache (C:\Users\byd\.gradle\caches\9.4.0\fileContent)"        [_thread_blocked, id=267308, stack(0x000000f2fa200000,0x000000f2fa300000) (1024K)]
  0x0000023d0676e630 JavaThread "jar transforms"                    [_thread_blocked, id=295660, stack(0x000000f2fcb00000,0x000000f2fcc00000) (1024K)]
  0x0000023d0676dfa0 JavaThread "jar transforms Thread 2"           [_thread_blocked, id=280600, stack(0x000000f2fcd00000,0x000000f2fce00000) (1024K)]
  0x0000023d06772140 JavaThread "jar transforms Thread 3"           [_thread_blocked, id=294336, stack(0x000000f2fcf00000,0x000000f2fd000000) (1024K)]
  0x0000023d0794b840 JavaThread "jar transforms Thread 4"           [_thread_blocked, id=292040, stack(0x000000f2fe500000,0x000000f2fe600000) (1024K)]
  0x0000023d0794f9e0 JavaThread "jar transforms Thread 5"           [_thread_blocked, id=283216, stack(0x000000f2fe600000,0x000000f2fe700000) (1024K)]
  0x0000023d07950700 JavaThread "jar transforms Thread 6"           [_thread_blocked, id=266712, stack(0x000000f2feb00000,0x000000f2fec00000) (1024K)]
  0x0000023d07445320 JavaThread "jar transforms Thread 7"           [_thread_blocked, id=292384, stack(0x000000f2fec00000,0x000000f2fed00000) (1024K)]
  0x0000023d074459b0 JavaThread "jar transforms Thread 8"           [_thread_blocked, id=280192, stack(0x000000f2fed00000,0x000000f2fee00000) (1024K)]
  0x0000023d07444c90 JavaThread "jar transforms Thread 9"           [_thread_blocked, id=281940, stack(0x000000f2fee00000,0x000000f2fef00000) (1024K)]
  0x0000023d07443250 JavaThread "jar transforms Thread 10"          [_thread_blocked, id=261736, stack(0x000000f2fef00000,0x000000f2ff000000) (1024K)]
  0x0000023d07446040 JavaThread "jar transforms Thread 11"          [_thread_blocked, id=281060, stack(0x000000f2ff000000,0x000000f2ff100000) (1024K)]
  0x0000023d07442bc0 JavaThread "jar transforms Thread 12"          [_thread_blocked, id=293200, stack(0x000000f2ff100000,0x000000f2ff200000) (1024K)]
  0x0000023d07446d60 JavaThread "jar transforms Thread 13"          [_thread_blocked, id=221880, stack(0x000000f2ff200000,0x000000f2ff300000) (1024K)]
  0x0000023d074466d0 JavaThread "jar transforms Thread 14"          [_thread_blocked, id=260852, stack(0x000000f2ff300000,0x000000f2ff400000) (1024K)]
  0x0000023d074473f0 JavaThread "jar transforms Thread 15"          [_thread_blocked, id=277356, stack(0x000000f2ff400000,0x000000f2ff500000) (1024K)]
  0x0000023d07443f70 JavaThread "Memory manager"                    [_thread_blocked, id=275396, stack(0x000000f2ff600000,0x000000f2ff700000) (1024K)]
  0x0000023d07448e30 JavaThread "jar transforms Thread 16"          [_thread_blocked, id=288060, stack(0x000000f2ff700000,0x000000f2ff800000) (1024K)]
  0x0000023d07444600 JavaThread "HttpClient-1-SelectorManager" daemon [_thread_in_native, id=264596, stack(0x000000f2ff900000,0x000000f2ffa00000) (1024K)]
  0x0000023d0a1e2630 JavaThread "Cache worker for Java compile cache (C:\Users\byd\.gradle\caches\9.4.0\javaCompile)"        [_thread_blocked, id=250168, stack(0x000000f286f00000,0x000000f287000000) (1024K)]
  0x0000023d0950efc0 JavaThread "ForkJoinPool-1-worker-51"   daemon [_thread_blocked, id=279508, stack(0x000000f284400000,0x000000f284500000) (1024K)]
  0x0000023d0c1e7270 JavaThread "jar transforms Thread 17"          [_thread_blocked, id=276060, stack(0x000000f284c00000,0x000000f284d00000) (1024K)]
  0x0000023d0c1e6be0 JavaThread "jar transforms Thread 18"          [_thread_blocked, id=291408, stack(0x000000f284d00000,0x000000f284e00000) (1024K)]
  0x0000023d0b1ff7b0 JavaThread "jar transforms Thread 19"          [_thread_blocked, id=248320, stack(0x000000f280d00000,0x000000f280e00000) (1024K)]
  0x0000023d0b1ffe40 JavaThread "jar transforms Thread 20"          [_thread_blocked, id=265596, stack(0x000000f280e00000,0x000000f280f00000) (1024K)]
  0x0000023d0b1fe400 JavaThread "jar transforms Thread 21"          [_thread_blocked, id=287980, stack(0x000000f280f00000,0x000000f281000000) (1024K)]
  0x0000023d0b1fdd70 JavaThread "jar transforms Thread 22"          [_thread_blocked, id=280052, stack(0x000000f281200000,0x000000f281300000) (1024K)]
  0x0000023d0b1fea90 JavaThread "jar transforms Thread 23"          [_thread_blocked, id=279868, stack(0x000000f281300000,0x000000f281400000) (1024K)]
  0x0000023d0b2004d0 JavaThread "jar transforms Thread 24"          [_thread_blocked, id=286552, stack(0x000000f281600000,0x000000f281700000) (1024K)]
  0x0000023d0d530750 JavaThread "ForkJoinPool-1-worker-56"   daemon [_thread_blocked, id=293576, stack(0x000000f284f00000,0x000000f285000000) (1024K)]
  0x0000023d0cdcf310 JavaThread "ForkJoinPool-1-worker-64"   daemon [_thread_blocked, id=255532, stack(0x000000f287100000,0x000000f287200000) (1024K)]
  0x0000023d0d6822a0 JavaThread "ForkJoinPool-1-worker-65"   daemon [_thread_blocked, id=265848, stack(0x000000f287200000,0x000000f287300000) (1024K)]
  0x0000023d0d8830b0 JavaThread "ForkJoinPool-1-worker-67"   daemon [_thread_blocked, id=283896, stack(0x000000f282e00000,0x000000f282f00000) (1024K)]
  0x0000023d05701e10 JavaThread "ForkJoinPool-1-worker-74"   daemon [_thread_blocked, id=256528, stack(0x000000f283200000,0x000000f283300000) (1024K)]
  0x0000023d13d55260 JavaThread "ForkJoinPool-1-worker-73"   daemon [_thread_blocked, id=284356, stack(0x000000f283500000,0x000000f283600000) (1024K)]
  0x0000023d0a10d690 JavaThread "ForkJoinPool-1-worker-70"   daemon [_thread_blocked, id=265356, stack(0x000000f283c00000,0x000000f283d00000) (1024K)]
  0x0000023d0989f470 JavaThread "ForkJoinPool-1-worker-82"   daemon [_thread_blocked, id=289900, stack(0x000000f283f00000,0x000000f284000000) (1024K)]
  0x0000023d085318a0 JavaThread "ForkJoinPool-1-worker-88"   daemon [_thread_blocked, id=283288, stack(0x000000f284500000,0x000000f284600000) (1024K)]
  0x0000023d098a2f80 JavaThread "ForkJoinPool-1-worker-90"   daemon [_thread_blocked, id=291740, stack(0x000000f284600000,0x000000f284700000) (1024K)]
  0x0000023d0835b600 JavaThread "ForkJoinPool-1-worker-89"   daemon [_thread_blocked, id=256084, stack(0x000000f284700000,0x000000f284800000) (1024K)]
  0x0000023d0bda3f90 JavaThread "ForkJoinPool-1-worker-91"   daemon [_thread_blocked, id=258704, stack(0x000000f284800000,0x000000f284900000) (1024K)]
  0x0000023d08530b80 JavaThread "ForkJoinPool-1-worker-92"   daemon [_thread_blocked, id=255976, stack(0x000000f284900000,0x000000f284a00000) (1024K)]
  0x0000023d122ab7d0 JavaThread "ForkJoinPool-1-worker-93"   daemon [_thread_blocked, id=274668, stack(0x000000f283700000,0x000000f283800000) (1024K)]
  0x0000023d12546620 JavaThread "ForkJoinPool-1-worker-99"   daemon [_thread_blocked, id=280380, stack(0x000000f283900000,0x000000f283a00000) (1024K)]
  0x0000023d05e6b0b0 JavaThread "ForkJoinPool-1-worker-101"  daemon [_thread_blocked, id=269264, stack(0x000000f283b00000,0x000000f283c00000) (1024K)]
  0x0000023d0d67f4b0 JavaThread "ForkJoinPool-1-worker-102"  daemon [_thread_blocked, id=292356, stack(0x000000f284000000,0x000000f284100000) (1024K)]
  0x0000023d07a5fb50 JavaThread "ForkJoinPool-1-worker-104"  daemon [_thread_blocked, id=293528, stack(0x000000f284b00000,0x000000f284c00000) (1024K)]
  0x0000023d0a6d6130 JavaThread "ForkJoinPool-1-worker-105"  daemon [_thread_blocked, id=262276, stack(0x000000f283100000,0x000000f283200000) (1024K)]
  0x0000023d088984a0 JavaThread "Daemon Thread 13"                  [_thread_blocked, id=275968, stack(0x000000f280000000,0x000000f280100000) (1024K)]
  0x0000023d08cd45d0 JavaThread "Handler for socket connection from /127.0.0.1:50557 to /127.0.0.1:62918"        [_thread_in_native, id=294740, stack(0x000000f280100000,0x000000f280200000) (1024K)]
  0x0000023d08cd6010 JavaThread "Cancel handler"                    [_thread_blocked, id=260336, stack(0x000000f280200000,0x000000f280300000) (1024K)]
  0x0000023d08cd4c60 JavaThread "Daemon worker Thread 12"           [_thread_blocked, id=271808, stack(0x000000f280300000,0x000000f280400000) (1024K)]
  0x0000023d098a1bd0 JavaThread "Asynchronous log dispatcher for DefaultDaemonConnection: socket connection from /127.0.0.1:50557 to /127.0.0.1:62918"        [_thread_blocked, id=285676, stack(0x000000f280400000,0x000000f280500000) (1024K)]
  0x0000023d098a49c0 JavaThread "Stdin handler"                     [_thread_blocked, id=293740, stack(0x000000f280500000,0x000000f280600000) (1024K)]
  0x0000023d098a3610 JavaThread "Daemon client event forwarder"        [_thread_blocked, id=293868, stack(0x000000f280600000,0x000000f280700000) (1024K)]
  0x0000023d098a3ca0 JavaThread "Cache worker for file hash cache (C:\Users\byd\Desktop\MC recourse\code\Litematica-Container-Filler - 1.21.1\.gradle\9.4.0\fileHashes)"        [_thread_blocked, id=253584, stack(0x000000f280700000,0x000000f280800000) (1024K)]
  0x0000023d08cd6d30 JavaThread "Cache worker for Build Output Cleanup Cache (C:\Users\byd\Desktop\MC recourse\code\Litematica-Container-Filler - 1.21.1\.gradle\buildOutputCleanup)"        [_thread_blocked, id=289132, stack(0x000000f280800000,0x000000f280900000) (1024K)]
  0x0000023d3d31ec60 JavaThread "Cache worker for checksums cache (C:\Users\byd\Desktop\MC recourse\code\Litematica-Container-Filler - 1.21.1\.gradle\9.4.0\checksums)"        [_thread_blocked, id=292592, stack(0x000000f280900000,0x000000f280a00000) (1024K)]
  0x0000023d3d31d8b0 JavaThread "Cache worker for cache directory md-supplier (C:\Users\byd\.gradle\caches\9.4.0\md-supplier)"        [_thread_blocked, id=208388, stack(0x000000f280a00000,0x000000f280b00000) (1024K)]
  0x0000023d3d31cb90 JavaThread "Cache worker for cache directory md-rule (C:\Users\byd\.gradle\caches\9.4.0\md-rule)"        [_thread_blocked, id=279604, stack(0x000000f280b00000,0x000000f280c00000) (1024K)]
  0x0000023d3d31f2f0 JavaThread "Build operations"                  [_thread_blocked, id=271260, stack(0x000000f280c00000,0x000000f280d00000) (1024K)]
  0x0000023d3d320010 JavaThread "Build operations Thread 2"         [_thread_blocked, id=247608, stack(0x000000f281000000,0x000000f281100000) (1024K)]
  0x0000023d3d31f980 JavaThread "Build operations Thread 3"         [_thread_blocked, id=262464, stack(0x000000f281100000,0x000000f281200000) (1024K)]
  0x0000023d0d992970 JavaThread "Build operations Thread 4"         [_thread_blocked, id=270532, stack(0x000000f281400000,0x000000f281500000) (1024K)]
  0x0000023d0d995760 JavaThread "Build operations Thread 5"         [_thread_blocked, id=284624, stack(0x000000f281500000,0x000000f281600000) (1024K)]
  0x0000023d0d993000 JavaThread "Build operations Thread 6"         [_thread_blocked, id=290660, stack(0x000000f281700000,0x000000f281800000) (1024K)]
  0x0000023d0d993690 JavaThread "Build operations Thread 7"         [_thread_blocked, id=257508, stack(0x000000f281800000,0x000000f281900000) (1024K)]
  0x0000023d0d993d20 JavaThread "Build operations Thread 8"         [_thread_blocked, id=266744, stack(0x000000f281900000,0x000000f281a00000) (1024K)]
  0x0000023d0d9943b0 JavaThread "Build operations Thread 9"         [_thread_blocked, id=275320, stack(0x000000f281a00000,0x000000f281b00000) (1024K)]
  0x0000023d0bad7860 JavaThread "Build operations Thread 10"        [_thread_blocked, id=282368, stack(0x000000f281b00000,0x000000f281c00000) (1024K)]
  0x0000023d080e1aa0 JavaThread "Build operations Thread 11"        [_thread_blocked, id=273220, stack(0x000000f281c00000,0x000000f281d00000) (1024K)]
  0x0000023d080e1410 JavaThread "Build operations Thread 12"        [_thread_blocked, id=266184, stack(0x000000f281d00000,0x000000f281e00000) (1024K)]
  0x0000023d080e2130 JavaThread "Build operations Thread 13"        [_thread_blocked, id=281732, stack(0x000000f281e00000,0x000000f281f00000) (1024K)]
  0x0000023d080e27c0 JavaThread "Build operations Thread 14"        [_thread_blocked, id=292624, stack(0x000000f281f00000,0x000000f282000000) (1024K)]
  0x0000023d080e2e50 JavaThread "Build operations Thread 15"        [_thread_blocked, id=291024, stack(0x000000f282000000,0x000000f282100000) (1024K)]
  0x0000023d080e34e0 JavaThread "Build operations Thread 16"        [_thread_blocked, id=284060, stack(0x000000f282100000,0x000000f282200000) (1024K)]
  0x0000023d098a4330 JavaThread "Build operations Thread 17"        [_thread_blocked, id=288068, stack(0x000000f282200000,0x000000f282300000) (1024K)]
  0x0000023d098a1540 JavaThread "Build operations Thread 18"        [_thread_blocked, id=280964, stack(0x000000f282300000,0x000000f282400000) (1024K)]
  0x0000023d098a5050 JavaThread "Build operations Thread 19"        [_thread_blocked, id=287736, stack(0x000000f282400000,0x000000f282500000) (1024K)]
  0x0000023d098a56e0 JavaThread "Build operations Thread 20"        [_thread_blocked, id=291384, stack(0x000000f282500000,0x000000f282600000) (1024K)]
  0x0000023d098a2260 JavaThread "Build operations Thread 21"        [_thread_blocked, id=270052, stack(0x000000f282600000,0x000000f282700000) (1024K)]
  0x0000023d098a91f0 JavaThread "Build operations Thread 22"        [_thread_blocked, id=221244, stack(0x000000f282700000,0x000000f282800000) (1024K)]
  0x0000023d098a7120 JavaThread "Build operations Thread 23"        [_thread_blocked, id=281308, stack(0x000000f282800000,0x000000f282900000) (1024K)]
  0x0000023d098a8b60 JavaThread "Build operations Thread 24"        [_thread_blocked, id=286264, stack(0x000000f282900000,0x000000f282a00000) (1024K)]
  0x0000023d07bc5050 JavaThread "Problems report writer"            [_thread_blocked, id=280644, stack(0x000000f282c00000,0x000000f282d00000) (1024K)]
  0x0000023d0bd98060 JavaThread "ForkJoinPool-1-worker-106"  daemon [_thread_blocked, id=293324, stack(0x000000f282d00000,0x000000f282e00000) (1024K)]
  0x0000023d0c107880 JavaThread "ForkJoinPool-1-worker-107"  daemon [_thread_blocked, id=273756, stack(0x000000f282f00000,0x000000f283000000) (1024K)]
  0x0000023d0d5fc310 JavaThread "ForkJoinPool-1-worker-108"  daemon [_thread_blocked, id=275712, stack(0x000000f283000000,0x000000f283100000) (1024K)]
  0x0000023d07bc56e0 JavaThread "ForkJoinPool-1-worker-110"  daemon [_thread_blocked, id=272756, stack(0x000000f283300000,0x000000f283400000) (1024K)]
  0x0000023d058d8820 JavaThread "ForkJoinPool-1-worker-109"  daemon [_thread_blocked, id=282724, stack(0x000000f283400000,0x000000f283500000) (1024K)]
  0x0000023d07bc5d70 JavaThread "ForkJoinPool-1-worker-112"  daemon [_thread_blocked, id=279824, stack(0x000000f283600000,0x000000f283700000) (1024K)]
  0x0000023d080e3b70 JavaThread "ForkJoinPool-1-worker-111"  daemon [_thread_blocked, id=260904, stack(0x000000f283800000,0x000000f283900000) (1024K)]
  0x0000023d3d31d220 JavaThread "ForkJoinPool-1-worker-113"  daemon [_thread_blocked, id=256508, stack(0x000000f283a00000,0x000000f283b00000) (1024K)]
  0x0000023d121c61f0 JavaThread "ForkJoinPool-1-worker-114"  daemon [_thread_blocked, id=269140, stack(0x000000f282b00000,0x000000f282c00000) (1024K)]
  0x0000023d08cd52f0 JavaThread "included builds"                   [_thread_blocked, id=264344, stack(0x000000f283d00000,0x000000f283e00000) (1024K)]
  0x0000023d0c1e7900 JavaThread "Execution worker"                  [_thread_blocked, id=263352, stack(0x000000f283e00000,0x000000f283f00000) (1024K)]
  0x0000023d0c1e8620 JavaThread "Execution worker Thread 2"         [_thread_blocked, id=277352, stack(0x000000f284100000,0x000000f284200000) (1024K)]
  0x0000023d0c1e6550 JavaThread "Execution worker Thread 3"         [_thread_blocked, id=284124, stack(0x000000f284200000,0x000000f284300000) (1024K)]
  0x0000023d0c1e5ec0 JavaThread "Execution worker Thread 4"         [_thread_blocked, id=281112, stack(0x000000f284300000,0x000000f284400000) (1024K)]
  0x0000023d0c1e8cb0 JavaThread "Execution worker Thread 5"         [_thread_blocked, id=278492, stack(0x000000f284a00000,0x000000f284b00000) (1024K)]
  0x0000023d0c1e9340 JavaThread "Execution worker Thread 6"         [_thread_blocked, id=277668, stack(0x000000f284e00000,0x000000f284f00000) (1024K)]
  0x0000023d09f10300 JavaThread "Execution worker Thread 7"         [_thread_blocked, id=260720, stack(0x000000f285000000,0x000000f285100000) (1024K)]
  0x0000023d09f116b0 JavaThread "Execution worker Thread 8"         [_thread_blocked, id=247532, stack(0x000000f285100000,0x000000f285200000) (1024K)]
  0x0000023d09f0e230 JavaThread "Execution worker Thread 9"         [_thread_blocked, id=260924, stack(0x000000f285200000,0x000000f285300000) (1024K)]
  0x0000023d09f11020 JavaThread "Execution worker Thread 10"        [_thread_blocked, id=270792, stack(0x000000f285300000,0x000000f285400000) (1024K)]
  0x0000023d09f10990 JavaThread "Execution worker Thread 11"        [_thread_blocked, id=265292, stack(0x000000f285400000,0x000000f285500000) (1024K)]
  0x0000023d09f0e8c0 JavaThread "Execution worker Thread 12"        [_thread_blocked, id=278596, stack(0x000000f285500000,0x000000f285600000) (1024K)]
  0x0000023d09f0f5e0 JavaThread "Execution worker Thread 13"        [_thread_blocked, id=280100, stack(0x000000f285600000,0x000000f285700000) (1024K)]
  0x0000023d09f0ef50 JavaThread "Execution worker Thread 14"        [_thread_blocked, id=274684, stack(0x000000f285700000,0x000000f285800000) (1024K)]
  0x0000023d09f0fc70 JavaThread "Execution worker Thread 15"        [_thread_blocked, id=272596, stack(0x000000f285800000,0x000000f285900000) (1024K)]
  0x0000023d08e35ee0 JavaThread "Execution worker Thread 16"        [_thread_blocked, id=284884, stack(0x000000f285900000,0x000000f285a00000) (1024K)]
  0x0000023d08e36570 JavaThread "Execution worker Thread 17"        [_thread_blocked, id=284200, stack(0x000000f285a00000,0x000000f285b00000) (1024K)]
  0x0000023d08e39360 JavaThread "Execution worker Thread 18"        [_thread_blocked, id=281024, stack(0x000000f285b00000,0x000000f285c00000) (1024K)]
  0x0000023d08e37fb0 JavaThread "Execution worker Thread 19"        [_thread_blocked, id=295736, stack(0x000000f285c00000,0x000000f285d00000) (1024K)]
  0x0000023d08e37920 JavaThread "Execution worker Thread 20"        [_thread_blocked, id=295656, stack(0x000000f285d00000,0x000000f285e00000) (1024K)]
  0x0000023d08e38cd0 JavaThread "Execution worker Thread 21"        [_thread_blocked, id=292148, stack(0x000000f285e00000,0x000000f285f00000) (1024K)]
  0x0000023d08e38640 JavaThread "Execution worker Thread 22"        [_thread_blocked, id=268176, stack(0x000000f285f00000,0x000000f286000000) (1024K)]
  0x0000023d08e36c00 JavaThread "Execution worker Thread 23"        [_thread_blocked, id=274736, stack(0x000000f286000000,0x000000f286100000) (1024K)]
  0x0000023d080e4200 JavaThread "Cache worker for execution history cache (C:\Users\byd\Desktop\MC recourse\code\Litematica-Container-Filler - 1.21.1\.gradle\9.4.0\executionHistory)"        [_thread_blocked, id=280460, stack(0x000000f286100000,0x000000f286200000) (1024K)]
  0x0000023d07a61590 JavaThread "Unconstrained build operations"        [_thread_blocked, id=285536, stack(0x000000f286200000,0x000000f286300000) (1024K)]
  0x0000023d07a61c20 JavaThread "Unconstrained build operations Thread 2"        [_thread_blocked, id=249556, stack(0x000000f286300000,0x000000f286400000) (1024K)]
  0x0000023d07a5ee30 JavaThread "Unconstrained build operations Thread 3"        [_thread_blocked, id=295776, stack(0x000000f286400000,0x000000f286500000) (1024K)]
  0x0000023d07a622b0 JavaThread "Unconstrained build operations Thread 4"        [_thread_blocked, id=255408, stack(0x000000f286500000,0x000000f286600000) (1024K)]
  0x0000023d07a601e0 JavaThread "Unconstrained build operations Thread 5"        [_thread_blocked, id=257088, stack(0x000000f286600000,0x000000f286700000) (1024K)]
  0x0000023d07a5f4c0 JavaThread "Unconstrained build operations Thread 6"        [_thread_blocked, id=288348, stack(0x000000f286700000,0x000000f286800000) (1024K)]
  0x0000023d07a60f00 JavaThread "Unconstrained build operations Thread 7"        [_thread_blocked, id=293948, stack(0x000000f286800000,0x000000f286900000) (1024K)]
  0x0000023d07a60870 JavaThread "Unconstrained build operations Thread 8"        [_thread_blocked, id=255560, stack(0x000000f286900000,0x000000f286a00000) (1024K)]
  0x0000023d136cec00 JavaThread "Unconstrained build operations Thread 9"        [_thread_blocked, id=273912, stack(0x000000f286a00000,0x000000f286b00000) (1024K)]
  0x0000023d136cffb0 JavaThread "Unconstrained build operations Thread 10"        [_thread_blocked, id=283412, stack(0x000000f286b00000,0x000000f286c00000) (1024K)]
  0x0000023d136cf920 JavaThread "Unconstrained build operations Thread 11"        [_thread_blocked, id=292808, stack(0x000000f286c00000,0x000000f286d00000) (1024K)]
  0x0000023d136d19f0 JavaThread "Unconstrained build operations Thread 12"        [_thread_blocked, id=283040, stack(0x000000f286d00000,0x000000f286e00000) (1024K)]
  0x0000023d136d0640 JavaThread "Unconstrained build operations Thread 13"        [_thread_blocked, id=277240, stack(0x000000f286e00000,0x000000f286f00000) (1024K)]
  0x0000023d136d1360 JavaThread "Unconstrained build operations Thread 14"        [_thread_blocked, id=294992, stack(0x000000f287000000,0x000000f287100000) (1024K)]
  0x0000023d136cf290 JavaThread "Unconstrained build operations Thread 15"        [_thread_blocked, id=261860, stack(0x000000f287300000,0x000000f287400000) (1024K)]
  0x0000023d136d2080 JavaThread "Unconstrained build operations Thread 16"        [_thread_blocked, id=293780, stack(0x000000f287400000,0x000000f287500000) (1024K)]
  0x0000023d136d0cd0 JavaThread "Unconstrained build operations Thread 17"        [_thread_blocked, id=269468, stack(0x000000f287500000,0x000000f287600000) (1024K)]
  0x0000023d0b4e9520 JavaThread "Unconstrained build operations Thread 18"        [_thread_blocked, id=293216, stack(0x000000f287600000,0x000000f287700000) (1024K)]
  0x0000023d0b4e6730 JavaThread "Unconstrained build operations Thread 19"        [_thread_blocked, id=273036, stack(0x000000f287700000,0x000000f287800000) (1024K)]
  0x0000023d0b4e9bb0 JavaThread "Unconstrained build operations Thread 20"        [_thread_blocked, id=248600, stack(0x000000f287800000,0x000000f287900000) (1024K)]
  0x0000023d0b4e8e90 JavaThread "Unconstrained build operations Thread 21"        [_thread_blocked, id=269536, stack(0x000000f287900000,0x000000f287a00000) (1024K)]
  0x0000023d0b4e8800 JavaThread "Unconstrained build operations Thread 22"        [_thread_blocked, id=251872, stack(0x000000f287a00000,0x000000f287b00000) (1024K)]
  0x0000023d0b4e6dc0 JavaThread "Unconstrained build operations Thread 23"        [_thread_blocked, id=250736, stack(0x000000f287b00000,0x000000f287c00000) (1024K)]
  0x0000023d0b4e7450 JavaThread "Unconstrained build operations Thread 24"        [_thread_blocked, id=253340, stack(0x000000f287c00000,0x000000f287d00000) (1024K)]
  0x0000023d0b4e8170 JavaThread "Unconstrained build operations Thread 25"        [_thread_blocked, id=267780, stack(0x000000f287d00000,0x000000f287e00000) (1024K)]
  0x0000023d0b4e7ae0 JavaThread "Unconstrained build operations Thread 26"        [_thread_blocked, id=249744, stack(0x000000f287e00000,0x000000f287f00000) (1024K)]
  0x0000023d0b21aea0 JavaThread "Unconstrained build operations Thread 27"        [_thread_blocked, id=253484, stack(0x000000f287f00000,0x000000f288000000) (1024K)]
  0x0000023d0b219af0 JavaThread "Unconstrained build operations Thread 28"        [_thread_blocked, id=253680, stack(0x000000f288000000,0x000000f288100000) (1024K)]
  0x0000023d0b21a180 JavaThread "Unconstrained build operations Thread 29"        [_thread_blocked, id=277052, stack(0x000000f288100000,0x000000f288200000) (1024K)]
  0x0000023d0b21a810 JavaThread "Unconstrained build operations Thread 30"        [_thread_blocked, id=266192, stack(0x000000f288200000,0x000000f288300000) (1024K)]
  0x0000023d08774030 JavaThread "Unconstrained build operations Thread 31"        [_thread_blocked, id=259644, stack(0x000000f288300000,0x000000f288400000) (1024K)]
  0x0000023d087739a0 JavaThread "Unconstrained build operations Thread 32"        [_thread_blocked, id=274072, stack(0x000000f288400000,0x000000f288500000) (1024K)]
  0x0000023d128c8b80 JavaThread "Unconstrained build operations Thread 33"        [_thread_blocked, id=283964, stack(0x000000f288500000,0x000000f288600000) (1024K)]
  0x0000023d128c9210 JavaThread "Unconstrained build operations Thread 34"        [_thread_blocked, id=258964, stack(0x000000f288600000,0x000000f288700000) (1024K)]
  0x0000023d04162860 JavaThread "Unconstrained build operations Thread 35"        [_thread_blocked, id=251408, stack(0x000000f288700000,0x000000f288800000) (1024K)]
  0x0000023d04162ef0 JavaThread "Unconstrained build operations Thread 36"        [_thread_blocked, id=267168, stack(0x000000f288800000,0x000000f288900000) (1024K)]
  0x0000023d041621d0 JavaThread "Unconstrained build operations Thread 37"        [_thread_blocked, id=294856, stack(0x000000f288900000,0x000000f288a00000) (1024K)]
  0x0000023d04163580 JavaThread "Unconstrained build operations Thread 38"        [_thread_blocked, id=279180, stack(0x000000f288a00000,0x000000f288b00000) (1024K)]
  0x0000023d09b2af70 JavaThread "Unconstrained build operations Thread 39"        [_thread_blocked, id=276656, stack(0x000000f288b00000,0x000000f288c00000) (1024K)]
  0x0000023d09b2b600 JavaThread "Unconstrained build operations Thread 40"        [_thread_blocked, id=284556, stack(0x000000f288c00000,0x000000f288d00000) (1024K)]
  0x0000023d09b29bc0 JavaThread "Unconstrained build operations Thread 41"        [_thread_blocked, id=290992, stack(0x000000f288d00000,0x000000f288e00000) (1024K)]
  0x0000023d09b29530 JavaThread "Unconstrained build operations Thread 42"        [_thread_blocked, id=271768, stack(0x000000f288e00000,0x000000f288f00000) (1024K)]
  0x0000023d09b28180 JavaThread "Unconstrained build operations Thread 43"        [_thread_blocked, id=275008, stack(0x000000f288f00000,0x000000f289000000) (1024K)]
  0x0000023d09b2a250 JavaThread "Unconstrained build operations Thread 44"        [_thread_blocked, id=276716, stack(0x000000f289000000,0x000000f289100000) (1024K)]
  0x0000023d09b28810 JavaThread "Unconstrained build operations Thread 45"        [_thread_blocked, id=294364, stack(0x000000f289100000,0x000000f289200000) (1024K)]
  0x0000023d09b28ea0 JavaThread "Unconstrained build operations Thread 46"        [_thread_blocked, id=272748, stack(0x000000f289200000,0x000000f289300000) (1024K)]
  0x0000023d09b2a8e0 JavaThread "Unconstrained build operations Thread 47"        [_thread_blocked, id=294472, stack(0x000000f289300000,0x000000f289400000) (1024K)]
  0x0000023d12f86110 JavaThread "Unconstrained build operations Thread 48"        [_thread_blocked, id=284600, stack(0x000000f289400000,0x000000f289500000) (1024K)]
  0x0000023d12f87b50 JavaThread "Unconstrained build operations Thread 49"        [_thread_blocked, id=294864, stack(0x000000f289500000,0x000000f289600000) (1024K)]
  0x0000023d12f874c0 JavaThread "Unconstrained build operations Thread 50"        [_thread_blocked, id=277556, stack(0x000000f289600000,0x000000f289700000) (1024K)]
  0x0000023d12f881e0 JavaThread "Unconstrained build operations Thread 51"        [_thread_blocked, id=292060, stack(0x000000f289700000,0x000000f289800000) (1024K)]
  0x0000023d12f88870 JavaThread "Unconstrained build operations Thread 52"        [_thread_blocked, id=285092, stack(0x000000f289800000,0x000000f289900000) (1024K)]
  0x0000023d12f853f0 JavaThread "Unconstrained build operations Thread 53"        [_thread_blocked, id=268952, stack(0x000000f289900000,0x000000f289a00000) (1024K)]
  0x0000023d12f85a80 JavaThread "Unconstrained build operations Thread 54"        [_thread_blocked, id=272988, stack(0x000000f289a00000,0x000000f289b00000) (1024K)]
  0x0000023d122abe60 JavaThread "pool-26-thread-1"                  [_thread_blocked, id=295128, stack(0x000000f289b00000,0x000000f289c00000) (1024K)]
  0x0000023d122a9700 JavaThread "pool-26-thread-2"                  [_thread_blocked, id=286756, stack(0x000000f289c00000,0x000000f289d00000) (1024K)]
  0x0000023d122ac4f0 JavaThread "pool-26-thread-3"                  [_thread_blocked, id=267204, stack(0x000000f289d00000,0x000000f289e00000) (1024K)]
  0x0000023d122a9070 JavaThread "pool-26-thread-4"                  [_thread_blocked, id=263828, stack(0x000000f289e00000,0x000000f289f00000) (1024K)]
  0x0000023d122ab140 JavaThread "pool-26-thread-5"                  [_thread_blocked, id=261564, stack(0x000000f289f00000,0x000000f28a000000) (1024K)]
  0x0000023d122a9d90 JavaThread "pool-26-thread-6"                  [_thread_blocked, id=276444, stack(0x000000f28a000000,0x000000f28a100000) (1024K)]
  0x0000023d122aaab0 JavaThread "pool-26-thread-7"                  [_thread_blocked, id=263928, stack(0x000000f28a100000,0x000000f28a200000) (1024K)]
  0x0000023d122aa420 JavaThread "pool-26-thread-8"                  [_thread_blocked, id=260432, stack(0x000000f28a200000,0x000000f28a300000) (1024K)]
  0x0000023d0d63bd70 JavaThread "pool-26-thread-9"                  [_thread_blocked, id=282648, stack(0x000000f28a300000,0x000000f28a400000) (1024K)]
  0x0000023d0d63a9c0 JavaThread "pool-26-thread-10"                 [_thread_blocked, id=267044, stack(0x000000f28a400000,0x000000f28a500000) (1024K)]
  0x0000023d0d63ca90 JavaThread "pool-26-thread-11"                 [_thread_blocked, id=288492, stack(0x000000f28a500000,0x000000f28a600000) (1024K)]
  0x0000023d0d63c400 JavaThread "pool-26-thread-12"                 [_thread_blocked, id=270752, stack(0x000000f28a600000,0x000000f28a700000) (1024K)]
  0x0000023d0d639610 JavaThread "pool-26-thread-13"                 [_thread_blocked, id=271940, stack(0x000000f28a700000,0x000000f28a800000) (1024K)]
  0x0000023d0d63a330 JavaThread "pool-26-thread-14"                 [_thread_blocked, id=269172, stack(0x000000f28a800000,0x000000f28a900000) (1024K)]
  0x0000023d0d63b050 JavaThread "pool-26-thread-15"                 [_thread_blocked, id=253600, stack(0x000000f28a900000,0x000000f28aa00000) (1024K)]
  0x0000023d0d639ca0 JavaThread "pool-26-thread-16"                 [_thread_blocked, id=290776, stack(0x000000f28aa00000,0x000000f28ab00000) (1024K)]
  0x0000023d0d63b6e0 JavaThread "pool-26-thread-17"                 [_thread_blocked, id=251020, stack(0x000000f28ab00000,0x000000f28ac00000) (1024K)]
  0x0000023d0aeb30f0 JavaThread "pool-26-thread-18"                 [_thread_blocked, id=268776, stack(0x000000f28ac00000,0x000000f28ad00000) (1024K)]
  0x0000023d0aeb1d40 JavaThread "pool-26-thread-19"                 [_thread_blocked, id=281280, stack(0x000000f28ad00000,0x000000f28ae00000) (1024K)]
=>0x0000023d0aeb3780 JavaThread "pool-26-thread-20"                 [_thread_in_vm, id=257948, stack(0x000000f28ae00000,0x000000f28af00000) (1024K)]
  0x0000023d0aeb51c0 JavaThread "pool-26-thread-21"                 [_thread_blocked, id=290648, stack(0x000000f28af00000,0x000000f28b000000) (1024K)]
  0x0000023d0aeb23d0 JavaThread "pool-26-thread-22"                 [_thread_blocked, id=256136, stack(0x000000f28b000000,0x000000f28b100000) (1024K)]
  0x0000023d0aeb2a60 JavaThread "pool-26-thread-23"                 [_thread_blocked, id=294840, stack(0x000000f28b100000,0x000000f28b200000) (1024K)]
  0x0000023d0aeb44a0 JavaThread "pool-26-thread-24"                 [_thread_blocked, id=283608, stack(0x000000f28b200000,0x000000f28b300000) (1024K)]
  0x0000023d06c70ce0 JavaThread "C1 CompilerThread1"         daemon [_thread_blocked, id=277916, stack(0x000000f28b300000,0x000000f28b400000) (1024K)]
  0x0000023d0afc3540 JavaThread "C2 CompilerThread1"         daemon [_thread_blocked, id=287880, stack(0x000000f282a00000,0x000000f282b00000) (1024K)]
  0x0000023d05cb51b0 JavaThread "C2 CompilerThread2"         daemon [_thread_blocked, id=272440, stack(0x000000f28b400000,0x000000f28b500000) (1024K)]
Total: 219

Other Threads:
  0x0000023d3ca68a50 VMThread "VM Thread"                           [id=292420, stack(0x000000f2f9300000,0x000000f2f9400000) (1024K)] _threads_hazard_ptr=0x0000023d0a1715e0
  0x0000023d3ca55be0 WatcherThread "VM Periodic Task Thread"        [id=258424, stack(0x000000f2f9200000,0x000000f2f9300000) (1024K)]
  0x0000023d1ee7aa60 WorkerThread "GC Thread#0"                     [id=259684, stack(0x000000f2f8d00000,0x000000f2f8e00000) (1024K)]
  0x0000023d7f7c06d0 WorkerThread "GC Thread#1"                     [id=250980, stack(0x000000f2fa500000,0x000000f2fa600000) (1024K)]
  0x0000023d3d9d49f0 WorkerThread "GC Thread#2"                     [id=273068, stack(0x000000f2fa600000,0x000000f2fa700000) (1024K)]
  0x0000023d3d9d4d90 WorkerThread "GC Thread#3"                     [id=262524, stack(0x000000f2fa700000,0x000000f2fa800000) (1024K)]
  0x0000023d3d9d5130 WorkerThread "GC Thread#4"                     [id=270136, stack(0x000000f2fa800000,0x000000f2fa900000) (1024K)]
  0x0000023d3d9d54d0 WorkerThread "GC Thread#5"                     [id=274296, stack(0x000000f2fa900000,0x000000f2faa00000) (1024K)]
  0x0000023d3d9d5870 WorkerThread "GC Thread#6"                     [id=262152, stack(0x000000f2faa00000,0x000000f2fab00000) (1024K)]
  0x0000023d3d9d5fe0 WorkerThread "GC Thread#7"                     [id=290224, stack(0x000000f2fab00000,0x000000f2fac00000) (1024K)]
  0x0000023d7f797150 WorkerThread "GC Thread#8"                     [id=247644, stack(0x000000f2fac00000,0x000000f2fad00000) (1024K)]
  0x0000023d7f7978f0 WorkerThread "GC Thread#9"                     [id=262500, stack(0x000000f2fad00000,0x000000f2fae00000) (1024K)]
  0x0000023d7f798060 WorkerThread "GC Thread#10"                    [id=286008, stack(0x000000f2fae00000,0x000000f2faf00000) (1024K)]
  0x0000023d7f6951f0 WorkerThread "GC Thread#11"                    [id=249300, stack(0x000000f2faf00000,0x000000f2fb000000) (1024K)]
  0x0000023d7f695cd0 WorkerThread "GC Thread#12"                    [id=261068, stack(0x000000f2fbd00000,0x000000f2fbe00000) (1024K)]
  0x0000023d7f694ab0 WorkerThread "GC Thread#13"                    [id=270080, stack(0x000000f2fbe00000,0x000000f2fbf00000) (1024K)]
  0x0000023d06b318e0 WorkerThread "GC Thread#14"                    [id=293744, stack(0x000000f2fbf00000,0x000000f2fc000000) (1024K)]
  0x0000023d06b311a0 WorkerThread "GC Thread#15"                    [id=286912, stack(0x000000f2fc000000,0x000000f2fc100000) (1024K)]
  0x0000023d06b33980 WorkerThread "GC Thread#16"                    [id=265088, stack(0x000000f2fc100000,0x000000f2fc200000) (1024K)]
  0x0000023d06b340c0 WorkerThread "GC Thread#17"                    [id=293584, stack(0x000000f2fc200000,0x000000f2fc300000) (1024K)]
  0x0000023d1ee8d7e0 ConcurrentGCThread "G1 Main Marker"            [id=261896, stack(0x000000f2f8e00000,0x000000f2f8f00000) (1024K)]
  0x0000023d1ee8e990 WorkerThread "G1 Conc#0"                       [id=291224, stack(0x000000f2f8f00000,0x000000f2f9000000) (1024K)]
  0x0000023d06b31540 WorkerThread "G1 Conc#1"                       [id=267624, stack(0x000000f2fc300000,0x000000f2fc400000) (1024K)]
  0x0000023d06b33d20 WorkerThread "G1 Conc#2"                       [id=295908, stack(0x000000f2fc400000,0x000000f2fc500000) (1024K)]
  0x0000023d06b34800 WorkerThread "G1 Conc#3"                       [id=275836, stack(0x000000f2fc500000,0x000000f2fc600000) (1024K)]
  0x0000023d06b32b00 WorkerThread "G1 Conc#4"                       [id=274768, stack(0x000000f2fc600000,0x000000f2fc700000) (1024K)]
  0x0000023d3ca483b0 ConcurrentGCThread "G1 Refine#0"               [id=260956, stack(0x000000f2f9000000,0x000000f2f9100000) (1024K)]
  0x0000023d3cef3020 ConcurrentGCThread "G1 Service"                [id=254372, stack(0x000000f2f9100000,0x000000f2f9200000) (1024K)]
Total: 28

Threads with active compile tasks:
C2 CompilerThread0  2795391 48550   !   4       net.fabricmc.loom.util.AsyncZipProcessor$1::lambda$visitFile$0 (49 bytes)
C2 CompilerThread1  2795391 48549       4       net.fabricmc.loom.util.AsyncZipProcessor$1$$Lambda/0x0000023d3ff40470::run (20 bytes)
C2 CompilerThread2  2795391 48538   !   4       java.util.concurrent.CompletableFuture$AsyncRun::run (61 bytes)
Total: 3

VM state: synchronizing (normal execution)

VM Mutex/Monitor currently owned by a thread:  ([mutex/lock_event])
[0x00007ffaf87cbe98] Threads_lock - owner thread: 0x0000023d3ca68a50
[0x00007ffaf87cbf98] Heap_lock - owner thread: 0x0000023d0d63a330

Heap address: 0x0000000080000000, size: 2048 MB, Compressed Oops mode: 32-bit

CDS archive(s) mapped at: [0x0000023d3e000000-0x0000023d3ec90000-0x0000023d3ec90000), size 13172736, SharedBaseAddress: 0x0000023d3e000000, ArchiveRelocationMode: 1.
Compressed class space mapped at: 0x0000023d3f000000-0x0000023d7f000000, reserved size: 1073741824
Narrow klass base: 0x0000023d3e000000, Narrow klass shift: 0, Narrow klass range: 0x100000000

GC Precious Log:
 CardTable entry size: 512
 Card Set container configuration: InlinePtr #cards 5 size 8 Array Of Cards #cards 12 size 40 Howl #buckets 4 coarsen threshold 1843 Howl Bitmap #cards 512 size 80 coarsen threshold 460 Card regions per heap region 1 cards per card region 2048
 CPUs: 24 total, 24 available
 Memory: 32577M
 Large Page Support: Disabled
 NUMA Support: Disabled
 Compressed Oops: Enabled (32-bit)
 Heap Region Size: 1M
 Heap Min Capacity: 8M
 Heap Initial Capacity: 510M
 Heap Max Capacity: 2G
 Pre-touch: Disabled
 Parallel Workers: 18
 Concurrent Workers: 5
 Concurrent Refinement Workers: 18
 Periodic GC: Disabled

Heap:
 garbage-first heap   total 1579008K, used 1180409K [0x0000000080000000, 0x0000000100000000)
  region size 1024K, 925 young (947200K), 42 survivors (43008K)
 Metaspace       used 125582K, committed 127680K, reserved 1179648K
  class space    used 16115K, committed 17216K, reserved 1048576K

Heap Regions: E=young(eden), S=young(survivor), O=old, HS=humongous(starts), HC=humongous(continues), CS=collection set, F=free, TAMS=top-at-mark-start, PB=parsable bottom
|   0|0x0000000080000000, 0x0000000080100000, 0x0000000080100000|100%|HS|  |TAMS 0x0000000080000000| PB 0x0000000080000000| Complete 
|   1|0x0000000080100000, 0x0000000080200000, 0x0000000080200000|100%|HC|  |TAMS 0x0000000080100000| PB 0x0000000080100000| Complete 
|   2|0x0000000080200000, 0x0000000080300000, 0x0000000080300000|100%|HC|  |TAMS 0x0000000080200000| PB 0x0000000080200000| Complete 
|   3|0x0000000080300000, 0x0000000080400000, 0x0000000080400000|100%|HC|  |TAMS 0x0000000080300000| PB 0x0000000080300000| Complete 
|   4|0x0000000080400000, 0x0000000080400000, 0x0000000080500000|  0%| F|  |TAMS 0x0000000080400000| PB 0x0000000080400000| Untracked 
|   5|0x0000000080500000, 0x0000000080600000, 0x0000000080600000|100%| O|  |TAMS 0x0000000080500000| PB 0x0000000080500000| Untracked 
|   6|0x0000000080600000, 0x0000000080700000, 0x0000000080700000|100%| O|  |TAMS 0x0000000080600000| PB 0x0000000080600000| Untracked 
|   7|0x0000000080700000, 0x0000000080800000, 0x0000000080800000|100%|HS|  |TAMS 0x0000000080700000| PB 0x0000000080700000| Complete 
|   8|0x0000000080800000, 0x0000000080900000, 0x0000000080900000|100%| O|  |TAMS 0x0000000080800000| PB 0x0000000080800000| Untracked 
|   9|0x0000000080900000, 0x0000000080a00000, 0x0000000080a00000|100%| O|  |TAMS 0x0000000080900000| PB 0x0000000080900000| Untracked 
|  10|0x0000000080a00000, 0x0000000080b00000, 0x0000000080b00000|100%| O|  |TAMS 0x0000000080a00000| PB 0x0000000080a00000| Untracked 
|  11|0x0000000080b00000, 0x0000000080c00000, 0x0000000080c00000|100%| O|  |TAMS 0x0000000080b00000| PB 0x0000000080b00000| Untracked 
|  12|0x0000000080c00000, 0x0000000080d00000, 0x0000000080d00000|100%| O|  |TAMS 0x0000000080c00000| PB 0x0000000080c00000| Untracked 
|  13|0x0000000080d00000, 0x0000000080e00000, 0x0000000080e00000|100%| O|  |TAMS 0x0000000080d00000| PB 0x0000000080d00000| Untracked 
|  14|0x0000000080e00000, 0x0000000080f00000, 0x0000000080f00000|100%| O|  |TAMS 0x0000000080e00000| PB 0x0000000080e00000| Untracked 
|  15|0x0000000080f00000, 0x0000000081000000, 0x0000000081000000|100%| O|  |TAMS 0x0000000080f00000| PB 0x0000000080f00000| Untracked 
|  16|0x0000000081000000, 0x0000000081100000, 0x0000000081100000|100%| O|  |TAMS 0x0000000081000000| PB 0x0000000081000000| Untracked 
|  17|0x0000000081100000, 0x0000000081200000, 0x0000000081200000|100%| O|  |TAMS 0x0000000081100000| PB 0x0000000081100000| Untracked 
|  18|0x0000000081200000, 0x0000000081300000, 0x0000000081300000|100%| O|  |TAMS 0x0000000081200000| PB 0x0000000081200000| Untracked 
|  19|0x0000000081300000, 0x0000000081400000, 0x0000000081400000|100%| O|  |TAMS 0x0000000081300000| PB 0x0000000081300000| Untracked 
|  20|0x0000000081400000, 0x0000000081500000, 0x0000000081500000|100%| O|  |TAMS 0x0000000081400000| PB 0x0000000081400000| Untracked 
|  21|0x0000000081500000, 0x0000000081600000, 0x0000000081600000|100%| O|  |TAMS 0x0000000081500000| PB 0x0000000081500000| Untracked 
|  22|0x0000000081600000, 0x0000000081700000, 0x0000000081700000|100%| O|  |TAMS 0x0000000081600000| PB 0x0000000081600000| Untracked 
|  23|0x0000000081700000, 0x0000000081800000, 0x0000000081800000|100%| O|  |TAMS 0x0000000081700000| PB 0x0000000081700000| Untracked 
|  24|0x0000000081800000, 0x0000000081900000, 0x0000000081900000|100%| O|  |TAMS 0x0000000081800000| PB 0x0000000081800000| Untracked 
|  25|0x0000000081900000, 0x0000000081a00000, 0x0000000081a00000|100%| O|  |TAMS 0x0000000081900000| PB 0x0000000081900000| Untracked 
|  26|0x0000000081a00000, 0x0000000081b00000, 0x0000000081b00000|100%| O|  |TAMS 0x0000000081a00000| PB 0x0000000081a00000| Untracked 
|  27|0x0000000081b00000, 0x0000000081c00000, 0x0000000081c00000|100%| O|  |TAMS 0x0000000081b00000| PB 0x0000000081b00000| Untracked 
|  28|0x0000000081c00000, 0x0000000081d00000, 0x0000000081d00000|100%|HS|  |TAMS 0x0000000081c00000| PB 0x0000000081c00000| Complete 
|  29|0x0000000081d00000, 0x0000000081e00000, 0x0000000081e00000|100%|HC|  |TAMS 0x0000000081d00000| PB 0x0000000081d00000| Complete 
|  30|0x0000000081e00000, 0x0000000081f00000, 0x0000000081f00000|100%| O|  |TAMS 0x0000000081e00000| PB 0x0000000081e00000| Untracked 
|  31|0x0000000081f00000, 0x0000000082000000, 0x0000000082000000|100%| O|  |TAMS 0x0000000081f00000| PB 0x0000000081f00000| Untracked 
|  32|0x0000000082000000, 0x0000000082100000, 0x0000000082100000|100%| O|  |TAMS 0x0000000082000000| PB 0x0000000082000000| Untracked 
|  33|0x0000000082100000, 0x0000000082200000, 0x0000000082200000|100%| O|  |TAMS 0x0000000082100000| PB 0x0000000082100000| Untracked 
|  34|0x0000000082200000, 0x0000000082300000, 0x0000000082300000|100%| O|  |TAMS 0x0000000082200000| PB 0x0000000082200000| Untracked 
|  35|0x0000000082300000, 0x0000000082400000, 0x0000000082400000|100%| O|  |TAMS 0x0000000082300000| PB 0x0000000082300000| Untracked 
|  36|0x0000000082400000, 0x0000000082400000, 0x0000000082500000|  0%| F|  |TAMS 0x0000000082400000| PB 0x0000000082400000| Untracked 
|  37|0x0000000082500000, 0x0000000082600000, 0x0000000082600000|100%| O|  |TAMS 0x0000000082500000| PB 0x0000000082500000| Untracked 
|  38|0x0000000082600000, 0x0000000082700000, 0x0000000082700000|100%|HS|  |TAMS 0x0000000082600000| PB 0x0000000082600000| Complete 
|  39|0x0000000082700000, 0x0000000082800000, 0x0000000082800000|100%| O|  |TAMS 0x0000000082700000| PB 0x0000000082700000| Untracked 
|  40|0x0000000082800000, 0x0000000082900000, 0x0000000082900000|100%| O|  |TAMS 0x0000000082800000| PB 0x0000000082800000| Untracked 
|  41|0x0000000082900000, 0x0000000082a00000, 0x0000000082a00000|100%| O|  |TAMS 0x0000000082900000| PB 0x0000000082900000| Untracked 
|  42|0x0000000082a00000, 0x0000000082b00000, 0x0000000082b00000|100%| O|  |TAMS 0x0000000082a00000| PB 0x0000000082a00000| Untracked 
|  43|0x0000000082b00000, 0x0000000082c00000, 0x0000000082c00000|100%| O|  |TAMS 0x0000000082b00000| PB 0x0000000082b00000| Untracked 
|  44|0x0000000082c00000, 0x0000000082d00000, 0x0000000082d00000|100%| O|  |TAMS 0x0000000082c00000| PB 0x0000000082c00000| Untracked 
|  45|0x0000000082d00000, 0x0000000082e00000, 0x0000000082e00000|100%| O|  |TAMS 0x0000000082d00000| PB 0x0000000082d00000| Untracked 
|  46|0x0000000082e00000, 0x0000000082f00000, 0x0000000082f00000|100%| O|  |TAMS 0x0000000082e00000| PB 0x0000000082e00000| Untracked 
|  47|0x0000000082f00000, 0x0000000083000000, 0x0000000083000000|100%| O|  |TAMS 0x0000000082f00000| PB 0x0000000082f00000| Untracked 
|  48|0x0000000083000000, 0x0000000083100000, 0x0000000083100000|100%| O|  |TAMS 0x0000000083000000| PB 0x0000000083000000| Untracked 
|  49|0x0000000083100000, 0x0000000083200000, 0x0000000083200000|100%|HS|  |TAMS 0x0000000083100000| PB 0x0000000083100000| Complete 
|  50|0x0000000083200000, 0x0000000083300000, 0x0000000083300000|100%| O|  |TAMS 0x0000000083200000| PB 0x0000000083200000| Untracked 
|  51|0x0000000083300000, 0x0000000083400000, 0x0000000083400000|100%| O|  |TAMS 0x0000000083300000| PB 0x0000000083300000| Untracked 
|  52|0x0000000083400000, 0x0000000083500000, 0x0000000083500000|100%| O|  |TAMS 0x0000000083400000| PB 0x0000000083400000| Untracked 
|  53|0x0000000083500000, 0x0000000083600000, 0x0000000083600000|100%| O|  |TAMS 0x0000000083500000| PB 0x0000000083500000| Untracked 
|  54|0x0000000083600000, 0x0000000083700000, 0x0000000083700000|100%| O|  |TAMS 0x0000000083600000| PB 0x0000000083600000| Untracked 
|  55|0x0000000083700000, 0x0000000083800000, 0x0000000083800000|100%| O|  |TAMS 0x0000000083700000| PB 0x0000000083700000| Untracked 
|  56|0x0000000083800000, 0x0000000083900000, 0x0000000083900000|100%| O|  |TAMS 0x0000000083800000| PB 0x0000000083800000| Untracked 
|  57|0x0000000083900000, 0x0000000083a00000, 0x0000000083a00000|100%| O|  |TAMS 0x0000000083900000| PB 0x0000000083900000| Untracked 
|  58|0x0000000083a00000, 0x0000000083a00000, 0x0000000083b00000|  0%| F|  |TAMS 0x0000000083a00000| PB 0x0000000083a00000| Untracked 
|  59|0x0000000083b00000, 0x0000000083c00000, 0x0000000083c00000|100%| O|  |TAMS 0x0000000083b00000| PB 0x0000000083b00000| Untracked 
|  60|0x0000000083c00000, 0x0000000083d00000, 0x0000000083d00000|100%| O|  |TAMS 0x0000000083c00000| PB 0x0000000083c00000| Untracked 
|  61|0x0000000083d00000, 0x0000000083d00000, 0x0000000083e00000|  0%| F|  |TAMS 0x0000000083d00000| PB 0x0000000083d00000| Untracked 
|  62|0x0000000083e00000, 0x0000000083f00000, 0x0000000083f00000|100%| O|  |TAMS 0x0000000083e00000| PB 0x0000000083e00000| Untracked 
|  63|0x0000000083f00000, 0x0000000084000000, 0x0000000084000000|100%| O|  |TAMS 0x0000000083f00000| PB 0x0000000083f00000| Untracked 
|  64|0x0000000084000000, 0x0000000084100000, 0x0000000084100000|100%| O|  |TAMS 0x0000000084000000| PB 0x0000000084000000| Untracked 
|  65|0x0000000084100000, 0x0000000084200000, 0x0000000084200000|100%| O|  |TAMS 0x0000000084100000| PB 0x0000000084100000| Untracked 
|  66|0x0000000084200000, 0x0000000084300000, 0x0000000084300000|100%| O|  |TAMS 0x0000000084200000| PB 0x0000000084200000| Untracked 
|  67|0x0000000084300000, 0x0000000084400000, 0x0000000084400000|100%|HS|  |TAMS 0x0000000084300000| PB 0x0000000084300000| Complete 
|  68|0x0000000084400000, 0x0000000084500000, 0x0000000084500000|100%|HC|  |TAMS 0x0000000084400000| PB 0x0000000084400000| Complete 
|  69|0x0000000084500000, 0x0000000084600000, 0x0000000084600000|100%| O|  |TAMS 0x0000000084500000| PB 0x0000000084500000| Untracked 
|  70|0x0000000084600000, 0x0000000084700000, 0x0000000084700000|100%| O|  |TAMS 0x0000000084600000| PB 0x0000000084600000| Untracked 
|  71|0x0000000084700000, 0x0000000084800000, 0x0000000084800000|100%|HS|  |TAMS 0x0000000084700000| PB 0x0000000084700000| Complete 
|  72|0x0000000084800000, 0x0000000084900000, 0x0000000084900000|100%| O|  |TAMS 0x0000000084800000| PB 0x0000000084800000| Untracked 
|  73|0x0000000084900000, 0x0000000084a00000, 0x0000000084a00000|100%| O|  |TAMS 0x0000000084900000| PB 0x0000000084900000| Untracked 
|  74|0x0000000084a00000, 0x0000000084b00000, 0x0000000084b00000|100%| O|  |TAMS 0x0000000084a00000| PB 0x0000000084a00000| Untracked 
|  75|0x0000000084b00000, 0x0000000084c00000, 0x0000000084c00000|100%| O|  |TAMS 0x0000000084b00000| PB 0x0000000084b00000| Untracked 
|  76|0x0000000084c00000, 0x0000000084d00000, 0x0000000084d00000|100%| O|  |TAMS 0x0000000084c00000| PB 0x0000000084c00000| Untracked 
|  77|0x0000000084d00000, 0x0000000084e00000, 0x0000000084e00000|100%| O|  |TAMS 0x0000000084d00000| PB 0x0000000084d00000| Untracked 
|  78|0x0000000084e00000, 0x0000000084f00000, 0x0000000084f00000|100%| O|  |TAMS 0x0000000084e00000| PB 0x0000000084e00000| Untracked 
|  79|0x0000000084f00000, 0x0000000085000000, 0x0000000085000000|100%| O|  |TAMS 0x0000000084f00000| PB 0x0000000084f00000| Untracked 
|  80|0x0000000085000000, 0x0000000085100000, 0x0000000085100000|100%|HS|  |TAMS 0x0000000085000000| PB 0x0000000085000000| Complete 
|  81|0x0000000085100000, 0x0000000085200000, 0x0000000085200000|100%|HC|  |TAMS 0x0000000085100000| PB 0x0000000085100000| Complete 
|  82|0x0000000085200000, 0x0000000085300000, 0x0000000085300000|100%| O|  |TAMS 0x0000000085200000| PB 0x0000000085200000| Untracked 
|  83|0x0000000085300000, 0x0000000085400000, 0x0000000085400000|100%| O|  |TAMS 0x0000000085300000| PB 0x0000000085300000| Untracked 
|  84|0x0000000085400000, 0x0000000085500000, 0x0000000085500000|100%| O|  |TAMS 0x0000000085400000| PB 0x0000000085400000| Untracked 
|  85|0x0000000085500000, 0x0000000085600000, 0x0000000085600000|100%|HS|  |TAMS 0x0000000085500000| PB 0x0000000085500000| Complete 
|  86|0x0000000085600000, 0x0000000085700000, 0x0000000085700000|100%|HC|  |TAMS 0x0000000085600000| PB 0x0000000085600000| Complete 
|  87|0x0000000085700000, 0x0000000085800000, 0x0000000085800000|100%| O|  |TAMS 0x0000000085700000| PB 0x0000000085700000| Untracked 
|  88|0x0000000085800000, 0x0000000085900000, 0x0000000085900000|100%| O|  |TAMS 0x0000000085800000| PB 0x0000000085800000| Untracked 
|  89|0x0000000085900000, 0x0000000085a00000, 0x0000000085a00000|100%| O|  |TAMS 0x0000000085900000| PB 0x0000000085900000| Untracked 
|  90|0x0000000085a00000, 0x0000000085b00000, 0x0000000085b00000|100%| O|  |TAMS 0x0000000085a00000| PB 0x0000000085a00000| Untracked 
|  91|0x0000000085b00000, 0x0000000085c00000, 0x0000000085c00000|100%| O|  |TAMS 0x0000000085b00000| PB 0x0000000085b00000| Untracked 
|  92|0x0000000085c00000, 0x0000000085d00000, 0x0000000085d00000|100%| O|  |TAMS 0x0000000085c00000| PB 0x0000000085c00000| Untracked 
|  93|0x0000000085d00000, 0x0000000085e00000, 0x0000000085e00000|100%| O|  |TAMS 0x0000000085d00000| PB 0x0000000085d00000| Untracked 
|  94|0x0000000085e00000, 0x0000000085f00000, 0x0000000085f00000|100%| O|  |TAMS 0x0000000085e00000| PB 0x0000000085e00000| Untracked 
|  95|0x0000000085f00000, 0x0000000086000000, 0x0000000086000000|100%| O|  |TAMS 0x0000000085f00000| PB 0x0000000085f00000| Untracked 
|  96|0x0000000086000000, 0x0000000086100000, 0x0000000086100000|100%| O|  |TAMS 0x0000000086000000| PB 0x0000000086000000| Untracked 
|  97|0x0000000086100000, 0x0000000086200000, 0x0000000086200000|100%| O|  |TAMS 0x0000000086100000| PB 0x0000000086100000| Untracked 
|  98|0x0000000086200000, 0x0000000086300000, 0x0000000086300000|100%| O|  |TAMS 0x0000000086200000| PB 0x0000000086200000| Untracked 
|  99|0x0000000086300000, 0x0000000086400000, 0x0000000086400000|100%| O|  |TAMS 0x0000000086300000| PB 0x0000000086300000| Untracked 
| 100|0x0000000086400000, 0x0000000086500000, 0x0000000086500000|100%| O|  |TAMS 0x0000000086400000| PB 0x0000000086400000| Untracked 
| 101|0x0000000086500000, 0x0000000086600000, 0x0000000086600000|100%| O|  |TAMS 0x0000000086500000| PB 0x0000000086500000| Untracked 
| 102|0x0000000086600000, 0x0000000086700000, 0x0000000086700000|100%| O|  |TAMS 0x0000000086600000| PB 0x0000000086600000| Untracked 
| 103|0x0000000086700000, 0x0000000086800000, 0x0000000086800000|100%| O|  |TAMS 0x0000000086700000| PB 0x0000000086700000| Untracked 
| 104|0x0000000086800000, 0x0000000086900000, 0x0000000086900000|100%| O|  |TAMS 0x0000000086800000| PB 0x0000000086800000| Untracked 
| 105|0x0000000086900000, 0x0000000086900000, 0x0000000086a00000|  0%| F|  |TAMS 0x0000000086900000| PB 0x0000000086900000| Untracked 
| 106|0x0000000086a00000, 0x0000000086b00000, 0x0000000086b00000|100%| O|  |TAMS 0x0000000086a00000| PB 0x0000000086a00000| Untracked 
| 107|0x0000000086b00000, 0x0000000086c00000, 0x0000000086c00000|100%| O|  |TAMS 0x0000000086b00000| PB 0x0000000086b00000| Untracked 
| 108|0x0000000086c00000, 0x0000000086d00000, 0x0000000086d00000|100%| O|  |TAMS 0x0000000086c00000| PB 0x0000000086c00000| Untracked 
| 109|0x0000000086d00000, 0x0000000086e00000, 0x0000000086e00000|100%| O|  |TAMS 0x0000000086d00000| PB 0x0000000086d00000| Untracked 
| 110|0x0000000086e00000, 0x0000000086f00000, 0x0000000086f00000|100%| O|  |TAMS 0x0000000086e00000| PB 0x0000000086e00000| Untracked 
| 111|0x0000000086f00000, 0x0000000087000000, 0x0000000087000000|100%| O|  |TAMS 0x0000000086f00000| PB 0x0000000086f00000| Untracked 
| 112|0x0000000087000000, 0x0000000087100000, 0x0000000087100000|100%| O|  |TAMS 0x0000000087000000| PB 0x0000000087000000| Untracked 
| 113|0x0000000087100000, 0x0000000087200000, 0x0000000087200000|100%| O|  |TAMS 0x0000000087100000| PB 0x0000000087100000| Untracked 
| 114|0x0000000087200000, 0x0000000087300000, 0x0000000087300000|100%|HS|  |TAMS 0x0000000087200000| PB 0x0000000087200000| Complete 
| 115|0x0000000087300000, 0x0000000087400000, 0x0000000087400000|100%|HC|  |TAMS 0x0000000087300000| PB 0x0000000087300000| Complete 
| 116|0x0000000087400000, 0x0000000087500000, 0x0000000087500000|100%| O|  |TAMS 0x0000000087400000| PB 0x0000000087400000| Untracked 
| 117|0x0000000087500000, 0x0000000087600000, 0x0000000087600000|100%| O|  |TAMS 0x0000000087500000| PB 0x0000000087500000| Untracked 
| 118|0x0000000087600000, 0x0000000087700000, 0x0000000087700000|100%| O|  |TAMS 0x0000000087600000| PB 0x0000000087600000| Untracked 
| 119|0x0000000087700000, 0x0000000087800000, 0x0000000087800000|100%| O|  |TAMS 0x0000000087700000| PB 0x0000000087700000| Untracked 
| 120|0x0000000087800000, 0x0000000087900000, 0x0000000087900000|100%| O|  |TAMS 0x0000000087800000| PB 0x0000000087800000| Untracked 
| 121|0x0000000087900000, 0x0000000087a00000, 0x0000000087a00000|100%| O|  |TAMS 0x0000000087900000| PB 0x0000000087900000| Untracked 
| 122|0x0000000087a00000, 0x0000000087b00000, 0x0000000087b00000|100%|HS|  |TAMS 0x0000000087a00000| PB 0x0000000087a00000| Complete 
| 123|0x0000000087b00000, 0x0000000087c00000, 0x0000000087c00000|100%|HC|  |TAMS 0x0000000087b00000| PB 0x0000000087b00000| Complete 
| 124|0x0000000087c00000, 0x0000000087d00000, 0x0000000087d00000|100%|HC|  |TAMS 0x0000000087c00000| PB 0x0000000087c00000| Complete 
| 125|0x0000000087d00000, 0x0000000087e00000, 0x0000000087e00000|100%|HC|  |TAMS 0x0000000087d00000| PB 0x0000000087d00000| Complete 
| 126|0x0000000087e00000, 0x0000000087f00000, 0x0000000087f00000|100%|HC|  |TAMS 0x0000000087e00000| PB 0x0000000087e00000| Complete 
| 127|0x0000000087f00000, 0x0000000088000000, 0x0000000088000000|100%|HC|  |TAMS 0x0000000087f00000| PB 0x0000000087f00000| Complete 
| 128|0x0000000088000000, 0x0000000088100000, 0x0000000088100000|100%| O|  |TAMS 0x0000000088000000| PB 0x0000000088000000| Untracked 
| 129|0x0000000088100000, 0x0000000088200000, 0x0000000088200000|100%| O|  |TAMS 0x0000000088100000| PB 0x0000000088100000| Untracked 
| 130|0x0000000088200000, 0x0000000088300000, 0x0000000088300000|100%| O|  |TAMS 0x0000000088200000| PB 0x0000000088200000| Untracked 
| 131|0x0000000088300000, 0x0000000088400000, 0x0000000088400000|100%| O|  |TAMS 0x0000000088300000| PB 0x0000000088300000| Untracked 
| 132|0x0000000088400000, 0x0000000088500000, 0x0000000088500000|100%| O|  |TAMS 0x0000000088400000| PB 0x0000000088400000| Untracked 
| 133|0x0000000088500000, 0x0000000088600000, 0x0000000088600000|100%| O|  |TAMS 0x0000000088500000| PB 0x0000000088500000| Untracked 
| 134|0x0000000088600000, 0x0000000088700000, 0x0000000088700000|100%| O|  |TAMS 0x0000000088600000| PB 0x0000000088600000| Untracked 
| 135|0x0000000088700000, 0x0000000088800000, 0x0000000088800000|100%| O|  |TAMS 0x0000000088700000| PB 0x0000000088700000| Untracked 
| 136|0x0000000088800000, 0x0000000088900000, 0x0000000088900000|100%| O|  |TAMS 0x0000000088800000| PB 0x0000000088800000| Untracked 
| 137|0x0000000088900000, 0x0000000088a00000, 0x0000000088a00000|100%| O|  |TAMS 0x0000000088900000| PB 0x0000000088900000| Untracked 
| 138|0x0000000088a00000, 0x0000000088b00000, 0x0000000088b00000|100%| O|  |TAMS 0x0000000088a00000| PB 0x0000000088a00000| Untracked 
| 139|0x0000000088b00000, 0x0000000088c00000, 0x0000000088c00000|100%| O|  |TAMS 0x0000000088b00000| PB 0x0000000088b00000| Untracked 
| 140|0x0000000088c00000, 0x0000000088d00000, 0x0000000088d00000|100%| O|  |TAMS 0x0000000088c00000| PB 0x0000000088c00000| Untracked 
| 141|0x0000000088d00000, 0x0000000088e00000, 0x0000000088e00000|100%| O|  |TAMS 0x0000000088d00000| PB 0x0000000088d00000| Untracked 
| 142|0x0000000088e00000, 0x0000000088f00000, 0x0000000088f00000|100%| O|  |TAMS 0x0000000088e00000| PB 0x0000000088e00000| Untracked 
| 143|0x0000000088f00000, 0x0000000089000000, 0x0000000089000000|100%| O|  |TAMS 0x0000000088f00000| PB 0x0000000088f00000| Untracked 
| 144|0x0000000089000000, 0x0000000089100000, 0x0000000089100000|100%| O|  |TAMS 0x0000000089000000| PB 0x0000000089000000| Untracked 
| 145|0x0000000089100000, 0x0000000089200000, 0x0000000089200000|100%| O|  |TAMS 0x0000000089100000| PB 0x0000000089100000| Untracked 
| 146|0x0000000089200000, 0x0000000089300000, 0x0000000089300000|100%| O|  |TAMS 0x0000000089200000| PB 0x0000000089200000| Untracked 
| 147|0x0000000089300000, 0x0000000089400000, 0x0000000089400000|100%| O|  |TAMS 0x0000000089300000| PB 0x0000000089300000| Untracked 
| 148|0x0000000089400000, 0x0000000089500000, 0x0000000089500000|100%| O|  |TAMS 0x0000000089400000| PB 0x0000000089400000| Untracked 
| 149|0x0000000089500000, 0x0000000089600000, 0x0000000089600000|100%| O|  |TAMS 0x0000000089500000| PB 0x0000000089500000| Untracked 
| 150|0x0000000089600000, 0x0000000089700000, 0x0000000089700000|100%| O|  |TAMS 0x0000000089600000| PB 0x0000000089600000| Untracked 
| 151|0x0000000089700000, 0x0000000089800000, 0x0000000089800000|100%| O|  |TAMS 0x0000000089700000| PB 0x0000000089700000| Untracked 
| 152|0x0000000089800000, 0x0000000089900000, 0x0000000089900000|100%| O|  |TAMS 0x0000000089800000| PB 0x0000000089800000| Untracked 
| 153|0x0000000089900000, 0x0000000089a00000, 0x0000000089a00000|100%| O|  |TAMS 0x0000000089900000| PB 0x0000000089900000| Untracked 
| 154|0x0000000089a00000, 0x0000000089b00000, 0x0000000089b00000|100%| O|  |TAMS 0x0000000089a00000| PB 0x0000000089a00000| Untracked 
| 155|0x0000000089b00000, 0x0000000089c00000, 0x0000000089c00000|100%| O|  |TAMS 0x0000000089b00000| PB 0x0000000089b00000| Untracked 
| 156|0x0000000089c00000, 0x0000000089d00000, 0x0000000089d00000|100%| O|  |TAMS 0x0000000089c00000| PB 0x0000000089c00000| Untracked 
| 157|0x0000000089d00000, 0x0000000089e00000, 0x0000000089e00000|100%| O|  |TAMS 0x0000000089d00000| PB 0x0000000089d00000| Untracked 
| 158|0x0000000089e00000, 0x0000000089e00000, 0x0000000089f00000|  0%| F|  |TAMS 0x0000000089e00000| PB 0x0000000089e00000| Untracked 
| 159|0x0000000089f00000, 0x000000008a000000, 0x000000008a000000|100%| O|  |TAMS 0x0000000089f00000| PB 0x0000000089f00000| Untracked 
| 160|0x000000008a000000, 0x000000008a100000, 0x000000008a100000|100%| O|  |TAMS 0x000000008a000000| PB 0x000000008a000000| Untracked 
| 161|0x000000008a100000, 0x000000008a200000, 0x000000008a200000|100%| O|  |TAMS 0x000000008a100000| PB 0x000000008a100000| Untracked 
| 162|0x000000008a200000, 0x000000008a300000, 0x000000008a300000|100%| O|  |TAMS 0x000000008a200000| PB 0x000000008a200000| Untracked 
| 163|0x000000008a300000, 0x000000008a400000, 0x000000008a400000|100%|HS|  |TAMS 0x000000008a300000| PB 0x000000008a300000| Complete 
| 164|0x000000008a400000, 0x000000008a500000, 0x000000008a500000|100%|HC|  |TAMS 0x000000008a400000| PB 0x000000008a400000| Complete 
| 165|0x000000008a500000, 0x000000008a600000, 0x000000008a600000|100%|HC|  |TAMS 0x000000008a500000| PB 0x000000008a500000| Complete 
| 166|0x000000008a600000, 0x000000008a700000, 0x000000008a700000|100%|HC|  |TAMS 0x000000008a600000| PB 0x000000008a600000| Complete 
| 167|0x000000008a700000, 0x000000008a800000, 0x000000008a800000|100%| O|  |TAMS 0x000000008a700000| PB 0x000000008a700000| Untracked 
| 168|0x000000008a800000, 0x000000008a900000, 0x000000008a900000|100%| O|  |TAMS 0x000000008a800000| PB 0x000000008a800000| Untracked 
| 169|0x000000008a900000, 0x000000008aa00000, 0x000000008aa00000|100%|HS|  |TAMS 0x000000008a900000| PB 0x000000008a900000| Complete 
| 170|0x000000008aa00000, 0x000000008ab00000, 0x000000008ab00000|100%|HC|  |TAMS 0x000000008aa00000| PB 0x000000008aa00000| Complete 
| 171|0x000000008ab00000, 0x000000008ac00000, 0x000000008ac00000|100%|HC|  |TAMS 0x000000008ab00000| PB 0x000000008ab00000| Complete 
| 172|0x000000008ac00000, 0x000000008ad00000, 0x000000008ad00000|100%|HC|  |TAMS 0x000000008ac00000| PB 0x000000008ac00000| Complete 
| 173|0x000000008ad00000, 0x000000008ae00000, 0x000000008ae00000|100%|HC|  |TAMS 0x000000008ad00000| PB 0x000000008ad00000| Complete 
| 174|0x000000008ae00000, 0x000000008af00000, 0x000000008af00000|100%|HC|  |TAMS 0x000000008ae00000| PB 0x000000008ae00000| Complete 
| 175|0x000000008af00000, 0x000000008b000000, 0x000000008b000000|100%| O|  |TAMS 0x000000008af00000| PB 0x000000008af00000| Untracked 
| 176|0x000000008b000000, 0x000000008b100000, 0x000000008b100000|100%| O|  |TAMS 0x000000008b000000| PB 0x000000008b000000| Untracked 
| 177|0x000000008b100000, 0x000000008b200000, 0x000000008b200000|100%| O|  |TAMS 0x000000008b100000| PB 0x000000008b100000| Untracked 
| 178|0x000000008b200000, 0x000000008b300000, 0x000000008b300000|100%| O|  |TAMS 0x000000008b200000| PB 0x000000008b200000| Untracked 
| 179|0x000000008b300000, 0x000000008b400000, 0x000000008b400000|100%|HS|  |TAMS 0x000000008b300000| PB 0x000000008b300000| Complete 
| 180|0x000000008b400000, 0x000000008b500000, 0x000000008b500000|100%|HC|  |TAMS 0x000000008b400000| PB 0x000000008b400000| Complete 
| 181|0x000000008b500000, 0x000000008b600000, 0x000000008b600000|100%|HC|  |TAMS 0x000000008b500000| PB 0x000000008b500000| Complete 
| 182|0x000000008b600000, 0x000000008b700000, 0x000000008b700000|100%|HC|  |TAMS 0x000000008b600000| PB 0x000000008b600000| Complete 
| 183|0x000000008b700000, 0x000000008b800000, 0x000000008b800000|100%| O|  |TAMS 0x000000008b700000| PB 0x000000008b700000| Untracked 
| 184|0x000000008b800000, 0x000000008b900000, 0x000000008b900000|100%| O|  |TAMS 0x000000008b800000| PB 0x000000008b800000| Untracked 
| 185|0x000000008b900000, 0x000000008ba00000, 0x000000008ba00000|100%| O|  |TAMS 0x000000008b900000| PB 0x000000008b900000| Untracked 
| 186|0x000000008ba00000, 0x000000008bb00000, 0x000000008bb00000|100%| O|  |TAMS 0x000000008ba00000| PB 0x000000008ba00000| Untracked 
| 187|0x000000008bb00000, 0x000000008bc00000, 0x000000008bc00000|100%| O|  |TAMS 0x000000008bb00000| PB 0x000000008bb00000| Untracked 
| 188|0x000000008bc00000, 0x000000008bd00000, 0x000000008bd00000|100%| O|  |TAMS 0x000000008bc00000| PB 0x000000008bc00000| Untracked 
| 189|0x000000008bd00000, 0x000000008be00000, 0x000000008be00000|100%| O|  |TAMS 0x000000008bd00000| PB 0x000000008bd00000| Untracked 
| 190|0x000000008be00000, 0x000000008bf00000, 0x000000008bf00000|100%| O|  |TAMS 0x000000008be00000| PB 0x000000008be00000| Untracked 
| 191|0x000000008bf00000, 0x000000008c000000, 0x000000008c000000|100%| O|  |TAMS 0x000000008bf00000| PB 0x000000008bf00000| Untracked 
| 192|0x000000008c000000, 0x000000008c100000, 0x000000008c100000|100%| O|  |TAMS 0x000000008c000000| PB 0x000000008c000000| Untracked 
| 193|0x000000008c100000, 0x000000008c200000, 0x000000008c200000|100%| O|  |TAMS 0x000000008c100000| PB 0x000000008c100000| Untracked 
| 194|0x000000008c200000, 0x000000008c300000, 0x000000008c300000|100%| O|  |TAMS 0x000000008c200000| PB 0x000000008c200000| Untracked 
| 195|0x000000008c300000, 0x000000008c400000, 0x000000008c400000|100%| O|  |TAMS 0x000000008c300000| PB 0x000000008c300000| Untracked 
| 196|0x000000008c400000, 0x000000008c500000, 0x000000008c500000|100%| O|  |TAMS 0x000000008c400000| PB 0x000000008c400000| Untracked 
| 197|0x000000008c500000, 0x000000008c600000, 0x000000008c600000|100%| O|  |TAMS 0x000000008c500000| PB 0x000000008c500000| Untracked 
| 198|0x000000008c600000, 0x000000008c700000, 0x000000008c700000|100%| O|  |TAMS 0x000000008c600000| PB 0x000000008c600000| Untracked 
| 199|0x000000008c700000, 0x000000008c800000, 0x000000008c800000|100%| O|  |TAMS 0x000000008c700000| PB 0x000000008c700000| Untracked 
| 200|0x000000008c800000, 0x000000008c900000, 0x000000008c900000|100%| O|  |TAMS 0x000000008c800000| PB 0x000000008c800000| Untracked 
| 201|0x000000008c900000, 0x000000008ca00000, 0x000000008ca00000|100%| O|  |TAMS 0x000000008c900000| PB 0x000000008c900000| Untracked 
| 202|0x000000008ca00000, 0x000000008cb00000, 0x000000008cb00000|100%| O|  |TAMS 0x000000008ca00000| PB 0x000000008ca00000| Untracked 
| 203|0x000000008cb00000, 0x000000008cc00000, 0x000000008cc00000|100%| O|  |TAMS 0x000000008cb00000| PB 0x000000008cb00000| Untracked 
| 204|0x000000008cc00000, 0x000000008cd00000, 0x000000008cd00000|100%| O|  |TAMS 0x000000008cc00000| PB 0x000000008cc00000| Untracked 
| 205|0x000000008cd00000, 0x000000008ce00000, 0x000000008ce00000|100%| O|  |TAMS 0x000000008cd00000| PB 0x000000008cd00000| Untracked 
| 206|0x000000008ce00000, 0x000000008cf00000, 0x000000008cf00000|100%| O|  |TAMS 0x000000008ce00000| PB 0x000000008ce00000| Untracked 
| 207|0x000000008cf00000, 0x000000008d000000, 0x000000008d000000|100%| O|  |TAMS 0x000000008cf00000| PB 0x000000008cf00000| Untracked 
| 208|0x000000008d000000, 0x000000008d100000, 0x000000008d100000|100%| O|  |TAMS 0x000000008d000000| PB 0x000000008d000000| Untracked 
| 209|0x000000008d100000, 0x000000008d200000, 0x000000008d200000|100%| O|  |TAMS 0x000000008d100000| PB 0x000000008d100000| Untracked 
| 210|0x000000008d200000, 0x000000008d300000, 0x000000008d300000|100%| O|  |TAMS 0x000000008d200000| PB 0x000000008d200000| Untracked 
| 211|0x000000008d300000, 0x000000008d400000, 0x000000008d400000|100%| O|  |TAMS 0x000000008d300000| PB 0x000000008d300000| Untracked 
| 212|0x000000008d400000, 0x000000008d500000, 0x000000008d500000|100%| O|  |TAMS 0x000000008d400000| PB 0x000000008d400000| Untracked 
| 213|0x000000008d500000, 0x000000008d500000, 0x000000008d600000|  0%| F|  |TAMS 0x000000008d500000| PB 0x000000008d500000| Untracked 
| 214|0x000000008d600000, 0x000000008d700000, 0x000000008d700000|100%| O|  |TAMS 0x000000008d600000| PB 0x000000008d600000| Untracked 
| 215|0x000000008d700000, 0x000000008d800000, 0x000000008d800000|100%| O|  |TAMS 0x000000008d700000| PB 0x000000008d700000| Untracked 
| 216|0x000000008d800000, 0x000000008d900000, 0x000000008d900000|100%| O|  |TAMS 0x000000008d800000| PB 0x000000008d800000| Untracked 
| 217|0x000000008d900000, 0x000000008da00000, 0x000000008da00000|100%| O|  |TAMS 0x000000008d900000| PB 0x000000008d900000| Untracked 
| 218|0x000000008da00000, 0x000000008db00000, 0x000000008db00000|100%| O|  |TAMS 0x000000008da00000| PB 0x000000008da00000| Untracked 
| 219|0x000000008db00000, 0x000000008dc00000, 0x000000008dc00000|100%| O|  |TAMS 0x000000008db00000| PB 0x000000008db00000| Untracked 
| 220|0x000000008dc00000, 0x000000008dd00000, 0x000000008dd00000|100%| O|  |TAMS 0x000000008dc00000| PB 0x000000008dc00000| Untracked 
| 221|0x000000008dd00000, 0x000000008de00000, 0x000000008de00000|100%|HS|  |TAMS 0x000000008dd00000| PB 0x000000008dd00000| Complete 
| 222|0x000000008de00000, 0x000000008df00000, 0x000000008df00000|100%|HC|  |TAMS 0x000000008de00000| PB 0x000000008de00000| Complete 
| 223|0x000000008df00000, 0x000000008e000000, 0x000000008e000000|100%|HC|  |TAMS 0x000000008df00000| PB 0x000000008df00000| Complete 
| 224|0x000000008e000000, 0x000000008e100000, 0x000000008e100000|100%| O|  |TAMS 0x000000008e000000| PB 0x000000008e000000| Untracked 
| 225|0x000000008e100000, 0x000000008e200000, 0x000000008e200000|100%| O|  |TAMS 0x000000008e100000| PB 0x000000008e100000| Untracked 
| 226|0x000000008e200000, 0x000000008e300000, 0x000000008e300000|100%| O|  |TAMS 0x000000008e200000| PB 0x000000008e200000| Untracked 
| 227|0x000000008e300000, 0x000000008e33e628, 0x000000008e400000| 24%| O|  |TAMS 0x000000008e300000| PB 0x000000008e300000| Untracked 
| 228|0x000000008e400000, 0x000000008e400000, 0x000000008e500000|  0%| F|  |TAMS 0x000000008e400000| PB 0x000000008e400000| Untracked 
| 229|0x000000008e500000, 0x000000008e500000, 0x000000008e600000|  0%| F|  |TAMS 0x000000008e500000| PB 0x000000008e500000| Untracked 
| 230|0x000000008e600000, 0x000000008e600000, 0x000000008e700000|  0%| F|  |TAMS 0x000000008e600000| PB 0x000000008e600000| Untracked 
| 231|0x000000008e700000, 0x000000008e700000, 0x000000008e800000|  0%| F|  |TAMS 0x000000008e700000| PB 0x000000008e700000| Untracked 
| 232|0x000000008e800000, 0x000000008e800000, 0x000000008e900000|  0%| F|  |TAMS 0x000000008e800000| PB 0x000000008e800000| Untracked 
| 233|0x000000008e900000, 0x000000008e900000, 0x000000008ea00000|  0%| F|  |TAMS 0x000000008e900000| PB 0x000000008e900000| Untracked 
| 234|0x000000008ea00000, 0x000000008eb00000, 0x000000008eb00000|100%| O|  |TAMS 0x000000008ea00000| PB 0x000000008ea00000| Untracked 
| 235|0x000000008eb00000, 0x000000008eb00000, 0x000000008ec00000|  0%| F|  |TAMS 0x000000008eb00000| PB 0x000000008eb00000| Untracked 
| 236|0x000000008ec00000, 0x000000008ec00000, 0x000000008ed00000|  0%| F|  |TAMS 0x000000008ec00000| PB 0x000000008ec00000| Untracked 
| 237|0x000000008ed00000, 0x000000008ed00000, 0x000000008ee00000|  0%| F|  |TAMS 0x000000008ed00000| PB 0x000000008ed00000| Untracked 
| 238|0x000000008ee00000, 0x000000008ee00000, 0x000000008ef00000|  0%| F|  |TAMS 0x000000008ee00000| PB 0x000000008ee00000| Untracked 
| 239|0x000000008ef00000, 0x000000008ef00000, 0x000000008f000000|  0%| F|  |TAMS 0x000000008ef00000| PB 0x000000008ef00000| Untracked 
| 240|0x000000008f000000, 0x000000008f000000, 0x000000008f100000|  0%| F|  |TAMS 0x000000008f000000| PB 0x000000008f000000| Untracked 
| 241|0x000000008f100000, 0x000000008f200000, 0x000000008f200000|100%| O|  |TAMS 0x000000008f100000| PB 0x000000008f100000| Untracked 
| 242|0x000000008f200000, 0x000000008f200000, 0x000000008f300000|  0%| F|  |TAMS 0x000000008f200000| PB 0x000000008f200000| Untracked 
| 243|0x000000008f300000, 0x000000008f400000, 0x000000008f400000|100%| O|  |TAMS 0x000000008f300000| PB 0x000000008f300000| Untracked 
| 244|0x000000008f400000, 0x000000008f400000, 0x000000008f500000|  0%| F|  |TAMS 0x000000008f400000| PB 0x000000008f400000| Untracked 
| 245|0x000000008f500000, 0x000000008f500000, 0x000000008f600000|  0%| F|  |TAMS 0x000000008f500000| PB 0x000000008f500000| Untracked 
| 246|0x000000008f600000, 0x000000008f600000, 0x000000008f700000|  0%| F|  |TAMS 0x000000008f600000| PB 0x000000008f600000| Untracked 
| 247|0x000000008f700000, 0x000000008f700000, 0x000000008f800000|  0%| F|  |TAMS 0x000000008f700000| PB 0x000000008f700000| Untracked 
| 248|0x000000008f800000, 0x000000008f800000, 0x000000008f900000|  0%| F|  |TAMS 0x000000008f800000| PB 0x000000008f800000| Untracked 
| 249|0x000000008f900000, 0x000000008f900000, 0x000000008fa00000|  0%| F|  |TAMS 0x000000008f900000| PB 0x000000008f900000| Untracked 
| 250|0x000000008fa00000, 0x000000008fa00000, 0x000000008fb00000|  0%| F|  |TAMS 0x000000008fa00000| PB 0x000000008fa00000| Untracked 
| 251|0x000000008fb00000, 0x000000008fb00000, 0x000000008fc00000|  0%| F|  |TAMS 0x000000008fb00000| PB 0x000000008fb00000| Untracked 
| 252|0x000000008fc00000, 0x000000008fc00000, 0x000000008fd00000|  0%| F|  |TAMS 0x000000008fc00000| PB 0x000000008fc00000| Untracked 
| 253|0x000000008fd00000, 0x000000008fd00000, 0x000000008fe00000|  0%| F|  |TAMS 0x000000008fd00000| PB 0x000000008fd00000| Untracked 
| 254|0x000000008fe00000, 0x000000008ff00000, 0x000000008ff00000|100%| O|  |TAMS 0x000000008fe00000| PB 0x000000008fe00000| Untracked 
| 255|0x000000008ff00000, 0x000000008ff00000, 0x0000000090000000|  0%| F|  |TAMS 0x000000008ff00000| PB 0x000000008ff00000| Untracked 
| 256|0x0000000090000000, 0x0000000090000000, 0x0000000090100000|  0%| F|  |TAMS 0x0000000090000000| PB 0x0000000090000000| Untracked 
| 257|0x0000000090100000, 0x0000000090100000, 0x0000000090200000|  0%| F|  |TAMS 0x0000000090100000| PB 0x0000000090100000| Untracked 
| 258|0x0000000090200000, 0x0000000090200000, 0x0000000090300000|  0%| F|  |TAMS 0x0000000090200000| PB 0x0000000090200000| Untracked 
| 259|0x0000000090300000, 0x0000000090300000, 0x0000000090400000|  0%| F|  |TAMS 0x0000000090300000| PB 0x0000000090300000| Untracked 
| 260|0x0000000090400000, 0x0000000090500000, 0x0000000090500000|100%| O|  |TAMS 0x0000000090400000| PB 0x0000000090400000| Untracked 
| 261|0x0000000090500000, 0x0000000090600000, 0x0000000090600000|100%| O|  |TAMS 0x0000000090500000| PB 0x0000000090500000| Untracked 
| 262|0x0000000090600000, 0x0000000090600000, 0x0000000090700000|  0%| F|  |TAMS 0x0000000090600000| PB 0x0000000090600000| Untracked 
| 263|0x0000000090700000, 0x0000000090700000, 0x0000000090800000|  0%| F|  |TAMS 0x0000000090700000| PB 0x0000000090700000| Untracked 
| 264|0x0000000090800000, 0x0000000090800000, 0x0000000090900000|  0%| F|  |TAMS 0x0000000090800000| PB 0x0000000090800000| Untracked 
| 265|0x0000000090900000, 0x0000000090a00000, 0x0000000090a00000|100%| O|  |TAMS 0x0000000090900000| PB 0x0000000090900000| Untracked 
| 266|0x0000000090a00000, 0x0000000090a00000, 0x0000000090b00000|  0%| F|  |TAMS 0x0000000090a00000| PB 0x0000000090a00000| Untracked 
| 267|0x0000000090b00000, 0x0000000090b00000, 0x0000000090c00000|  0%| F|  |TAMS 0x0000000090b00000| PB 0x0000000090b00000| Untracked 
| 268|0x0000000090c00000, 0x0000000090c00000, 0x0000000090d00000|  0%| F|  |TAMS 0x0000000090c00000| PB 0x0000000090c00000| Untracked 
| 269|0x0000000090d00000, 0x0000000090d00000, 0x0000000090e00000|  0%| F|  |TAMS 0x0000000090d00000| PB 0x0000000090d00000| Untracked 
| 270|0x0000000090e00000, 0x0000000090e00000, 0x0000000090f00000|  0%| F|  |TAMS 0x0000000090e00000| PB 0x0000000090e00000| Untracked 
| 271|0x0000000090f00000, 0x0000000090f00000, 0x0000000091000000|  0%| F|  |TAMS 0x0000000090f00000| PB 0x0000000090f00000| Untracked 
| 272|0x0000000091000000, 0x0000000091000000, 0x0000000091100000|  0%| F|  |TAMS 0x0000000091000000| PB 0x0000000091000000| Untracked 
| 273|0x0000000091100000, 0x0000000091200000, 0x0000000091200000|100%| O|  |TAMS 0x0000000091100000| PB 0x0000000091100000| Untracked 
| 274|0x0000000091200000, 0x0000000091200000, 0x0000000091300000|  0%| F|  |TAMS 0x0000000091200000| PB 0x0000000091200000| Untracked 
| 275|0x0000000091300000, 0x0000000091300000, 0x0000000091400000|  0%| F|  |TAMS 0x0000000091300000| PB 0x0000000091300000| Untracked 
| 276|0x0000000091400000, 0x0000000091400000, 0x0000000091500000|  0%| F|  |TAMS 0x0000000091400000| PB 0x0000000091400000| Untracked 
| 277|0x0000000091500000, 0x0000000091600000, 0x0000000091600000|100%| O|  |TAMS 0x0000000091500000| PB 0x0000000091500000| Untracked 
| 278|0x0000000091600000, 0x0000000091600000, 0x0000000091700000|  0%| F|  |TAMS 0x0000000091600000| PB 0x0000000091600000| Untracked 
| 279|0x0000000091700000, 0x0000000091700000, 0x0000000091800000|  0%| F|  |TAMS 0x0000000091700000| PB 0x0000000091700000| Untracked 
| 280|0x0000000091800000, 0x0000000091800000, 0x0000000091900000|  0%| F|  |TAMS 0x0000000091800000| PB 0x0000000091800000| Untracked 
| 281|0x0000000091900000, 0x0000000091900000, 0x0000000091a00000|  0%| F|  |TAMS 0x0000000091900000| PB 0x0000000091900000| Untracked 
| 282|0x0000000091a00000, 0x0000000091a00000, 0x0000000091b00000|  0%| F|  |TAMS 0x0000000091a00000| PB 0x0000000091a00000| Untracked 
| 283|0x0000000091b00000, 0x0000000091b00000, 0x0000000091c00000|  0%| F|  |TAMS 0x0000000091b00000| PB 0x0000000091b00000| Untracked 
| 284|0x0000000091c00000, 0x0000000091c00000, 0x0000000091d00000|  0%| F|  |TAMS 0x0000000091c00000| PB 0x0000000091c00000| Untracked 
| 285|0x0000000091d00000, 0x0000000091d00000, 0x0000000091e00000|  0%| F|  |TAMS 0x0000000091d00000| PB 0x0000000091d00000| Untracked 
| 286|0x0000000091e00000, 0x0000000091e00000, 0x0000000091f00000|  0%| F|  |TAMS 0x0000000091e00000| PB 0x0000000091e00000| Untracked 
| 287|0x0000000091f00000, 0x0000000091f00000, 0x0000000092000000|  0%| F|  |TAMS 0x0000000091f00000| PB 0x0000000091f00000| Untracked 
| 288|0x0000000092000000, 0x0000000092000000, 0x0000000092100000|  0%| F|  |TAMS 0x0000000092000000| PB 0x0000000092000000| Untracked 
| 289|0x0000000092100000, 0x0000000092100000, 0x0000000092200000|  0%| F|  |TAMS 0x0000000092100000| PB 0x0000000092100000| Untracked 
| 290|0x0000000092200000, 0x0000000092200000, 0x0000000092300000|  0%| F|  |TAMS 0x0000000092200000| PB 0x0000000092200000| Untracked 
| 291|0x0000000092300000, 0x0000000092300000, 0x0000000092400000|  0%| F|  |TAMS 0x0000000092300000| PB 0x0000000092300000| Untracked 
| 292|0x0000000092400000, 0x0000000092400000, 0x0000000092500000|  0%| F|  |TAMS 0x0000000092400000| PB 0x0000000092400000| Untracked 
| 293|0x0000000092500000, 0x0000000092500000, 0x0000000092600000|  0%| F|  |TAMS 0x0000000092500000| PB 0x0000000092500000| Untracked 
| 294|0x0000000092600000, 0x0000000092600000, 0x0000000092700000|  0%| F|  |TAMS 0x0000000092600000| PB 0x0000000092600000| Untracked 
| 295|0x0000000092700000, 0x0000000092700000, 0x0000000092800000|  0%| F|  |TAMS 0x0000000092700000| PB 0x0000000092700000| Untracked 
| 296|0x0000000092800000, 0x0000000092800000, 0x0000000092900000|  0%| F|  |TAMS 0x0000000092800000| PB 0x0000000092800000| Untracked 
| 297|0x0000000092900000, 0x0000000092900000, 0x0000000092a00000|  0%| F|  |TAMS 0x0000000092900000| PB 0x0000000092900000| Untracked 
| 298|0x0000000092a00000, 0x0000000092a00000, 0x0000000092b00000|  0%| F|  |TAMS 0x0000000092a00000| PB 0x0000000092a00000| Untracked 
| 299|0x0000000092b00000, 0x0000000092b00000, 0x0000000092c00000|  0%| F|  |TAMS 0x0000000092b00000| PB 0x0000000092b00000| Untracked 
| 300|0x0000000092c00000, 0x0000000092c00000, 0x0000000092d00000|  0%| F|  |TAMS 0x0000000092c00000| PB 0x0000000092c00000| Untracked 
| 301|0x0000000092d00000, 0x0000000092d00000, 0x0000000092e00000|  0%| F|  |TAMS 0x0000000092d00000| PB 0x0000000092d00000| Untracked 
| 302|0x0000000092e00000, 0x0000000092e00000, 0x0000000092f00000|  0%| F|  |TAMS 0x0000000092e00000| PB 0x0000000092e00000| Untracked 
| 303|0x0000000092f00000, 0x0000000092f00000, 0x0000000093000000|  0%| F|  |TAMS 0x0000000092f00000| PB 0x0000000092f00000| Untracked 
| 304|0x0000000093000000, 0x0000000093000000, 0x0000000093100000|  0%| F|  |TAMS 0x0000000093000000| PB 0x0000000093000000| Untracked 
| 305|0x0000000093100000, 0x0000000093100000, 0x0000000093200000|  0%| F|  |TAMS 0x0000000093100000| PB 0x0000000093100000| Untracked 
| 306|0x0000000093200000, 0x0000000093200000, 0x0000000093300000|  0%| F|  |TAMS 0x0000000093200000| PB 0x0000000093200000| Untracked 
| 307|0x0000000093300000, 0x0000000093300000, 0x0000000093400000|  0%| F|  |TAMS 0x0000000093300000| PB 0x0000000093300000| Untracked 
| 308|0x0000000093400000, 0x0000000093400000, 0x0000000093500000|  0%| F|  |TAMS 0x0000000093400000| PB 0x0000000093400000| Untracked 
| 309|0x0000000093500000, 0x0000000093500000, 0x0000000093600000|  0%| F|  |TAMS 0x0000000093500000| PB 0x0000000093500000| Untracked 
| 310|0x0000000093600000, 0x0000000093600000, 0x0000000093700000|  0%| F|  |TAMS 0x0000000093600000| PB 0x0000000093600000| Untracked 
| 311|0x0000000093700000, 0x0000000093700000, 0x0000000093800000|  0%| F|  |TAMS 0x0000000093700000| PB 0x0000000093700000| Untracked 
| 312|0x0000000093800000, 0x0000000093800000, 0x0000000093900000|  0%| F|  |TAMS 0x0000000093800000| PB 0x0000000093800000| Untracked 
| 313|0x0000000093900000, 0x0000000093900000, 0x0000000093a00000|  0%| F|  |TAMS 0x0000000093900000| PB 0x0000000093900000| Untracked 
| 314|0x0000000093a00000, 0x0000000093a00000, 0x0000000093b00000|  0%| F|  |TAMS 0x0000000093a00000| PB 0x0000000093a00000| Untracked 
| 315|0x0000000093b00000, 0x0000000093b00000, 0x0000000093c00000|  0%| F|  |TAMS 0x0000000093b00000| PB 0x0000000093b00000| Untracked 
| 316|0x0000000093c00000, 0x0000000093c00000, 0x0000000093d00000|  0%| F|  |TAMS 0x0000000093c00000| PB 0x0000000093c00000| Untracked 
| 317|0x0000000093d00000, 0x0000000093d00000, 0x0000000093e00000|  0%| F|  |TAMS 0x0000000093d00000| PB 0x0000000093d00000| Untracked 
| 318|0x0000000093e00000, 0x0000000093e00000, 0x0000000093f00000|  0%| F|  |TAMS 0x0000000093e00000| PB 0x0000000093e00000| Untracked 
| 319|0x0000000093f00000, 0x0000000093f00000, 0x0000000094000000|  0%| F|  |TAMS 0x0000000093f00000| PB 0x0000000093f00000| Untracked 
| 320|0x0000000094000000, 0x0000000094000000, 0x0000000094100000|  0%| F|  |TAMS 0x0000000094000000| PB 0x0000000094000000| Untracked 
| 321|0x0000000094100000, 0x0000000094100000, 0x0000000094200000|  0%| F|  |TAMS 0x0000000094100000| PB 0x0000000094100000| Untracked 
| 322|0x0000000094200000, 0x0000000094200000, 0x0000000094300000|  0%| F|  |TAMS 0x0000000094200000| PB 0x0000000094200000| Untracked 
| 323|0x0000000094300000, 0x0000000094300000, 0x0000000094400000|  0%| F|  |TAMS 0x0000000094300000| PB 0x0000000094300000| Untracked 
| 324|0x0000000094400000, 0x0000000094400000, 0x0000000094500000|  0%| F|  |TAMS 0x0000000094400000| PB 0x0000000094400000| Untracked 
| 325|0x0000000094500000, 0x0000000094500000, 0x0000000094600000|  0%| F|  |TAMS 0x0000000094500000| PB 0x0000000094500000| Untracked 
| 326|0x0000000094600000, 0x0000000094600000, 0x0000000094700000|  0%| F|  |TAMS 0x0000000094600000| PB 0x0000000094600000| Untracked 
| 327|0x0000000094700000, 0x0000000094700000, 0x0000000094800000|  0%| F|  |TAMS 0x0000000094700000| PB 0x0000000094700000| Untracked 
| 328|0x0000000094800000, 0x0000000094800000, 0x0000000094900000|  0%| F|  |TAMS 0x0000000094800000| PB 0x0000000094800000| Untracked 
| 329|0x0000000094900000, 0x0000000094900000, 0x0000000094a00000|  0%| F|  |TAMS 0x0000000094900000| PB 0x0000000094900000| Untracked 
| 330|0x0000000094a00000, 0x0000000094a00000, 0x0000000094b00000|  0%| F|  |TAMS 0x0000000094a00000| PB 0x0000000094a00000| Untracked 
| 331|0x0000000094b00000, 0x0000000094b00000, 0x0000000094c00000|  0%| F|  |TAMS 0x0000000094b00000| PB 0x0000000094b00000| Untracked 
| 332|0x0000000094c00000, 0x0000000094c00000, 0x0000000094d00000|  0%| F|  |TAMS 0x0000000094c00000| PB 0x0000000094c00000| Untracked 
| 333|0x0000000094d00000, 0x0000000094d00000, 0x0000000094e00000|  0%| F|  |TAMS 0x0000000094d00000| PB 0x0000000094d00000| Untracked 
| 334|0x0000000094e00000, 0x0000000094e00000, 0x0000000094f00000|  0%| F|  |TAMS 0x0000000094e00000| PB 0x0000000094e00000| Untracked 
| 335|0x0000000094f00000, 0x0000000094f00000, 0x0000000095000000|  0%| F|  |TAMS 0x0000000094f00000| PB 0x0000000094f00000| Untracked 
| 336|0x0000000095000000, 0x0000000095000000, 0x0000000095100000|  0%| F|  |TAMS 0x0000000095000000| PB 0x0000000095000000| Untracked 
| 337|0x0000000095100000, 0x0000000095100000, 0x0000000095200000|  0%| F|  |TAMS 0x0000000095100000| PB 0x0000000095100000| Untracked 
| 338|0x0000000095200000, 0x0000000095200000, 0x0000000095300000|  0%| F|  |TAMS 0x0000000095200000| PB 0x0000000095200000| Untracked 
| 339|0x0000000095300000, 0x0000000095300000, 0x0000000095400000|  0%| F|  |TAMS 0x0000000095300000| PB 0x0000000095300000| Untracked 
| 340|0x0000000095400000, 0x0000000095400000, 0x0000000095500000|  0%| F|  |TAMS 0x0000000095400000| PB 0x0000000095400000| Untracked 
| 341|0x0000000095500000, 0x0000000095500000, 0x0000000095600000|  0%| F|  |TAMS 0x0000000095500000| PB 0x0000000095500000| Untracked 
| 342|0x0000000095600000, 0x0000000095600000, 0x0000000095700000|  0%| F|  |TAMS 0x0000000095600000| PB 0x0000000095600000| Untracked 
| 343|0x0000000095700000, 0x0000000095700000, 0x0000000095800000|  0%| F|  |TAMS 0x0000000095700000| PB 0x0000000095700000| Untracked 
| 344|0x0000000095800000, 0x0000000095800000, 0x0000000095900000|  0%| F|  |TAMS 0x0000000095800000| PB 0x0000000095800000| Untracked 
| 345|0x0000000095900000, 0x0000000095900000, 0x0000000095a00000|  0%| F|  |TAMS 0x0000000095900000| PB 0x0000000095900000| Untracked 
| 346|0x0000000095a00000, 0x0000000095a00000, 0x0000000095b00000|  0%| F|  |TAMS 0x0000000095a00000| PB 0x0000000095a00000| Untracked 
| 347|0x0000000095b00000, 0x0000000095b00000, 0x0000000095c00000|  0%| F|  |TAMS 0x0000000095b00000| PB 0x0000000095b00000| Untracked 
| 348|0x0000000095c00000, 0x0000000095c00000, 0x0000000095d00000|  0%| F|  |TAMS 0x0000000095c00000| PB 0x0000000095c00000| Untracked 
| 349|0x0000000095d00000, 0x0000000095d00000, 0x0000000095e00000|  0%| F|  |TAMS 0x0000000095d00000| PB 0x0000000095d00000| Untracked 
| 350|0x0000000095e00000, 0x0000000095e00000, 0x0000000095f00000|  0%| F|  |TAMS 0x0000000095e00000| PB 0x0000000095e00000| Untracked 
| 351|0x0000000095f00000, 0x0000000095f00000, 0x0000000096000000|  0%| F|  |TAMS 0x0000000095f00000| PB 0x0000000095f00000| Untracked 
| 352|0x0000000096000000, 0x0000000096000000, 0x0000000096100000|  0%| F|  |TAMS 0x0000000096000000| PB 0x0000000096000000| Untracked 
| 353|0x0000000096100000, 0x0000000096100000, 0x0000000096200000|  0%| F|  |TAMS 0x0000000096100000| PB 0x0000000096100000| Untracked 
| 354|0x0000000096200000, 0x0000000096200000, 0x0000000096300000|  0%| F|  |TAMS 0x0000000096200000| PB 0x0000000096200000| Untracked 
| 355|0x0000000096300000, 0x0000000096300000, 0x0000000096400000|  0%| F|  |TAMS 0x0000000096300000| PB 0x0000000096300000| Untracked 
| 356|0x0000000096400000, 0x0000000096400000, 0x0000000096500000|  0%| F|  |TAMS 0x0000000096400000| PB 0x0000000096400000| Untracked 
| 357|0x0000000096500000, 0x0000000096500000, 0x0000000096600000|  0%| F|  |TAMS 0x0000000096500000| PB 0x0000000096500000| Untracked 
| 358|0x0000000096600000, 0x0000000096600000, 0x0000000096700000|  0%| F|  |TAMS 0x0000000096600000| PB 0x0000000096600000| Untracked 
| 359|0x0000000096700000, 0x0000000096700000, 0x0000000096800000|  0%| F|  |TAMS 0x0000000096700000| PB 0x0000000096700000| Untracked 
| 360|0x0000000096800000, 0x0000000096800000, 0x0000000096900000|  0%| F|  |TAMS 0x0000000096800000| PB 0x0000000096800000| Untracked 
| 361|0x0000000096900000, 0x0000000096900000, 0x0000000096a00000|  0%| F|  |TAMS 0x0000000096900000| PB 0x0000000096900000| Untracked 
| 362|0x0000000096a00000, 0x0000000096a00000, 0x0000000096b00000|  0%| F|  |TAMS 0x0000000096a00000| PB 0x0000000096a00000| Untracked 
| 363|0x0000000096b00000, 0x0000000096b00000, 0x0000000096c00000|  0%| F|  |TAMS 0x0000000096b00000| PB 0x0000000096b00000| Untracked 
| 364|0x0000000096c00000, 0x0000000096c00000, 0x0000000096d00000|  0%| F|  |TAMS 0x0000000096c00000| PB 0x0000000096c00000| Untracked 
| 365|0x0000000096d00000, 0x0000000096d00000, 0x0000000096e00000|  0%| F|  |TAMS 0x0000000096d00000| PB 0x0000000096d00000| Untracked 
| 366|0x0000000096e00000, 0x0000000096e00000, 0x0000000096f00000|  0%| F|  |TAMS 0x0000000096e00000| PB 0x0000000096e00000| Untracked 
| 367|0x0000000096f00000, 0x0000000096f00000, 0x0000000097000000|  0%| F|  |TAMS 0x0000000096f00000| PB 0x0000000096f00000| Untracked 
| 368|0x0000000097000000, 0x0000000097000000, 0x0000000097100000|  0%| F|  |TAMS 0x0000000097000000| PB 0x0000000097000000| Untracked 
| 369|0x0000000097100000, 0x0000000097100000, 0x0000000097200000|  0%| F|  |TAMS 0x0000000097100000| PB 0x0000000097100000| Untracked 
| 370|0x0000000097200000, 0x0000000097200000, 0x0000000097300000|  0%| F|  |TAMS 0x0000000097200000| PB 0x0000000097200000| Untracked 
| 371|0x0000000097300000, 0x0000000097300000, 0x0000000097400000|  0%| F|  |TAMS 0x0000000097300000| PB 0x0000000097300000| Untracked 
| 372|0x0000000097400000, 0x0000000097400000, 0x0000000097500000|  0%| F|  |TAMS 0x0000000097400000| PB 0x0000000097400000| Untracked 
| 373|0x0000000097500000, 0x0000000097500000, 0x0000000097600000|  0%| F|  |TAMS 0x0000000097500000| PB 0x0000000097500000| Untracked 
| 374|0x0000000097600000, 0x0000000097600000, 0x0000000097700000|  0%| F|  |TAMS 0x0000000097600000| PB 0x0000000097600000| Untracked 
| 375|0x0000000097700000, 0x0000000097700000, 0x0000000097800000|  0%| F|  |TAMS 0x0000000097700000| PB 0x0000000097700000| Untracked 
| 376|0x0000000097800000, 0x0000000097800000, 0x0000000097900000|  0%| F|  |TAMS 0x0000000097800000| PB 0x0000000097800000| Untracked 
| 377|0x0000000097900000, 0x0000000097900000, 0x0000000097a00000|  0%| F|  |TAMS 0x0000000097900000| PB 0x0000000097900000| Untracked 
| 378|0x0000000097a00000, 0x0000000097a00000, 0x0000000097b00000|  0%| F|  |TAMS 0x0000000097a00000| PB 0x0000000097a00000| Untracked 
| 379|0x0000000097b00000, 0x0000000097b00000, 0x0000000097c00000|  0%| F|  |TAMS 0x0000000097b00000| PB 0x0000000097b00000| Untracked 
| 380|0x0000000097c00000, 0x0000000097c00000, 0x0000000097d00000|  0%| F|  |TAMS 0x0000000097c00000| PB 0x0000000097c00000| Untracked 
| 381|0x0000000097d00000, 0x0000000097d00000, 0x0000000097e00000|  0%| F|  |TAMS 0x0000000097d00000| PB 0x0000000097d00000| Untracked 
| 382|0x0000000097e00000, 0x0000000097e00000, 0x0000000097f00000|  0%| F|  |TAMS 0x0000000097e00000| PB 0x0000000097e00000| Untracked 
| 383|0x0000000097f00000, 0x0000000097f00000, 0x0000000098000000|  0%| F|  |TAMS 0x0000000097f00000| PB 0x0000000097f00000| Untracked 
| 384|0x0000000098000000, 0x0000000098000000, 0x0000000098100000|  0%| F|  |TAMS 0x0000000098000000| PB 0x0000000098000000| Untracked 
| 385|0x0000000098100000, 0x0000000098100000, 0x0000000098200000|  0%| F|  |TAMS 0x0000000098100000| PB 0x0000000098100000| Untracked 
| 386|0x0000000098200000, 0x0000000098200000, 0x0000000098300000|  0%| F|  |TAMS 0x0000000098200000| PB 0x0000000098200000| Untracked 
| 387|0x0000000098300000, 0x0000000098300000, 0x0000000098400000|  0%| F|  |TAMS 0x0000000098300000| PB 0x0000000098300000| Untracked 
| 388|0x0000000098400000, 0x0000000098400000, 0x0000000098500000|  0%| F|  |TAMS 0x0000000098400000| PB 0x0000000098400000| Untracked 
| 389|0x0000000098500000, 0x0000000098500000, 0x0000000098600000|  0%| F|  |TAMS 0x0000000098500000| PB 0x0000000098500000| Untracked 
| 390|0x0000000098600000, 0x0000000098600000, 0x0000000098700000|  0%| F|  |TAMS 0x0000000098600000| PB 0x0000000098600000| Untracked 
| 391|0x0000000098700000, 0x0000000098700000, 0x0000000098800000|  0%| F|  |TAMS 0x0000000098700000| PB 0x0000000098700000| Untracked 
| 392|0x0000000098800000, 0x0000000098800000, 0x0000000098900000|  0%| F|  |TAMS 0x0000000098800000| PB 0x0000000098800000| Untracked 
| 393|0x0000000098900000, 0x0000000098900000, 0x0000000098a00000|  0%| F|  |TAMS 0x0000000098900000| PB 0x0000000098900000| Untracked 
| 394|0x0000000098a00000, 0x0000000098a00000, 0x0000000098b00000|  0%| F|  |TAMS 0x0000000098a00000| PB 0x0000000098a00000| Untracked 
| 395|0x0000000098b00000, 0x0000000098b00000, 0x0000000098c00000|  0%| F|  |TAMS 0x0000000098b00000| PB 0x0000000098b00000| Untracked 
| 396|0x0000000098c00000, 0x0000000098c00000, 0x0000000098d00000|  0%| F|  |TAMS 0x0000000098c00000| PB 0x0000000098c00000| Untracked 
| 397|0x0000000098d00000, 0x0000000098d00000, 0x0000000098e00000|  0%| F|  |TAMS 0x0000000098d00000| PB 0x0000000098d00000| Untracked 
| 398|0x0000000098e00000, 0x0000000098e00000, 0x0000000098f00000|  0%| F|  |TAMS 0x0000000098e00000| PB 0x0000000098e00000| Untracked 
| 399|0x0000000098f00000, 0x0000000098f00000, 0x0000000099000000|  0%| F|  |TAMS 0x0000000098f00000| PB 0x0000000098f00000| Untracked 
| 400|0x0000000099000000, 0x0000000099000000, 0x0000000099100000|  0%| F|  |TAMS 0x0000000099000000| PB 0x0000000099000000| Untracked 
| 401|0x0000000099100000, 0x0000000099100000, 0x0000000099200000|  0%| F|  |TAMS 0x0000000099100000| PB 0x0000000099100000| Untracked 
| 402|0x0000000099200000, 0x0000000099200000, 0x0000000099300000|  0%| F|  |TAMS 0x0000000099200000| PB 0x0000000099200000| Untracked 
| 403|0x0000000099300000, 0x0000000099300000, 0x0000000099400000|  0%| F|  |TAMS 0x0000000099300000| PB 0x0000000099300000| Untracked 
| 404|0x0000000099400000, 0x0000000099400000, 0x0000000099500000|  0%| F|  |TAMS 0x0000000099400000| PB 0x0000000099400000| Untracked 
| 405|0x0000000099500000, 0x0000000099500000, 0x0000000099600000|  0%| F|  |TAMS 0x0000000099500000| PB 0x0000000099500000| Untracked 
| 406|0x0000000099600000, 0x0000000099600000, 0x0000000099700000|  0%| F|  |TAMS 0x0000000099600000| PB 0x0000000099600000| Untracked 
| 407|0x0000000099700000, 0x0000000099700000, 0x0000000099800000|  0%| F|  |TAMS 0x0000000099700000| PB 0x0000000099700000| Untracked 
| 408|0x0000000099800000, 0x0000000099800000, 0x0000000099900000|  0%| F|  |TAMS 0x0000000099800000| PB 0x0000000099800000| Untracked 
| 409|0x0000000099900000, 0x0000000099900000, 0x0000000099a00000|  0%| F|  |TAMS 0x0000000099900000| PB 0x0000000099900000| Untracked 
| 410|0x0000000099a00000, 0x0000000099a00000, 0x0000000099b00000|  0%| F|  |TAMS 0x0000000099a00000| PB 0x0000000099a00000| Untracked 
| 411|0x0000000099b00000, 0x0000000099b00000, 0x0000000099c00000|  0%| F|  |TAMS 0x0000000099b00000| PB 0x0000000099b00000| Untracked 
| 412|0x0000000099c00000, 0x0000000099c00000, 0x0000000099d00000|  0%| F|  |TAMS 0x0000000099c00000| PB 0x0000000099c00000| Untracked 
| 413|0x0000000099d00000, 0x0000000099d00000, 0x0000000099e00000|  0%| F|  |TAMS 0x0000000099d00000| PB 0x0000000099d00000| Untracked 
| 414|0x0000000099e00000, 0x0000000099e00000, 0x0000000099f00000|  0%| F|  |TAMS 0x0000000099e00000| PB 0x0000000099e00000| Untracked 
| 415|0x0000000099f00000, 0x0000000099f00000, 0x000000009a000000|  0%| F|  |TAMS 0x0000000099f00000| PB 0x0000000099f00000| Untracked 
| 416|0x000000009a000000, 0x000000009a000000, 0x000000009a100000|  0%| F|  |TAMS 0x000000009a000000| PB 0x000000009a000000| Untracked 
| 417|0x000000009a100000, 0x000000009a100000, 0x000000009a200000|  0%| F|  |TAMS 0x000000009a100000| PB 0x000000009a100000| Untracked 
| 418|0x000000009a200000, 0x000000009a200000, 0x000000009a300000|  0%| F|  |TAMS 0x000000009a200000| PB 0x000000009a200000| Untracked 
| 419|0x000000009a300000, 0x000000009a300000, 0x000000009a400000|  0%| F|  |TAMS 0x000000009a300000| PB 0x000000009a300000| Untracked 
| 420|0x000000009a400000, 0x000000009a400000, 0x000000009a500000|  0%| F|  |TAMS 0x000000009a400000| PB 0x000000009a400000| Untracked 
| 421|0x000000009a500000, 0x000000009a500000, 0x000000009a600000|  0%| F|  |TAMS 0x000000009a500000| PB 0x000000009a500000| Untracked 
| 422|0x000000009a600000, 0x000000009a600000, 0x000000009a700000|  0%| F|  |TAMS 0x000000009a600000| PB 0x000000009a600000| Untracked 
| 423|0x000000009a700000, 0x000000009a700000, 0x000000009a800000|  0%| F|  |TAMS 0x000000009a700000| PB 0x000000009a700000| Untracked 
| 424|0x000000009a800000, 0x000000009a800000, 0x000000009a900000|  0%| F|  |TAMS 0x000000009a800000| PB 0x000000009a800000| Untracked 
| 425|0x000000009a900000, 0x000000009a900000, 0x000000009aa00000|  0%| F|  |TAMS 0x000000009a900000| PB 0x000000009a900000| Untracked 
| 426|0x000000009aa00000, 0x000000009aa00000, 0x000000009ab00000|  0%| F|  |TAMS 0x000000009aa00000| PB 0x000000009aa00000| Untracked 
| 427|0x000000009ab00000, 0x000000009ab00000, 0x000000009ac00000|  0%| F|  |TAMS 0x000000009ab00000| PB 0x000000009ab00000| Untracked 
| 428|0x000000009ac00000, 0x000000009ac00000, 0x000000009ad00000|  0%| F|  |TAMS 0x000000009ac00000| PB 0x000000009ac00000| Untracked 
| 429|0x000000009ad00000, 0x000000009ad00000, 0x000000009ae00000|  0%| F|  |TAMS 0x000000009ad00000| PB 0x000000009ad00000| Untracked 
| 430|0x000000009ae00000, 0x000000009ae00000, 0x000000009af00000|  0%| F|  |TAMS 0x000000009ae00000| PB 0x000000009ae00000| Untracked 
| 431|0x000000009af00000, 0x000000009af00000, 0x000000009b000000|  0%| F|  |TAMS 0x000000009af00000| PB 0x000000009af00000| Untracked 
| 432|0x000000009b000000, 0x000000009b000000, 0x000000009b100000|  0%| F|  |TAMS 0x000000009b000000| PB 0x000000009b000000| Untracked 
| 433|0x000000009b100000, 0x000000009b100000, 0x000000009b200000|  0%| F|  |TAMS 0x000000009b100000| PB 0x000000009b100000| Untracked 
| 434|0x000000009b200000, 0x000000009b200000, 0x000000009b300000|  0%| F|  |TAMS 0x000000009b200000| PB 0x000000009b200000| Untracked 
| 435|0x000000009b300000, 0x000000009b300000, 0x000000009b400000|  0%| F|  |TAMS 0x000000009b300000| PB 0x000000009b300000| Untracked 
| 436|0x000000009b400000, 0x000000009b400000, 0x000000009b500000|  0%| F|  |TAMS 0x000000009b400000| PB 0x000000009b400000| Untracked 
| 437|0x000000009b500000, 0x000000009b500000, 0x000000009b600000|  0%| F|  |TAMS 0x000000009b500000| PB 0x000000009b500000| Untracked 
| 438|0x000000009b600000, 0x000000009b600000, 0x000000009b700000|  0%| F|  |TAMS 0x000000009b600000| PB 0x000000009b600000| Untracked 
| 439|0x000000009b700000, 0x000000009b700000, 0x000000009b800000|  0%| F|  |TAMS 0x000000009b700000| PB 0x000000009b700000| Untracked 
| 440|0x000000009b800000, 0x000000009b800000, 0x000000009b900000|  0%| F|  |TAMS 0x000000009b800000| PB 0x000000009b800000| Untracked 
| 441|0x000000009b900000, 0x000000009b900000, 0x000000009ba00000|  0%| F|  |TAMS 0x000000009b900000| PB 0x000000009b900000| Untracked 
| 442|0x000000009ba00000, 0x000000009ba00000, 0x000000009bb00000|  0%| F|  |TAMS 0x000000009ba00000| PB 0x000000009ba00000| Untracked 
| 443|0x000000009bb00000, 0x000000009bb00000, 0x000000009bc00000|  0%| F|  |TAMS 0x000000009bb00000| PB 0x000000009bb00000| Untracked 
| 444|0x000000009bc00000, 0x000000009bc00000, 0x000000009bd00000|  0%| F|  |TAMS 0x000000009bc00000| PB 0x000000009bc00000| Untracked 
| 445|0x000000009bd00000, 0x000000009bd00000, 0x000000009be00000|  0%| F|  |TAMS 0x000000009bd00000| PB 0x000000009bd00000| Untracked 
| 446|0x000000009be00000, 0x000000009be00000, 0x000000009bf00000|  0%| F|  |TAMS 0x000000009be00000| PB 0x000000009be00000| Untracked 
| 447|0x000000009bf00000, 0x000000009bf00000, 0x000000009c000000|  0%| F|  |TAMS 0x000000009bf00000| PB 0x000000009bf00000| Untracked 
| 448|0x000000009c000000, 0x000000009c000000, 0x000000009c100000|  0%| F|  |TAMS 0x000000009c000000| PB 0x000000009c000000| Untracked 
| 449|0x000000009c100000, 0x000000009c100000, 0x000000009c200000|  0%| F|  |TAMS 0x000000009c100000| PB 0x000000009c100000| Untracked 
| 450|0x000000009c200000, 0x000000009c200000, 0x000000009c300000|  0%| F|  |TAMS 0x000000009c200000| PB 0x000000009c200000| Untracked 
| 451|0x000000009c300000, 0x000000009c300000, 0x000000009c400000|  0%| F|  |TAMS 0x000000009c300000| PB 0x000000009c300000| Untracked 
| 452|0x000000009c400000, 0x000000009c400000, 0x000000009c500000|  0%| F|  |TAMS 0x000000009c400000| PB 0x000000009c400000| Untracked 
| 453|0x000000009c500000, 0x000000009c500000, 0x000000009c600000|  0%| F|  |TAMS 0x000000009c500000| PB 0x000000009c500000| Untracked 
| 454|0x000000009c600000, 0x000000009c600000, 0x000000009c700000|  0%| F|  |TAMS 0x000000009c600000| PB 0x000000009c600000| Untracked 
| 455|0x000000009c700000, 0x000000009c700000, 0x000000009c800000|  0%| F|  |TAMS 0x000000009c700000| PB 0x000000009c700000| Untracked 
| 456|0x000000009c800000, 0x000000009c800000, 0x000000009c900000|  0%| F|  |TAMS 0x000000009c800000| PB 0x000000009c800000| Untracked 
| 457|0x000000009c900000, 0x000000009c900000, 0x000000009ca00000|  0%| F|  |TAMS 0x000000009c900000| PB 0x000000009c900000| Untracked 
| 458|0x000000009ca00000, 0x000000009ca00000, 0x000000009cb00000|  0%| F|  |TAMS 0x000000009ca00000| PB 0x000000009ca00000| Untracked 
| 459|0x000000009cb00000, 0x000000009cb00000, 0x000000009cc00000|  0%| F|  |TAMS 0x000000009cb00000| PB 0x000000009cb00000| Untracked 
| 460|0x000000009cc00000, 0x000000009cc00000, 0x000000009cd00000|  0%| F|  |TAMS 0x000000009cc00000| PB 0x000000009cc00000| Untracked 
| 461|0x000000009cd00000, 0x000000009cd00000, 0x000000009ce00000|  0%| F|  |TAMS 0x000000009cd00000| PB 0x000000009cd00000| Untracked 
| 462|0x000000009ce00000, 0x000000009ce00000, 0x000000009cf00000|  0%| F|  |TAMS 0x000000009ce00000| PB 0x000000009ce00000| Untracked 
| 463|0x000000009cf00000, 0x000000009cf00000, 0x000000009d000000|  0%| F|  |TAMS 0x000000009cf00000| PB 0x000000009cf00000| Untracked 
| 464|0x000000009d000000, 0x000000009d000000, 0x000000009d100000|  0%| F|  |TAMS 0x000000009d000000| PB 0x000000009d000000| Untracked 
| 465|0x000000009d100000, 0x000000009d100000, 0x000000009d200000|  0%| F|  |TAMS 0x000000009d100000| PB 0x000000009d100000| Untracked 
| 466|0x000000009d200000, 0x000000009d200000, 0x000000009d300000|  0%| F|  |TAMS 0x000000009d200000| PB 0x000000009d200000| Untracked 
| 467|0x000000009d300000, 0x000000009d300000, 0x000000009d400000|  0%| F|  |TAMS 0x000000009d300000| PB 0x000000009d300000| Untracked 
| 468|0x000000009d400000, 0x000000009d400000, 0x000000009d500000|  0%| F|  |TAMS 0x000000009d400000| PB 0x000000009d400000| Untracked 
| 469|0x000000009d500000, 0x000000009d500000, 0x000000009d600000|  0%| F|  |TAMS 0x000000009d500000| PB 0x000000009d500000| Untracked 
| 470|0x000000009d600000, 0x000000009d600000, 0x000000009d700000|  0%| F|  |TAMS 0x000000009d600000| PB 0x000000009d600000| Untracked 
| 471|0x000000009d700000, 0x000000009d700000, 0x000000009d800000|  0%| F|  |TAMS 0x000000009d700000| PB 0x000000009d700000| Untracked 
| 472|0x000000009d800000, 0x000000009d800000, 0x000000009d900000|  0%| F|  |TAMS 0x000000009d800000| PB 0x000000009d800000| Untracked 
| 473|0x000000009d900000, 0x000000009d900000, 0x000000009da00000|  0%| F|  |TAMS 0x000000009d900000| PB 0x000000009d900000| Untracked 
| 474|0x000000009da00000, 0x000000009da00000, 0x000000009db00000|  0%| F|  |TAMS 0x000000009da00000| PB 0x000000009da00000| Untracked 
| 475|0x000000009db00000, 0x000000009db00000, 0x000000009dc00000|  0%| F|  |TAMS 0x000000009db00000| PB 0x000000009db00000| Untracked 
| 476|0x000000009dc00000, 0x000000009dc00000, 0x000000009dd00000|  0%| F|  |TAMS 0x000000009dc00000| PB 0x000000009dc00000| Untracked 
| 477|0x000000009dd00000, 0x000000009dd00000, 0x000000009de00000|  0%| F|  |TAMS 0x000000009dd00000| PB 0x000000009dd00000| Untracked 
| 478|0x000000009de00000, 0x000000009de00000, 0x000000009df00000|  0%| F|  |TAMS 0x000000009de00000| PB 0x000000009de00000| Untracked 
| 479|0x000000009df00000, 0x000000009df00000, 0x000000009e000000|  0%| F|  |TAMS 0x000000009df00000| PB 0x000000009df00000| Untracked 
| 480|0x000000009e000000, 0x000000009e000000, 0x000000009e100000|  0%| F|  |TAMS 0x000000009e000000| PB 0x000000009e000000| Untracked 
| 481|0x000000009e100000, 0x000000009e100000, 0x000000009e200000|  0%| F|  |TAMS 0x000000009e100000| PB 0x000000009e100000| Untracked 
| 482|0x000000009e200000, 0x000000009e200000, 0x000000009e300000|  0%| F|  |TAMS 0x000000009e200000| PB 0x000000009e200000| Untracked 
| 483|0x000000009e300000, 0x000000009e300000, 0x000000009e400000|  0%| F|  |TAMS 0x000000009e300000| PB 0x000000009e300000| Untracked 
| 484|0x000000009e400000, 0x000000009e400000, 0x000000009e500000|  0%| F|  |TAMS 0x000000009e400000| PB 0x000000009e400000| Untracked 
| 485|0x000000009e500000, 0x000000009e500000, 0x000000009e600000|  0%| F|  |TAMS 0x000000009e500000| PB 0x000000009e500000| Untracked 
| 486|0x000000009e600000, 0x000000009e600000, 0x000000009e700000|  0%| F|  |TAMS 0x000000009e600000| PB 0x000000009e600000| Untracked 
| 487|0x000000009e700000, 0x000000009e700000, 0x000000009e800000|  0%| F|  |TAMS 0x000000009e700000| PB 0x000000009e700000| Untracked 
| 488|0x000000009e800000, 0x000000009e800000, 0x000000009e900000|  0%| F|  |TAMS 0x000000009e800000| PB 0x000000009e800000| Untracked 
| 489|0x000000009e900000, 0x000000009e900000, 0x000000009ea00000|  0%| F|  |TAMS 0x000000009e900000| PB 0x000000009e900000| Untracked 
| 490|0x000000009ea00000, 0x000000009ea00000, 0x000000009eb00000|  0%| F|  |TAMS 0x000000009ea00000| PB 0x000000009ea00000| Untracked 
| 491|0x000000009eb00000, 0x000000009eb00000, 0x000000009ec00000|  0%| F|  |TAMS 0x000000009eb00000| PB 0x000000009eb00000| Untracked 
| 492|0x000000009ec00000, 0x000000009ec00000, 0x000000009ed00000|  0%| F|  |TAMS 0x000000009ec00000| PB 0x000000009ec00000| Untracked 
| 493|0x000000009ed00000, 0x000000009ed00000, 0x000000009ee00000|  0%| F|  |TAMS 0x000000009ed00000| PB 0x000000009ed00000| Untracked 
| 494|0x000000009ee00000, 0x000000009ee00000, 0x000000009ef00000|  0%| F|  |TAMS 0x000000009ee00000| PB 0x000000009ee00000| Untracked 
| 495|0x000000009ef00000, 0x000000009ef00000, 0x000000009f000000|  0%| F|  |TAMS 0x000000009ef00000| PB 0x000000009ef00000| Untracked 
| 496|0x000000009f000000, 0x000000009f000000, 0x000000009f100000|  0%| F|  |TAMS 0x000000009f000000| PB 0x000000009f000000| Untracked 
| 497|0x000000009f100000, 0x000000009f100000, 0x000000009f200000|  0%| F|  |TAMS 0x000000009f100000| PB 0x000000009f100000| Untracked 
| 498|0x000000009f200000, 0x000000009f200000, 0x000000009f300000|  0%| F|  |TAMS 0x000000009f200000| PB 0x000000009f200000| Untracked 
| 499|0x000000009f300000, 0x000000009f300000, 0x000000009f400000|  0%| F|  |TAMS 0x000000009f300000| PB 0x000000009f300000| Untracked 
| 500|0x000000009f400000, 0x000000009f400000, 0x000000009f500000|  0%| F|  |TAMS 0x000000009f400000| PB 0x000000009f400000| Untracked 
| 501|0x000000009f500000, 0x000000009f500000, 0x000000009f600000|  0%| F|  |TAMS 0x000000009f500000| PB 0x000000009f500000| Untracked 
| 502|0x000000009f600000, 0x000000009f600000, 0x000000009f700000|  0%| F|  |TAMS 0x000000009f600000| PB 0x000000009f600000| Untracked 
| 503|0x000000009f700000, 0x000000009f700000, 0x000000009f800000|  0%| F|  |TAMS 0x000000009f700000| PB 0x000000009f700000| Untracked 
| 504|0x000000009f800000, 0x000000009f800000, 0x000000009f900000|  0%| F|  |TAMS 0x000000009f800000| PB 0x000000009f800000| Untracked 
| 505|0x000000009f900000, 0x000000009f900000, 0x000000009fa00000|  0%| F|  |TAMS 0x000000009f900000| PB 0x000000009f900000| Untracked 
| 506|0x000000009fa00000, 0x000000009fa00000, 0x000000009fb00000|  0%| F|  |TAMS 0x000000009fa00000| PB 0x000000009fa00000| Untracked 
| 507|0x000000009fb00000, 0x000000009fb00000, 0x000000009fc00000|  0%| F|  |TAMS 0x000000009fb00000| PB 0x000000009fb00000| Untracked 
| 508|0x000000009fc00000, 0x000000009fc00000, 0x000000009fd00000|  0%| F|  |TAMS 0x000000009fc00000| PB 0x000000009fc00000| Untracked 
| 509|0x000000009fd00000, 0x000000009fd00000, 0x000000009fe00000|  0%| F|  |TAMS 0x000000009fd00000| PB 0x000000009fd00000| Untracked 
| 510|0x000000009fe00000, 0x000000009fe00000, 0x000000009ff00000|  0%| F|  |TAMS 0x000000009fe00000| PB 0x000000009fe00000| Untracked 
| 511|0x000000009ff00000, 0x000000009ff00000, 0x00000000a0000000|  0%| F|  |TAMS 0x000000009ff00000| PB 0x000000009ff00000| Untracked 
| 512|0x00000000a0000000, 0x00000000a0000000, 0x00000000a0100000|  0%| F|  |TAMS 0x00000000a0000000| PB 0x00000000a0000000| Untracked 
| 513|0x00000000a0100000, 0x00000000a0100000, 0x00000000a0200000|  0%| F|  |TAMS 0x00000000a0100000| PB 0x00000000a0100000| Untracked 
| 514|0x00000000a0200000, 0x00000000a0200000, 0x00000000a0300000|  0%| F|  |TAMS 0x00000000a0200000| PB 0x00000000a0200000| Untracked 
| 515|0x00000000a0300000, 0x00000000a0300000, 0x00000000a0400000|  0%| F|  |TAMS 0x00000000a0300000| PB 0x00000000a0300000| Untracked 
| 516|0x00000000a0400000, 0x00000000a0400000, 0x00000000a0500000|  0%| F|  |TAMS 0x00000000a0400000| PB 0x00000000a0400000| Untracked 
| 517|0x00000000a0500000, 0x00000000a0500000, 0x00000000a0600000|  0%| F|  |TAMS 0x00000000a0500000| PB 0x00000000a0500000| Untracked 
| 518|0x00000000a0600000, 0x00000000a0600000, 0x00000000a0700000|  0%| F|  |TAMS 0x00000000a0600000| PB 0x00000000a0600000| Untracked 
| 519|0x00000000a0700000, 0x00000000a0700000, 0x00000000a0800000|  0%| F|  |TAMS 0x00000000a0700000| PB 0x00000000a0700000| Untracked 
| 520|0x00000000a0800000, 0x00000000a0800000, 0x00000000a0900000|  0%| F|  |TAMS 0x00000000a0800000| PB 0x00000000a0800000| Untracked 
| 521|0x00000000a0900000, 0x00000000a0900000, 0x00000000a0a00000|  0%| F|  |TAMS 0x00000000a0900000| PB 0x00000000a0900000| Untracked 
| 522|0x00000000a0a00000, 0x00000000a0a00000, 0x00000000a0b00000|  0%| F|  |TAMS 0x00000000a0a00000| PB 0x00000000a0a00000| Untracked 
| 523|0x00000000a0b00000, 0x00000000a0b00000, 0x00000000a0c00000|  0%| F|  |TAMS 0x00000000a0b00000| PB 0x00000000a0b00000| Untracked 
| 524|0x00000000a0c00000, 0x00000000a0c00000, 0x00000000a0d00000|  0%| F|  |TAMS 0x00000000a0c00000| PB 0x00000000a0c00000| Untracked 
| 525|0x00000000a0d00000, 0x00000000a0d00000, 0x00000000a0e00000|  0%| F|  |TAMS 0x00000000a0d00000| PB 0x00000000a0d00000| Untracked 
| 526|0x00000000a0e00000, 0x00000000a0e00000, 0x00000000a0f00000|  0%| F|  |TAMS 0x00000000a0e00000| PB 0x00000000a0e00000| Untracked 
| 527|0x00000000a0f00000, 0x00000000a0f00000, 0x00000000a1000000|  0%| F|  |TAMS 0x00000000a0f00000| PB 0x00000000a0f00000| Untracked 
| 528|0x00000000a1000000, 0x00000000a1000000, 0x00000000a1100000|  0%| F|  |TAMS 0x00000000a1000000| PB 0x00000000a1000000| Untracked 
| 529|0x00000000a1100000, 0x00000000a1100000, 0x00000000a1200000|  0%| F|  |TAMS 0x00000000a1100000| PB 0x00000000a1100000| Untracked 
| 530|0x00000000a1200000, 0x00000000a1200000, 0x00000000a1300000|  0%| F|  |TAMS 0x00000000a1200000| PB 0x00000000a1200000| Untracked 
| 531|0x00000000a1300000, 0x00000000a1300000, 0x00000000a1400000|  0%| F|  |TAMS 0x00000000a1300000| PB 0x00000000a1300000| Untracked 
| 532|0x00000000a1400000, 0x00000000a1400000, 0x00000000a1500000|  0%| F|  |TAMS 0x00000000a1400000| PB 0x00000000a1400000| Untracked 
| 533|0x00000000a1500000, 0x00000000a1500000, 0x00000000a1600000|  0%| F|  |TAMS 0x00000000a1500000| PB 0x00000000a1500000| Untracked 
| 534|0x00000000a1600000, 0x00000000a1600000, 0x00000000a1700000|  0%| F|  |TAMS 0x00000000a1600000| PB 0x00000000a1600000| Untracked 
| 535|0x00000000a1700000, 0x00000000a1700000, 0x00000000a1800000|  0%| F|  |TAMS 0x00000000a1700000| PB 0x00000000a1700000| Untracked 
| 536|0x00000000a1800000, 0x00000000a1800000, 0x00000000a1900000|  0%| F|  |TAMS 0x00000000a1800000| PB 0x00000000a1800000| Untracked 
| 537|0x00000000a1900000, 0x00000000a1900000, 0x00000000a1a00000|  0%| F|  |TAMS 0x00000000a1900000| PB 0x00000000a1900000| Untracked 
| 538|0x00000000a1a00000, 0x00000000a1a00000, 0x00000000a1b00000|  0%| F|  |TAMS 0x00000000a1a00000| PB 0x00000000a1a00000| Untracked 
| 539|0x00000000a1b00000, 0x00000000a1b00000, 0x00000000a1c00000|  0%| F|  |TAMS 0x00000000a1b00000| PB 0x00000000a1b00000| Untracked 
| 540|0x00000000a1c00000, 0x00000000a1c00000, 0x00000000a1d00000|  0%| F|  |TAMS 0x00000000a1c00000| PB 0x00000000a1c00000| Untracked 
| 541|0x00000000a1d00000, 0x00000000a1d00000, 0x00000000a1e00000|  0%| F|  |TAMS 0x00000000a1d00000| PB 0x00000000a1d00000| Untracked 
| 542|0x00000000a1e00000, 0x00000000a1e00000, 0x00000000a1f00000|  0%| F|  |TAMS 0x00000000a1e00000| PB 0x00000000a1e00000| Untracked 
| 543|0x00000000a1f00000, 0x00000000a1f00000, 0x00000000a2000000|  0%| F|  |TAMS 0x00000000a1f00000| PB 0x00000000a1f00000| Untracked 
| 544|0x00000000a2000000, 0x00000000a2000000, 0x00000000a2100000|  0%| F|  |TAMS 0x00000000a2000000| PB 0x00000000a2000000| Untracked 
| 545|0x00000000a2100000, 0x00000000a2100000, 0x00000000a2200000|  0%| F|  |TAMS 0x00000000a2100000| PB 0x00000000a2100000| Untracked 
| 546|0x00000000a2200000, 0x00000000a2200000, 0x00000000a2300000|  0%| F|  |TAMS 0x00000000a2200000| PB 0x00000000a2200000| Untracked 
| 547|0x00000000a2300000, 0x00000000a2300000, 0x00000000a2400000|  0%| F|  |TAMS 0x00000000a2300000| PB 0x00000000a2300000| Untracked 
| 548|0x00000000a2400000, 0x00000000a2400000, 0x00000000a2500000|  0%| F|  |TAMS 0x00000000a2400000| PB 0x00000000a2400000| Untracked 
| 549|0x00000000a2500000, 0x00000000a2500000, 0x00000000a2600000|  0%| F|  |TAMS 0x00000000a2500000| PB 0x00000000a2500000| Untracked 
| 550|0x00000000a2600000, 0x00000000a2600000, 0x00000000a2700000|  0%| F|  |TAMS 0x00000000a2600000| PB 0x00000000a2600000| Untracked 
| 551|0x00000000a2700000, 0x00000000a2700000, 0x00000000a2800000|  0%| F|  |TAMS 0x00000000a2700000| PB 0x00000000a2700000| Untracked 
| 552|0x00000000a2800000, 0x00000000a2800000, 0x00000000a2900000|  0%| F|  |TAMS 0x00000000a2800000| PB 0x00000000a2800000| Untracked 
| 553|0x00000000a2900000, 0x00000000a2900000, 0x00000000a2a00000|  0%| F|  |TAMS 0x00000000a2900000| PB 0x00000000a2900000| Untracked 
| 554|0x00000000a2a00000, 0x00000000a2a00000, 0x00000000a2b00000|  0%| F|  |TAMS 0x00000000a2a00000| PB 0x00000000a2a00000| Untracked 
| 555|0x00000000a2b00000, 0x00000000a2b00000, 0x00000000a2c00000|  0%| F|  |TAMS 0x00000000a2b00000| PB 0x00000000a2b00000| Untracked 
| 556|0x00000000a2c00000, 0x00000000a2c00000, 0x00000000a2d00000|  0%| F|  |TAMS 0x00000000a2c00000| PB 0x00000000a2c00000| Untracked 
| 557|0x00000000a2d00000, 0x00000000a2d00000, 0x00000000a2e00000|  0%| F|  |TAMS 0x00000000a2d00000| PB 0x00000000a2d00000| Untracked 
| 558|0x00000000a2e00000, 0x00000000a2e00000, 0x00000000a2f00000|  0%| F|  |TAMS 0x00000000a2e00000| PB 0x00000000a2e00000| Untracked 
| 559|0x00000000a2f00000, 0x00000000a2f00000, 0x00000000a3000000|  0%| F|  |TAMS 0x00000000a2f00000| PB 0x00000000a2f00000| Untracked 
| 560|0x00000000a3000000, 0x00000000a3000000, 0x00000000a3100000|  0%| F|  |TAMS 0x00000000a3000000| PB 0x00000000a3000000| Untracked 
| 561|0x00000000a3100000, 0x00000000a3100000, 0x00000000a3200000|  0%| F|  |TAMS 0x00000000a3100000| PB 0x00000000a3100000| Untracked 
| 562|0x00000000a3200000, 0x00000000a3200000, 0x00000000a3300000|  0%| F|  |TAMS 0x00000000a3200000| PB 0x00000000a3200000| Untracked 
| 563|0x00000000a3300000, 0x00000000a3300000, 0x00000000a3400000|  0%| F|  |TAMS 0x00000000a3300000| PB 0x00000000a3300000| Untracked 
| 564|0x00000000a3400000, 0x00000000a3400000, 0x00000000a3500000|  0%| F|  |TAMS 0x00000000a3400000| PB 0x00000000a3400000| Untracked 
| 565|0x00000000a3500000, 0x00000000a3500000, 0x00000000a3600000|  0%| F|  |TAMS 0x00000000a3500000| PB 0x00000000a3500000| Untracked 
| 566|0x00000000a3600000, 0x00000000a3600000, 0x00000000a3700000|  0%| F|  |TAMS 0x00000000a3600000| PB 0x00000000a3600000| Untracked 
| 567|0x00000000a3700000, 0x00000000a3700000, 0x00000000a3800000|  0%| F|  |TAMS 0x00000000a3700000| PB 0x00000000a3700000| Untracked 
| 568|0x00000000a3800000, 0x00000000a3800000, 0x00000000a3900000|  0%| F|  |TAMS 0x00000000a3800000| PB 0x00000000a3800000| Untracked 
| 569|0x00000000a3900000, 0x00000000a3900000, 0x00000000a3a00000|  0%| F|  |TAMS 0x00000000a3900000| PB 0x00000000a3900000| Untracked 
| 570|0x00000000a3a00000, 0x00000000a3a00000, 0x00000000a3b00000|  0%| F|  |TAMS 0x00000000a3a00000| PB 0x00000000a3a00000| Untracked 
| 571|0x00000000a3b00000, 0x00000000a3b00000, 0x00000000a3c00000|  0%| F|  |TAMS 0x00000000a3b00000| PB 0x00000000a3b00000| Untracked 
| 572|0x00000000a3c00000, 0x00000000a3c00000, 0x00000000a3d00000|  0%| F|  |TAMS 0x00000000a3c00000| PB 0x00000000a3c00000| Untracked 
| 573|0x00000000a3d00000, 0x00000000a3d00000, 0x00000000a3e00000|  0%| F|  |TAMS 0x00000000a3d00000| PB 0x00000000a3d00000| Untracked 
| 574|0x00000000a3e00000, 0x00000000a3e00000, 0x00000000a3f00000|  0%| F|  |TAMS 0x00000000a3e00000| PB 0x00000000a3e00000| Untracked 
| 575|0x00000000a3f00000, 0x00000000a3f00000, 0x00000000a4000000|  0%| F|  |TAMS 0x00000000a3f00000| PB 0x00000000a3f00000| Untracked 
| 576|0x00000000a4000000, 0x00000000a4000000, 0x00000000a4100000|  0%| F|  |TAMS 0x00000000a4000000| PB 0x00000000a4000000| Untracked 
| 577|0x00000000a4100000, 0x00000000a4100000, 0x00000000a4200000|  0%| F|  |TAMS 0x00000000a4100000| PB 0x00000000a4100000| Untracked 
| 578|0x00000000a4200000, 0x00000000a4200000, 0x00000000a4300000|  0%| F|  |TAMS 0x00000000a4200000| PB 0x00000000a4200000| Untracked 
| 579|0x00000000a4300000, 0x00000000a4300000, 0x00000000a4400000|  0%| F|  |TAMS 0x00000000a4300000| PB 0x00000000a4300000| Untracked 
| 580|0x00000000a4400000, 0x00000000a4400000, 0x00000000a4500000|  0%| F|  |TAMS 0x00000000a4400000| PB 0x00000000a4400000| Untracked 
| 581|0x00000000a4500000, 0x00000000a4500000, 0x00000000a4600000|  0%| F|  |TAMS 0x00000000a4500000| PB 0x00000000a4500000| Untracked 
| 582|0x00000000a4600000, 0x00000000a4600000, 0x00000000a4700000|  0%| F|  |TAMS 0x00000000a4600000| PB 0x00000000a4600000| Untracked 
| 583|0x00000000a4700000, 0x00000000a4700000, 0x00000000a4800000|  0%| F|  |TAMS 0x00000000a4700000| PB 0x00000000a4700000| Untracked 
| 584|0x00000000a4800000, 0x00000000a4800000, 0x00000000a4900000|  0%| F|  |TAMS 0x00000000a4800000| PB 0x00000000a4800000| Untracked 
| 585|0x00000000a4900000, 0x00000000a4900000, 0x00000000a4a00000|  0%| F|  |TAMS 0x00000000a4900000| PB 0x00000000a4900000| Untracked 
| 586|0x00000000a4a00000, 0x00000000a4a00000, 0x00000000a4b00000|  0%| F|  |TAMS 0x00000000a4a00000| PB 0x00000000a4a00000| Untracked 
| 587|0x00000000a4b00000, 0x00000000a4b00000, 0x00000000a4c00000|  0%| F|  |TAMS 0x00000000a4b00000| PB 0x00000000a4b00000| Untracked 
| 588|0x00000000a4c00000, 0x00000000a4c00000, 0x00000000a4d00000|  0%| F|  |TAMS 0x00000000a4c00000| PB 0x00000000a4c00000| Untracked 
| 589|0x00000000a4d00000, 0x00000000a4d00000, 0x00000000a4e00000|  0%| F|  |TAMS 0x00000000a4d00000| PB 0x00000000a4d00000| Untracked 
| 590|0x00000000a4e00000, 0x00000000a4e00000, 0x00000000a4f00000|  0%| F|  |TAMS 0x00000000a4e00000| PB 0x00000000a4e00000| Untracked 
| 591|0x00000000a4f00000, 0x00000000a4f00000, 0x00000000a5000000|  0%| F|  |TAMS 0x00000000a4f00000| PB 0x00000000a4f00000| Untracked 
| 592|0x00000000a5000000, 0x00000000a5000000, 0x00000000a5100000|  0%| F|  |TAMS 0x00000000a5000000| PB 0x00000000a5000000| Untracked 
| 593|0x00000000a5100000, 0x00000000a5100000, 0x00000000a5200000|  0%| F|  |TAMS 0x00000000a5100000| PB 0x00000000a5100000| Untracked 
| 594|0x00000000a5200000, 0x00000000a5200000, 0x00000000a5300000|  0%| F|  |TAMS 0x00000000a5200000| PB 0x00000000a5200000| Untracked 
| 595|0x00000000a5300000, 0x00000000a5300000, 0x00000000a5400000|  0%| F|  |TAMS 0x00000000a5300000| PB 0x00000000a5300000| Untracked 
| 596|0x00000000a5400000, 0x00000000a5400000, 0x00000000a5500000|  0%| F|  |TAMS 0x00000000a5400000| PB 0x00000000a5400000| Untracked 
| 597|0x00000000a5500000, 0x00000000a5500000, 0x00000000a5600000|  0%| F|  |TAMS 0x00000000a5500000| PB 0x00000000a5500000| Untracked 
| 598|0x00000000a5600000, 0x00000000a5600000, 0x00000000a5700000|  0%| F|  |TAMS 0x00000000a5600000| PB 0x00000000a5600000| Untracked 
| 599|0x00000000a5700000, 0x00000000a5700000, 0x00000000a5800000|  0%| F|  |TAMS 0x00000000a5700000| PB 0x00000000a5700000| Untracked 
| 600|0x00000000a5800000, 0x00000000a5800000, 0x00000000a5900000|  0%| F|  |TAMS 0x00000000a5800000| PB 0x00000000a5800000| Untracked 
| 601|0x00000000a5900000, 0x00000000a5900000, 0x00000000a5a00000|  0%| F|  |TAMS 0x00000000a5900000| PB 0x00000000a5900000| Untracked 
| 602|0x00000000a5a00000, 0x00000000a5a00000, 0x00000000a5b00000|  0%| F|  |TAMS 0x00000000a5a00000| PB 0x00000000a5a00000| Untracked 
| 603|0x00000000a5b00000, 0x00000000a5b00000, 0x00000000a5c00000|  0%| F|  |TAMS 0x00000000a5b00000| PB 0x00000000a5b00000| Untracked 
| 604|0x00000000a5c00000, 0x00000000a5c00000, 0x00000000a5d00000|  0%| F|  |TAMS 0x00000000a5c00000| PB 0x00000000a5c00000| Untracked 
| 605|0x00000000a5d00000, 0x00000000a5d00000, 0x00000000a5e00000|  0%| F|  |TAMS 0x00000000a5d00000| PB 0x00000000a5d00000| Untracked 
| 606|0x00000000a5e00000, 0x00000000a5e00000, 0x00000000a5f00000|  0%| F|  |TAMS 0x00000000a5e00000| PB 0x00000000a5e00000| Untracked 
| 607|0x00000000a5f00000, 0x00000000a5f00000, 0x00000000a6000000|  0%| F|  |TAMS 0x00000000a5f00000| PB 0x00000000a5f00000| Untracked 
| 608|0x00000000a6000000, 0x00000000a6000000, 0x00000000a6100000|  0%| F|  |TAMS 0x00000000a6000000| PB 0x00000000a6000000| Untracked 
| 609|0x00000000a6100000, 0x00000000a6100000, 0x00000000a6200000|  0%| F|  |TAMS 0x00000000a6100000| PB 0x00000000a6100000| Untracked 
| 610|0x00000000a6200000, 0x00000000a6200000, 0x00000000a6300000|  0%| F|  |TAMS 0x00000000a6200000| PB 0x00000000a6200000| Untracked 
| 611|0x00000000a6300000, 0x00000000a6300000, 0x00000000a6400000|  0%| F|  |TAMS 0x00000000a6300000| PB 0x00000000a6300000| Untracked 
| 612|0x00000000a6400000, 0x00000000a6400000, 0x00000000a6500000|  0%| F|  |TAMS 0x00000000a6400000| PB 0x00000000a6400000| Untracked 
| 613|0x00000000a6500000, 0x00000000a6500000, 0x00000000a6600000|  0%| F|  |TAMS 0x00000000a6500000| PB 0x00000000a6500000| Untracked 
| 614|0x00000000a6600000, 0x00000000a6600000, 0x00000000a6700000|  0%| F|  |TAMS 0x00000000a6600000| PB 0x00000000a6600000| Untracked 
| 615|0x00000000a6700000, 0x00000000a6700000, 0x00000000a6800000|  0%| F|  |TAMS 0x00000000a6700000| PB 0x00000000a6700000| Untracked 
| 616|0x00000000a6800000, 0x00000000a6800000, 0x00000000a6900000|  0%| F|  |TAMS 0x00000000a6800000| PB 0x00000000a6800000| Untracked 
| 617|0x00000000a6900000, 0x00000000a6a00000, 0x00000000a6a00000|100%| E|CS|TAMS 0x00000000a6900000| PB 0x00000000a6900000| Complete 
| 618|0x00000000a6a00000, 0x00000000a6b00000, 0x00000000a6b00000|100%| E|CS|TAMS 0x00000000a6a00000| PB 0x00000000a6a00000| Complete 
| 619|0x00000000a6b00000, 0x00000000a6c00000, 0x00000000a6c00000|100%| E|CS|TAMS 0x00000000a6b00000| PB 0x00000000a6b00000| Complete 
| 620|0x00000000a6c00000, 0x00000000a6d00000, 0x00000000a6d00000|100%| E|CS|TAMS 0x00000000a6c00000| PB 0x00000000a6c00000| Complete 
| 621|0x00000000a6d00000, 0x00000000a6e00000, 0x00000000a6e00000|100%| E|CS|TAMS 0x00000000a6d00000| PB 0x00000000a6d00000| Complete 
| 622|0x00000000a6e00000, 0x00000000a6f00000, 0x00000000a6f00000|100%| E|CS|TAMS 0x00000000a6e00000| PB 0x00000000a6e00000| Complete 
| 623|0x00000000a6f00000, 0x00000000a7000000, 0x00000000a7000000|100%| E|CS|TAMS 0x00000000a6f00000| PB 0x00000000a6f00000| Complete 
| 624|0x00000000a7000000, 0x00000000a7100000, 0x00000000a7100000|100%| E|CS|TAMS 0x00000000a7000000| PB 0x00000000a7000000| Complete 
| 625|0x00000000a7100000, 0x00000000a7180000, 0x00000000a7200000| 50%| S|CS|TAMS 0x00000000a7100000| PB 0x00000000a7100000| Complete 
| 626|0x00000000a7200000, 0x00000000a7300000, 0x00000000a7300000|100%| S|CS|TAMS 0x00000000a7200000| PB 0x00000000a7200000| Complete 
| 627|0x00000000a7300000, 0x00000000a7400000, 0x00000000a7400000|100%| S|CS|TAMS 0x00000000a7300000| PB 0x00000000a7300000| Complete 
| 628|0x00000000a7400000, 0x00000000a7500000, 0x00000000a7500000|100%| S|CS|TAMS 0x00000000a7400000| PB 0x00000000a7400000| Complete 
| 629|0x00000000a7500000, 0x00000000a7600000, 0x00000000a7600000|100%| S|CS|TAMS 0x00000000a7500000| PB 0x00000000a7500000| Complete 
| 630|0x00000000a7600000, 0x00000000a7700000, 0x00000000a7700000|100%| S|CS|TAMS 0x00000000a7600000| PB 0x00000000a7600000| Complete 
| 631|0x00000000a7700000, 0x00000000a7800000, 0x00000000a7800000|100%| S|CS|TAMS 0x00000000a7700000| PB 0x00000000a7700000| Complete 
| 632|0x00000000a7800000, 0x00000000a7900000, 0x00000000a7900000|100%| S|CS|TAMS 0x00000000a7800000| PB 0x00000000a7800000| Complete 
| 633|0x00000000a7900000, 0x00000000a7a00000, 0x00000000a7a00000|100%| S|CS|TAMS 0x00000000a7900000| PB 0x00000000a7900000| Complete 
| 634|0x00000000a7a00000, 0x00000000a7b00000, 0x00000000a7b00000|100%| S|CS|TAMS 0x00000000a7a00000| PB 0x00000000a7a00000| Complete 
| 635|0x00000000a7b00000, 0x00000000a7c00000, 0x00000000a7c00000|100%| S|CS|TAMS 0x00000000a7b00000| PB 0x00000000a7b00000| Complete 
| 636|0x00000000a7c00000, 0x00000000a7d00000, 0x00000000a7d00000|100%| S|CS|TAMS 0x00000000a7c00000| PB 0x00000000a7c00000| Complete 
| 637|0x00000000a7d00000, 0x00000000a7e00000, 0x00000000a7e00000|100%| S|CS|TAMS 0x00000000a7d00000| PB 0x00000000a7d00000| Complete 
| 638|0x00000000a7e00000, 0x00000000a7f00000, 0x00000000a7f00000|100%| S|CS|TAMS 0x00000000a7e00000| PB 0x00000000a7e00000| Complete 
| 639|0x00000000a7f00000, 0x00000000a8000000, 0x00000000a8000000|100%| S|CS|TAMS 0x00000000a7f00000| PB 0x00000000a7f00000| Complete 
| 640|0x00000000a8000000, 0x00000000a8100000, 0x00000000a8100000|100%| S|CS|TAMS 0x00000000a8000000| PB 0x00000000a8000000| Complete 
| 641|0x00000000a8100000, 0x00000000a8200000, 0x00000000a8200000|100%| S|CS|TAMS 0x00000000a8100000| PB 0x00000000a8100000| Complete 
| 642|0x00000000a8200000, 0x00000000a8300000, 0x00000000a8300000|100%| S|CS|TAMS 0x00000000a8200000| PB 0x00000000a8200000| Complete 
| 643|0x00000000a8300000, 0x00000000a8400000, 0x00000000a8400000|100%| S|CS|TAMS 0x00000000a8300000| PB 0x00000000a8300000| Complete 
| 644|0x00000000a8400000, 0x00000000a8500000, 0x00000000a8500000|100%| S|CS|TAMS 0x00000000a8400000| PB 0x00000000a8400000| Complete 
| 645|0x00000000a8500000, 0x00000000a8600000, 0x00000000a8600000|100%| S|CS|TAMS 0x00000000a8500000| PB 0x00000000a8500000| Complete 
| 646|0x00000000a8600000, 0x00000000a8700000, 0x00000000a8700000|100%| S|CS|TAMS 0x00000000a8600000| PB 0x00000000a8600000| Complete 
| 647|0x00000000a8700000, 0x00000000a8800000, 0x00000000a8800000|100%| S|CS|TAMS 0x00000000a8700000| PB 0x00000000a8700000| Complete 
| 648|0x00000000a8800000, 0x00000000a8900000, 0x00000000a8900000|100%| S|CS|TAMS 0x00000000a8800000| PB 0x00000000a8800000| Complete 
| 649|0x00000000a8900000, 0x00000000a8a00000, 0x00000000a8a00000|100%| S|CS|TAMS 0x00000000a8900000| PB 0x00000000a8900000| Complete 
| 650|0x00000000a8a00000, 0x00000000a8b00000, 0x00000000a8b00000|100%| S|CS|TAMS 0x00000000a8a00000| PB 0x00000000a8a00000| Complete 
| 651|0x00000000a8b00000, 0x00000000a8c00000, 0x00000000a8c00000|100%| S|CS|TAMS 0x00000000a8b00000| PB 0x00000000a8b00000| Complete 
| 652|0x00000000a8c00000, 0x00000000a8d00000, 0x00000000a8d00000|100%| S|CS|TAMS 0x00000000a8c00000| PB 0x00000000a8c00000| Complete 
| 653|0x00000000a8d00000, 0x00000000a8e00000, 0x00000000a8e00000|100%| S|CS|TAMS 0x00000000a8d00000| PB 0x00000000a8d00000| Complete 
| 654|0x00000000a8e00000, 0x00000000a8f00000, 0x00000000a8f00000|100%| S|CS|TAMS 0x00000000a8e00000| PB 0x00000000a8e00000| Complete 
| 655|0x00000000a8f00000, 0x00000000a9000000, 0x00000000a9000000|100%| S|CS|TAMS 0x00000000a8f00000| PB 0x00000000a8f00000| Complete 
| 656|0x00000000a9000000, 0x00000000a9100000, 0x00000000a9100000|100%| S|CS|TAMS 0x00000000a9000000| PB 0x00000000a9000000| Complete 
| 657|0x00000000a9100000, 0x00000000a9200000, 0x00000000a9200000|100%| S|CS|TAMS 0x00000000a9100000| PB 0x00000000a9100000| Complete 
| 658|0x00000000a9200000, 0x00000000a9300000, 0x00000000a9300000|100%| S|CS|TAMS 0x00000000a9200000| PB 0x00000000a9200000| Complete 
| 659|0x00000000a9300000, 0x00000000a9400000, 0x00000000a9400000|100%| S|CS|TAMS 0x00000000a9300000| PB 0x00000000a9300000| Complete 
| 660|0x00000000a9400000, 0x00000000a9500000, 0x00000000a9500000|100%| S|CS|TAMS 0x00000000a9400000| PB 0x00000000a9400000| Complete 
| 661|0x00000000a9500000, 0x00000000a9600000, 0x00000000a9600000|100%| S|CS|TAMS 0x00000000a9500000| PB 0x00000000a9500000| Complete 
| 662|0x00000000a9600000, 0x00000000a9700000, 0x00000000a9700000|100%| S|CS|TAMS 0x00000000a9600000| PB 0x00000000a9600000| Complete 
| 663|0x00000000a9700000, 0x00000000a9800000, 0x00000000a9800000|100%| S|CS|TAMS 0x00000000a9700000| PB 0x00000000a9700000| Complete 
| 664|0x00000000a9800000, 0x00000000a9900000, 0x00000000a9900000|100%| S|CS|TAMS 0x00000000a9800000| PB 0x00000000a9800000| Complete 
| 665|0x00000000a9900000, 0x00000000a9a00000, 0x00000000a9a00000|100%| S|CS|TAMS 0x00000000a9900000| PB 0x00000000a9900000| Complete 
| 666|0x00000000a9a00000, 0x00000000a9b00000, 0x00000000a9b00000|100%| S|CS|TAMS 0x00000000a9a00000| PB 0x00000000a9a00000| Complete 
| 667|0x00000000a9b00000, 0x00000000a9c00000, 0x00000000a9c00000|100%| E|CS|TAMS 0x00000000a9b00000| PB 0x00000000a9b00000| Complete 
| 668|0x00000000a9c00000, 0x00000000a9d00000, 0x00000000a9d00000|100%| E|CS|TAMS 0x00000000a9c00000| PB 0x00000000a9c00000| Complete 
| 669|0x00000000a9d00000, 0x00000000a9e00000, 0x00000000a9e00000|100%| E|CS|TAMS 0x00000000a9d00000| PB 0x00000000a9d00000| Complete 
| 670|0x00000000a9e00000, 0x00000000a9f00000, 0x00000000a9f00000|100%| E|CS|TAMS 0x00000000a9e00000| PB 0x00000000a9e00000| Complete 
| 671|0x00000000a9f00000, 0x00000000aa000000, 0x00000000aa000000|100%| E|CS|TAMS 0x00000000a9f00000| PB 0x00000000a9f00000| Complete 
| 672|0x00000000aa000000, 0x00000000aa100000, 0x00000000aa100000|100%| E|CS|TAMS 0x00000000aa000000| PB 0x00000000aa000000| Complete 
| 673|0x00000000aa100000, 0x00000000aa200000, 0x00000000aa200000|100%| E|CS|TAMS 0x00000000aa100000| PB 0x00000000aa100000| Complete 
| 674|0x00000000aa200000, 0x00000000aa300000, 0x00000000aa300000|100%| E|CS|TAMS 0x00000000aa200000| PB 0x00000000aa200000| Complete 
| 675|0x00000000aa300000, 0x00000000aa400000, 0x00000000aa400000|100%| E|CS|TAMS 0x00000000aa300000| PB 0x00000000aa300000| Complete 
| 676|0x00000000aa400000, 0x00000000aa500000, 0x00000000aa500000|100%| E|CS|TAMS 0x00000000aa400000| PB 0x00000000aa400000| Complete 
| 677|0x00000000aa500000, 0x00000000aa600000, 0x00000000aa600000|100%| E|CS|TAMS 0x00000000aa500000| PB 0x00000000aa500000| Complete 
| 678|0x00000000aa600000, 0x00000000aa700000, 0x00000000aa700000|100%| E|CS|TAMS 0x00000000aa600000| PB 0x00000000aa600000| Complete 
| 679|0x00000000aa700000, 0x00000000aa800000, 0x00000000aa800000|100%| E|CS|TAMS 0x00000000aa700000| PB 0x00000000aa700000| Complete 
| 680|0x00000000aa800000, 0x00000000aa900000, 0x00000000aa900000|100%| E|CS|TAMS 0x00000000aa800000| PB 0x00000000aa800000| Complete 
| 681|0x00000000aa900000, 0x00000000aaa00000, 0x00000000aaa00000|100%| E|CS|TAMS 0x00000000aa900000| PB 0x00000000aa900000| Complete 
| 682|0x00000000aaa00000, 0x00000000aab00000, 0x00000000aab00000|100%| E|CS|TAMS 0x00000000aaa00000| PB 0x00000000aaa00000| Complete 
| 683|0x00000000aab00000, 0x00000000aac00000, 0x00000000aac00000|100%| E|CS|TAMS 0x00000000aab00000| PB 0x00000000aab00000| Complete 
| 684|0x00000000aac00000, 0x00000000aad00000, 0x00000000aad00000|100%| E|CS|TAMS 0x00000000aac00000| PB 0x00000000aac00000| Complete 
| 685|0x00000000aad00000, 0x00000000aae00000, 0x00000000aae00000|100%| E|CS|TAMS 0x00000000aad00000| PB 0x00000000aad00000| Complete 
| 686|0x00000000aae00000, 0x00000000aaf00000, 0x00000000aaf00000|100%| E|CS|TAMS 0x00000000aae00000| PB 0x00000000aae00000| Complete 
| 687|0x00000000aaf00000, 0x00000000ab000000, 0x00000000ab000000|100%| E|CS|TAMS 0x00000000aaf00000| PB 0x00000000aaf00000| Complete 
| 688|0x00000000ab000000, 0x00000000ab100000, 0x00000000ab100000|100%| E|CS|TAMS 0x00000000ab000000| PB 0x00000000ab000000| Complete 
| 689|0x00000000ab100000, 0x00000000ab200000, 0x00000000ab200000|100%| E|CS|TAMS 0x00000000ab100000| PB 0x00000000ab100000| Complete 
| 690|0x00000000ab200000, 0x00000000ab300000, 0x00000000ab300000|100%| E|CS|TAMS 0x00000000ab200000| PB 0x00000000ab200000| Complete 
| 691|0x00000000ab300000, 0x00000000ab400000, 0x00000000ab400000|100%| E|CS|TAMS 0x00000000ab300000| PB 0x00000000ab300000| Complete 
| 692|0x00000000ab400000, 0x00000000ab500000, 0x00000000ab500000|100%| E|CS|TAMS 0x00000000ab400000| PB 0x00000000ab400000| Complete 
| 693|0x00000000ab500000, 0x00000000ab600000, 0x00000000ab600000|100%| E|CS|TAMS 0x00000000ab500000| PB 0x00000000ab500000| Complete 
| 694|0x00000000ab600000, 0x00000000ab700000, 0x00000000ab700000|100%| E|CS|TAMS 0x00000000ab600000| PB 0x00000000ab600000| Complete 
| 695|0x00000000ab700000, 0x00000000ab800000, 0x00000000ab800000|100%| E|CS|TAMS 0x00000000ab700000| PB 0x00000000ab700000| Complete 
| 696|0x00000000ab800000, 0x00000000ab900000, 0x00000000ab900000|100%| E|CS|TAMS 0x00000000ab800000| PB 0x00000000ab800000| Complete 
| 697|0x00000000ab900000, 0x00000000aba00000, 0x00000000aba00000|100%| E|CS|TAMS 0x00000000ab900000| PB 0x00000000ab900000| Complete 
| 698|0x00000000aba00000, 0x00000000abb00000, 0x00000000abb00000|100%| E|CS|TAMS 0x00000000aba00000| PB 0x00000000aba00000| Complete 
| 699|0x00000000abb00000, 0x00000000abc00000, 0x00000000abc00000|100%| E|CS|TAMS 0x00000000abb00000| PB 0x00000000abb00000| Complete 
| 700|0x00000000abc00000, 0x00000000abd00000, 0x00000000abd00000|100%| E|CS|TAMS 0x00000000abc00000| PB 0x00000000abc00000| Complete 
| 701|0x00000000abd00000, 0x00000000abe00000, 0x00000000abe00000|100%| E|CS|TAMS 0x00000000abd00000| PB 0x00000000abd00000| Complete 
| 702|0x00000000abe00000, 0x00000000abf00000, 0x00000000abf00000|100%| E|CS|TAMS 0x00000000abe00000| PB 0x00000000abe00000| Complete 
| 703|0x00000000abf00000, 0x00000000ac000000, 0x00000000ac000000|100%| E|CS|TAMS 0x00000000abf00000| PB 0x00000000abf00000| Complete 
| 704|0x00000000ac000000, 0x00000000ac100000, 0x00000000ac100000|100%| E|CS|TAMS 0x00000000ac000000| PB 0x00000000ac000000| Complete 
| 705|0x00000000ac100000, 0x00000000ac200000, 0x00000000ac200000|100%| E|CS|TAMS 0x00000000ac100000| PB 0x00000000ac100000| Complete 
| 706|0x00000000ac200000, 0x00000000ac300000, 0x00000000ac300000|100%| E|CS|TAMS 0x00000000ac200000| PB 0x00000000ac200000| Complete 
| 707|0x00000000ac300000, 0x00000000ac400000, 0x00000000ac400000|100%| E|CS|TAMS 0x00000000ac300000| PB 0x00000000ac300000| Complete 
| 708|0x00000000ac400000, 0x00000000ac500000, 0x00000000ac500000|100%| E|CS|TAMS 0x00000000ac400000| PB 0x00000000ac400000| Complete 
| 709|0x00000000ac500000, 0x00000000ac600000, 0x00000000ac600000|100%| E|CS|TAMS 0x00000000ac500000| PB 0x00000000ac500000| Complete 
| 710|0x00000000ac600000, 0x00000000ac700000, 0x00000000ac700000|100%| E|CS|TAMS 0x00000000ac600000| PB 0x00000000ac600000| Complete 
| 711|0x00000000ac700000, 0x00000000ac800000, 0x00000000ac800000|100%| E|CS|TAMS 0x00000000ac700000| PB 0x00000000ac700000| Complete 
| 712|0x00000000ac800000, 0x00000000ac900000, 0x00000000ac900000|100%| E|CS|TAMS 0x00000000ac800000| PB 0x00000000ac800000| Complete 
| 713|0x00000000ac900000, 0x00000000aca00000, 0x00000000aca00000|100%| E|CS|TAMS 0x00000000ac900000| PB 0x00000000ac900000| Complete 
| 714|0x00000000aca00000, 0x00000000acb00000, 0x00000000acb00000|100%| E|CS|TAMS 0x00000000aca00000| PB 0x00000000aca00000| Complete 
| 715|0x00000000acb00000, 0x00000000acc00000, 0x00000000acc00000|100%| E|CS|TAMS 0x00000000acb00000| PB 0x00000000acb00000| Complete 
| 716|0x00000000acc00000, 0x00000000acd00000, 0x00000000acd00000|100%| E|CS|TAMS 0x00000000acc00000| PB 0x00000000acc00000| Complete 
| 717|0x00000000acd00000, 0x00000000ace00000, 0x00000000ace00000|100%| E|CS|TAMS 0x00000000acd00000| PB 0x00000000acd00000| Complete 
| 718|0x00000000ace00000, 0x00000000acf00000, 0x00000000acf00000|100%| E|CS|TAMS 0x00000000ace00000| PB 0x00000000ace00000| Complete 
| 719|0x00000000acf00000, 0x00000000ad000000, 0x00000000ad000000|100%| E|CS|TAMS 0x00000000acf00000| PB 0x00000000acf00000| Complete 
| 720|0x00000000ad000000, 0x00000000ad100000, 0x00000000ad100000|100%| E|CS|TAMS 0x00000000ad000000| PB 0x00000000ad000000| Complete 
| 721|0x00000000ad100000, 0x00000000ad200000, 0x00000000ad200000|100%| E|CS|TAMS 0x00000000ad100000| PB 0x00000000ad100000| Complete 
| 722|0x00000000ad200000, 0x00000000ad300000, 0x00000000ad300000|100%| E|CS|TAMS 0x00000000ad200000| PB 0x00000000ad200000| Complete 
| 723|0x00000000ad300000, 0x00000000ad400000, 0x00000000ad400000|100%| E|CS|TAMS 0x00000000ad300000| PB 0x00000000ad300000| Complete 
| 724|0x00000000ad400000, 0x00000000ad500000, 0x00000000ad500000|100%| E|CS|TAMS 0x00000000ad400000| PB 0x00000000ad400000| Complete 
| 725|0x00000000ad500000, 0x00000000ad600000, 0x00000000ad600000|100%| E|CS|TAMS 0x00000000ad500000| PB 0x00000000ad500000| Complete 
| 726|0x00000000ad600000, 0x00000000ad700000, 0x00000000ad700000|100%| E|CS|TAMS 0x00000000ad600000| PB 0x00000000ad600000| Complete 
| 727|0x00000000ad700000, 0x00000000ad800000, 0x00000000ad800000|100%| E|CS|TAMS 0x00000000ad700000| PB 0x00000000ad700000| Complete 
| 728|0x00000000ad800000, 0x00000000ad900000, 0x00000000ad900000|100%| E|CS|TAMS 0x00000000ad800000| PB 0x00000000ad800000| Complete 
| 729|0x00000000ad900000, 0x00000000ada00000, 0x00000000ada00000|100%| E|CS|TAMS 0x00000000ad900000| PB 0x00000000ad900000| Complete 
| 730|0x00000000ada00000, 0x00000000adb00000, 0x00000000adb00000|100%| E|CS|TAMS 0x00000000ada00000| PB 0x00000000ada00000| Complete 
| 731|0x00000000adb00000, 0x00000000adc00000, 0x00000000adc00000|100%| E|CS|TAMS 0x00000000adb00000| PB 0x00000000adb00000| Complete 
| 732|0x00000000adc00000, 0x00000000add00000, 0x00000000add00000|100%| E|CS|TAMS 0x00000000adc00000| PB 0x00000000adc00000| Complete 
| 733|0x00000000add00000, 0x00000000ade00000, 0x00000000ade00000|100%| E|CS|TAMS 0x00000000add00000| PB 0x00000000add00000| Complete 
| 734|0x00000000ade00000, 0x00000000adf00000, 0x00000000adf00000|100%| E|CS|TAMS 0x00000000ade00000| PB 0x00000000ade00000| Complete 
| 735|0x00000000adf00000, 0x00000000ae000000, 0x00000000ae000000|100%| E|CS|TAMS 0x00000000adf00000| PB 0x00000000adf00000| Complete 
| 736|0x00000000ae000000, 0x00000000ae100000, 0x00000000ae100000|100%| E|CS|TAMS 0x00000000ae000000| PB 0x00000000ae000000| Complete 
| 737|0x00000000ae100000, 0x00000000ae200000, 0x00000000ae200000|100%| E|CS|TAMS 0x00000000ae100000| PB 0x00000000ae100000| Complete 
| 738|0x00000000ae200000, 0x00000000ae300000, 0x00000000ae300000|100%| E|CS|TAMS 0x00000000ae200000| PB 0x00000000ae200000| Complete 
| 739|0x00000000ae300000, 0x00000000ae400000, 0x00000000ae400000|100%| E|CS|TAMS 0x00000000ae300000| PB 0x00000000ae300000| Complete 
| 740|0x00000000ae400000, 0x00000000ae500000, 0x00000000ae500000|100%| E|CS|TAMS 0x00000000ae400000| PB 0x00000000ae400000| Complete 
| 741|0x00000000ae500000, 0x00000000ae600000, 0x00000000ae600000|100%| E|CS|TAMS 0x00000000ae500000| PB 0x00000000ae500000| Complete 
| 742|0x00000000ae600000, 0x00000000ae700000, 0x00000000ae700000|100%| E|CS|TAMS 0x00000000ae600000| PB 0x00000000ae600000| Complete 
| 743|0x00000000ae700000, 0x00000000ae800000, 0x00000000ae800000|100%| E|CS|TAMS 0x00000000ae700000| PB 0x00000000ae700000| Complete 
| 744|0x00000000ae800000, 0x00000000ae900000, 0x00000000ae900000|100%| E|CS|TAMS 0x00000000ae800000| PB 0x00000000ae800000| Complete 
| 745|0x00000000ae900000, 0x00000000aea00000, 0x00000000aea00000|100%| E|CS|TAMS 0x00000000ae900000| PB 0x00000000ae900000| Complete 
| 746|0x00000000aea00000, 0x00000000aeb00000, 0x00000000aeb00000|100%| E|CS|TAMS 0x00000000aea00000| PB 0x00000000aea00000| Complete 
| 747|0x00000000aeb00000, 0x00000000aec00000, 0x00000000aec00000|100%| E|CS|TAMS 0x00000000aeb00000| PB 0x00000000aeb00000| Complete 
| 748|0x00000000aec00000, 0x00000000aed00000, 0x00000000aed00000|100%| E|CS|TAMS 0x00000000aec00000| PB 0x00000000aec00000| Complete 
| 749|0x00000000aed00000, 0x00000000aee00000, 0x00000000aee00000|100%| E|CS|TAMS 0x00000000aed00000| PB 0x00000000aed00000| Complete 
| 750|0x00000000aee00000, 0x00000000aef00000, 0x00000000aef00000|100%| E|CS|TAMS 0x00000000aee00000| PB 0x00000000aee00000| Complete 
| 751|0x00000000aef00000, 0x00000000af000000, 0x00000000af000000|100%| E|CS|TAMS 0x00000000aef00000| PB 0x00000000aef00000| Complete 
| 752|0x00000000af000000, 0x00000000af100000, 0x00000000af100000|100%| E|CS|TAMS 0x00000000af000000| PB 0x00000000af000000| Complete 
| 753|0x00000000af100000, 0x00000000af200000, 0x00000000af200000|100%| E|CS|TAMS 0x00000000af100000| PB 0x00000000af100000| Complete 
| 754|0x00000000af200000, 0x00000000af300000, 0x00000000af300000|100%| E|CS|TAMS 0x00000000af200000| PB 0x00000000af200000| Complete 
| 755|0x00000000af300000, 0x00000000af400000, 0x00000000af400000|100%| E|CS|TAMS 0x00000000af300000| PB 0x00000000af300000| Complete 
| 756|0x00000000af400000, 0x00000000af500000, 0x00000000af500000|100%| E|CS|TAMS 0x00000000af400000| PB 0x00000000af400000| Complete 
| 757|0x00000000af500000, 0x00000000af600000, 0x00000000af600000|100%| E|CS|TAMS 0x00000000af500000| PB 0x00000000af500000| Complete 
| 758|0x00000000af600000, 0x00000000af700000, 0x00000000af700000|100%| E|CS|TAMS 0x00000000af600000| PB 0x00000000af600000| Complete 
| 759|0x00000000af700000, 0x00000000af800000, 0x00000000af800000|100%| E|CS|TAMS 0x00000000af700000| PB 0x00000000af700000| Complete 
| 760|0x00000000af800000, 0x00000000af900000, 0x00000000af900000|100%| E|CS|TAMS 0x00000000af800000| PB 0x00000000af800000| Complete 
| 761|0x00000000af900000, 0x00000000afa00000, 0x00000000afa00000|100%| E|CS|TAMS 0x00000000af900000| PB 0x00000000af900000| Complete 
| 762|0x00000000afa00000, 0x00000000afb00000, 0x00000000afb00000|100%| E|CS|TAMS 0x00000000afa00000| PB 0x00000000afa00000| Complete 
| 763|0x00000000afb00000, 0x00000000afc00000, 0x00000000afc00000|100%| E|CS|TAMS 0x00000000afb00000| PB 0x00000000afb00000| Complete 
| 764|0x00000000afc00000, 0x00000000afd00000, 0x00000000afd00000|100%| E|CS|TAMS 0x00000000afc00000| PB 0x00000000afc00000| Complete 
| 765|0x00000000afd00000, 0x00000000afe00000, 0x00000000afe00000|100%| E|CS|TAMS 0x00000000afd00000| PB 0x00000000afd00000| Complete 
| 766|0x00000000afe00000, 0x00000000aff00000, 0x00000000aff00000|100%| E|CS|TAMS 0x00000000afe00000| PB 0x00000000afe00000| Complete 
| 767|0x00000000aff00000, 0x00000000b0000000, 0x00000000b0000000|100%| E|CS|TAMS 0x00000000aff00000| PB 0x00000000aff00000| Complete 
| 768|0x00000000b0000000, 0x00000000b0100000, 0x00000000b0100000|100%| E|CS|TAMS 0x00000000b0000000| PB 0x00000000b0000000| Complete 
| 769|0x00000000b0100000, 0x00000000b0200000, 0x00000000b0200000|100%| E|CS|TAMS 0x00000000b0100000| PB 0x00000000b0100000| Complete 
| 770|0x00000000b0200000, 0x00000000b0300000, 0x00000000b0300000|100%| E|CS|TAMS 0x00000000b0200000| PB 0x00000000b0200000| Complete 
| 771|0x00000000b0300000, 0x00000000b0400000, 0x00000000b0400000|100%| E|CS|TAMS 0x00000000b0300000| PB 0x00000000b0300000| Complete 
| 772|0x00000000b0400000, 0x00000000b0500000, 0x00000000b0500000|100%| E|CS|TAMS 0x00000000b0400000| PB 0x00000000b0400000| Complete 
| 773|0x00000000b0500000, 0x00000000b0600000, 0x00000000b0600000|100%| E|CS|TAMS 0x00000000b0500000| PB 0x00000000b0500000| Complete 
| 774|0x00000000b0600000, 0x00000000b0700000, 0x00000000b0700000|100%| E|CS|TAMS 0x00000000b0600000| PB 0x00000000b0600000| Complete 
| 775|0x00000000b0700000, 0x00000000b0800000, 0x00000000b0800000|100%| E|CS|TAMS 0x00000000b0700000| PB 0x00000000b0700000| Complete 
| 776|0x00000000b0800000, 0x00000000b0900000, 0x00000000b0900000|100%| E|CS|TAMS 0x00000000b0800000| PB 0x00000000b0800000| Complete 
| 777|0x00000000b0900000, 0x00000000b0a00000, 0x00000000b0a00000|100%| E|CS|TAMS 0x00000000b0900000| PB 0x00000000b0900000| Complete 
| 778|0x00000000b0a00000, 0x00000000b0b00000, 0x00000000b0b00000|100%| E|CS|TAMS 0x00000000b0a00000| PB 0x00000000b0a00000| Complete 
| 779|0x00000000b0b00000, 0x00000000b0c00000, 0x00000000b0c00000|100%| E|CS|TAMS 0x00000000b0b00000| PB 0x00000000b0b00000| Complete 
| 780|0x00000000b0c00000, 0x00000000b0d00000, 0x00000000b0d00000|100%| E|CS|TAMS 0x00000000b0c00000| PB 0x00000000b0c00000| Complete 
| 781|0x00000000b0d00000, 0x00000000b0e00000, 0x00000000b0e00000|100%| E|CS|TAMS 0x00000000b0d00000| PB 0x00000000b0d00000| Complete 
| 782|0x00000000b0e00000, 0x00000000b0f00000, 0x00000000b0f00000|100%| E|CS|TAMS 0x00000000b0e00000| PB 0x00000000b0e00000| Complete 
| 783|0x00000000b0f00000, 0x00000000b1000000, 0x00000000b1000000|100%| E|CS|TAMS 0x00000000b0f00000| PB 0x00000000b0f00000| Complete 
| 784|0x00000000b1000000, 0x00000000b1100000, 0x00000000b1100000|100%| E|CS|TAMS 0x00000000b1000000| PB 0x00000000b1000000| Complete 
| 785|0x00000000b1100000, 0x00000000b1200000, 0x00000000b1200000|100%| E|CS|TAMS 0x00000000b1100000| PB 0x00000000b1100000| Complete 
| 786|0x00000000b1200000, 0x00000000b1300000, 0x00000000b1300000|100%| E|CS|TAMS 0x00000000b1200000| PB 0x00000000b1200000| Complete 
| 787|0x00000000b1300000, 0x00000000b1400000, 0x00000000b1400000|100%| E|CS|TAMS 0x00000000b1300000| PB 0x00000000b1300000| Complete 
| 788|0x00000000b1400000, 0x00000000b1500000, 0x00000000b1500000|100%| E|CS|TAMS 0x00000000b1400000| PB 0x00000000b1400000| Complete 
| 789|0x00000000b1500000, 0x00000000b1600000, 0x00000000b1600000|100%| E|CS|TAMS 0x00000000b1500000| PB 0x00000000b1500000| Complete 
| 790|0x00000000b1600000, 0x00000000b1700000, 0x00000000b1700000|100%| E|CS|TAMS 0x00000000b1600000| PB 0x00000000b1600000| Complete 
| 791|0x00000000b1700000, 0x00000000b1800000, 0x00000000b1800000|100%| E|CS|TAMS 0x00000000b1700000| PB 0x00000000b1700000| Complete 
| 792|0x00000000b1800000, 0x00000000b1900000, 0x00000000b1900000|100%| E|CS|TAMS 0x00000000b1800000| PB 0x00000000b1800000| Complete 
| 793|0x00000000b1900000, 0x00000000b1a00000, 0x00000000b1a00000|100%| E|CS|TAMS 0x00000000b1900000| PB 0x00000000b1900000| Complete 
| 794|0x00000000b1a00000, 0x00000000b1b00000, 0x00000000b1b00000|100%| E|CS|TAMS 0x00000000b1a00000| PB 0x00000000b1a00000| Complete 
| 795|0x00000000b1b00000, 0x00000000b1c00000, 0x00000000b1c00000|100%| E|CS|TAMS 0x00000000b1b00000| PB 0x00000000b1b00000| Complete 
| 796|0x00000000b1c00000, 0x00000000b1d00000, 0x00000000b1d00000|100%| E|CS|TAMS 0x00000000b1c00000| PB 0x00000000b1c00000| Complete 
| 797|0x00000000b1d00000, 0x00000000b1e00000, 0x00000000b1e00000|100%| E|CS|TAMS 0x00000000b1d00000| PB 0x00000000b1d00000| Complete 
| 798|0x00000000b1e00000, 0x00000000b1f00000, 0x00000000b1f00000|100%| E|CS|TAMS 0x00000000b1e00000| PB 0x00000000b1e00000| Complete 
| 799|0x00000000b1f00000, 0x00000000b2000000, 0x00000000b2000000|100%| E|CS|TAMS 0x00000000b1f00000| PB 0x00000000b1f00000| Complete 
| 800|0x00000000b2000000, 0x00000000b2100000, 0x00000000b2100000|100%| E|CS|TAMS 0x00000000b2000000| PB 0x00000000b2000000| Complete 
| 801|0x00000000b2100000, 0x00000000b2200000, 0x00000000b2200000|100%| E|CS|TAMS 0x00000000b2100000| PB 0x00000000b2100000| Complete 
| 802|0x00000000b2200000, 0x00000000b2300000, 0x00000000b2300000|100%| E|CS|TAMS 0x00000000b2200000| PB 0x00000000b2200000| Complete 
| 803|0x00000000b2300000, 0x00000000b2400000, 0x00000000b2400000|100%| E|CS|TAMS 0x00000000b2300000| PB 0x00000000b2300000| Complete 
| 804|0x00000000b2400000, 0x00000000b2500000, 0x00000000b2500000|100%| E|CS|TAMS 0x00000000b2400000| PB 0x00000000b2400000| Complete 
| 805|0x00000000b2500000, 0x00000000b2600000, 0x00000000b2600000|100%| E|CS|TAMS 0x00000000b2500000| PB 0x00000000b2500000| Complete 
| 806|0x00000000b2600000, 0x00000000b2700000, 0x00000000b2700000|100%| E|CS|TAMS 0x00000000b2600000| PB 0x00000000b2600000| Complete 
| 807|0x00000000b2700000, 0x00000000b2800000, 0x00000000b2800000|100%| E|CS|TAMS 0x00000000b2700000| PB 0x00000000b2700000| Complete 
| 808|0x00000000b2800000, 0x00000000b2900000, 0x00000000b2900000|100%| E|CS|TAMS 0x00000000b2800000| PB 0x00000000b2800000| Complete 
| 809|0x00000000b2900000, 0x00000000b2a00000, 0x00000000b2a00000|100%| E|CS|TAMS 0x00000000b2900000| PB 0x00000000b2900000| Complete 
| 810|0x00000000b2a00000, 0x00000000b2b00000, 0x00000000b2b00000|100%| E|CS|TAMS 0x00000000b2a00000| PB 0x00000000b2a00000| Complete 
| 811|0x00000000b2b00000, 0x00000000b2c00000, 0x00000000b2c00000|100%| E|CS|TAMS 0x00000000b2b00000| PB 0x00000000b2b00000| Complete 
| 812|0x00000000b2c00000, 0x00000000b2d00000, 0x00000000b2d00000|100%| E|CS|TAMS 0x00000000b2c00000| PB 0x00000000b2c00000| Complete 
| 813|0x00000000b2d00000, 0x00000000b2e00000, 0x00000000b2e00000|100%| E|CS|TAMS 0x00000000b2d00000| PB 0x00000000b2d00000| Complete 
| 814|0x00000000b2e00000, 0x00000000b2f00000, 0x00000000b2f00000|100%| E|CS|TAMS 0x00000000b2e00000| PB 0x00000000b2e00000| Complete 
| 815|0x00000000b2f00000, 0x00000000b3000000, 0x00000000b3000000|100%| E|CS|TAMS 0x00000000b2f00000| PB 0x00000000b2f00000| Complete 
| 816|0x00000000b3000000, 0x00000000b3100000, 0x00000000b3100000|100%| E|CS|TAMS 0x00000000b3000000| PB 0x00000000b3000000| Complete 
| 817|0x00000000b3100000, 0x00000000b3200000, 0x00000000b3200000|100%| E|CS|TAMS 0x00000000b3100000| PB 0x00000000b3100000| Complete 
| 818|0x00000000b3200000, 0x00000000b3300000, 0x00000000b3300000|100%| E|CS|TAMS 0x00000000b3200000| PB 0x00000000b3200000| Complete 
| 819|0x00000000b3300000, 0x00000000b3400000, 0x00000000b3400000|100%| E|CS|TAMS 0x00000000b3300000| PB 0x00000000b3300000| Complete 
| 820|0x00000000b3400000, 0x00000000b3500000, 0x00000000b3500000|100%| E|CS|TAMS 0x00000000b3400000| PB 0x00000000b3400000| Complete 
| 821|0x00000000b3500000, 0x00000000b3600000, 0x00000000b3600000|100%| E|CS|TAMS 0x00000000b3500000| PB 0x00000000b3500000| Complete 
| 822|0x00000000b3600000, 0x00000000b3700000, 0x00000000b3700000|100%| E|CS|TAMS 0x00000000b3600000| PB 0x00000000b3600000| Complete 
| 823|0x00000000b3700000, 0x00000000b3800000, 0x00000000b3800000|100%| E|CS|TAMS 0x00000000b3700000| PB 0x00000000b3700000| Complete 
| 824|0x00000000b3800000, 0x00000000b3900000, 0x00000000b3900000|100%| E|CS|TAMS 0x00000000b3800000| PB 0x00000000b3800000| Complete 
| 825|0x00000000b3900000, 0x00000000b3a00000, 0x00000000b3a00000|100%| E|CS|TAMS 0x00000000b3900000| PB 0x00000000b3900000| Complete 
| 826|0x00000000b3a00000, 0x00000000b3b00000, 0x00000000b3b00000|100%| E|CS|TAMS 0x00000000b3a00000| PB 0x00000000b3a00000| Complete 
| 827|0x00000000b3b00000, 0x00000000b3c00000, 0x00000000b3c00000|100%| E|CS|TAMS 0x00000000b3b00000| PB 0x00000000b3b00000| Complete 
| 828|0x00000000b3c00000, 0x00000000b3d00000, 0x00000000b3d00000|100%| E|CS|TAMS 0x00000000b3c00000| PB 0x00000000b3c00000| Complete 
| 829|0x00000000b3d00000, 0x00000000b3e00000, 0x00000000b3e00000|100%| E|CS|TAMS 0x00000000b3d00000| PB 0x00000000b3d00000| Complete 
| 830|0x00000000b3e00000, 0x00000000b3f00000, 0x00000000b3f00000|100%| E|CS|TAMS 0x00000000b3e00000| PB 0x00000000b3e00000| Complete 
| 831|0x00000000b3f00000, 0x00000000b4000000, 0x00000000b4000000|100%| E|CS|TAMS 0x00000000b3f00000| PB 0x00000000b3f00000| Complete 
| 832|0x00000000b4000000, 0x00000000b4100000, 0x00000000b4100000|100%| E|CS|TAMS 0x00000000b4000000| PB 0x00000000b4000000| Complete 
| 833|0x00000000b4100000, 0x00000000b4200000, 0x00000000b4200000|100%| E|CS|TAMS 0x00000000b4100000| PB 0x00000000b4100000| Complete 
| 834|0x00000000b4200000, 0x00000000b4300000, 0x00000000b4300000|100%| E|CS|TAMS 0x00000000b4200000| PB 0x00000000b4200000| Complete 
| 835|0x00000000b4300000, 0x00000000b4400000, 0x00000000b4400000|100%| E|CS|TAMS 0x00000000b4300000| PB 0x00000000b4300000| Complete 
| 836|0x00000000b4400000, 0x00000000b4500000, 0x00000000b4500000|100%| E|CS|TAMS 0x00000000b4400000| PB 0x00000000b4400000| Complete 
| 837|0x00000000b4500000, 0x00000000b4600000, 0x00000000b4600000|100%| E|CS|TAMS 0x00000000b4500000| PB 0x00000000b4500000| Complete 
| 838|0x00000000b4600000, 0x00000000b4700000, 0x00000000b4700000|100%| E|CS|TAMS 0x00000000b4600000| PB 0x00000000b4600000| Complete 
| 839|0x00000000b4700000, 0x00000000b4800000, 0x00000000b4800000|100%| E|CS|TAMS 0x00000000b4700000| PB 0x00000000b4700000| Complete 
| 840|0x00000000b4800000, 0x00000000b4900000, 0x00000000b4900000|100%| E|CS|TAMS 0x00000000b4800000| PB 0x00000000b4800000| Complete 
| 841|0x00000000b4900000, 0x00000000b4a00000, 0x00000000b4a00000|100%| E|CS|TAMS 0x00000000b4900000| PB 0x00000000b4900000| Complete 
| 842|0x00000000b4a00000, 0x00000000b4b00000, 0x00000000b4b00000|100%| E|CS|TAMS 0x00000000b4a00000| PB 0x00000000b4a00000| Complete 
| 843|0x00000000b4b00000, 0x00000000b4c00000, 0x00000000b4c00000|100%| E|CS|TAMS 0x00000000b4b00000| PB 0x00000000b4b00000| Complete 
| 844|0x00000000b4c00000, 0x00000000b4d00000, 0x00000000b4d00000|100%| E|CS|TAMS 0x00000000b4c00000| PB 0x00000000b4c00000| Complete 
| 845|0x00000000b4d00000, 0x00000000b4e00000, 0x00000000b4e00000|100%| E|CS|TAMS 0x00000000b4d00000| PB 0x00000000b4d00000| Complete 
| 846|0x00000000b4e00000, 0x00000000b4f00000, 0x00000000b4f00000|100%| E|CS|TAMS 0x00000000b4e00000| PB 0x00000000b4e00000| Complete 
| 847|0x00000000b4f00000, 0x00000000b5000000, 0x00000000b5000000|100%| E|CS|TAMS 0x00000000b4f00000| PB 0x00000000b4f00000| Complete 
| 848|0x00000000b5000000, 0x00000000b5100000, 0x00000000b5100000|100%| E|CS|TAMS 0x00000000b5000000| PB 0x00000000b5000000| Complete 
| 849|0x00000000b5100000, 0x00000000b5200000, 0x00000000b5200000|100%| E|CS|TAMS 0x00000000b5100000| PB 0x00000000b5100000| Complete 
| 850|0x00000000b5200000, 0x00000000b5300000, 0x00000000b5300000|100%| E|CS|TAMS 0x00000000b5200000| PB 0x00000000b5200000| Complete 
| 851|0x00000000b5300000, 0x00000000b5400000, 0x00000000b5400000|100%| E|CS|TAMS 0x00000000b5300000| PB 0x00000000b5300000| Complete 
| 852|0x00000000b5400000, 0x00000000b5500000, 0x00000000b5500000|100%| E|CS|TAMS 0x00000000b5400000| PB 0x00000000b5400000| Complete 
| 853|0x00000000b5500000, 0x00000000b5600000, 0x00000000b5600000|100%| E|CS|TAMS 0x00000000b5500000| PB 0x00000000b5500000| Complete 
| 854|0x00000000b5600000, 0x00000000b5700000, 0x00000000b5700000|100%| E|CS|TAMS 0x00000000b5600000| PB 0x00000000b5600000| Complete 
| 855|0x00000000b5700000, 0x00000000b5800000, 0x00000000b5800000|100%| E|CS|TAMS 0x00000000b5700000| PB 0x00000000b5700000| Complete 
| 856|0x00000000b5800000, 0x00000000b5900000, 0x00000000b5900000|100%| E|CS|TAMS 0x00000000b5800000| PB 0x00000000b5800000| Complete 
| 857|0x00000000b5900000, 0x00000000b5a00000, 0x00000000b5a00000|100%| E|CS|TAMS 0x00000000b5900000| PB 0x00000000b5900000| Complete 
| 858|0x00000000b5a00000, 0x00000000b5b00000, 0x00000000b5b00000|100%| E|CS|TAMS 0x00000000b5a00000| PB 0x00000000b5a00000| Complete 
| 859|0x00000000b5b00000, 0x00000000b5c00000, 0x00000000b5c00000|100%| E|CS|TAMS 0x00000000b5b00000| PB 0x00000000b5b00000| Complete 
| 860|0x00000000b5c00000, 0x00000000b5d00000, 0x00000000b5d00000|100%| E|CS|TAMS 0x00000000b5c00000| PB 0x00000000b5c00000| Complete 
| 861|0x00000000b5d00000, 0x00000000b5e00000, 0x00000000b5e00000|100%| E|CS|TAMS 0x00000000b5d00000| PB 0x00000000b5d00000| Complete 
| 862|0x00000000b5e00000, 0x00000000b5f00000, 0x00000000b5f00000|100%| E|CS|TAMS 0x00000000b5e00000| PB 0x00000000b5e00000| Complete 
| 863|0x00000000b5f00000, 0x00000000b6000000, 0x00000000b6000000|100%| E|CS|TAMS 0x00000000b5f00000| PB 0x00000000b5f00000| Complete 
| 864|0x00000000b6000000, 0x00000000b6100000, 0x00000000b6100000|100%| E|CS|TAMS 0x00000000b6000000| PB 0x00000000b6000000| Complete 
| 865|0x00000000b6100000, 0x00000000b6200000, 0x00000000b6200000|100%| E|CS|TAMS 0x00000000b6100000| PB 0x00000000b6100000| Complete 
| 866|0x00000000b6200000, 0x00000000b6300000, 0x00000000b6300000|100%| E|CS|TAMS 0x00000000b6200000| PB 0x00000000b6200000| Complete 
| 867|0x00000000b6300000, 0x00000000b6400000, 0x00000000b6400000|100%| E|CS|TAMS 0x00000000b6300000| PB 0x00000000b6300000| Complete 
| 868|0x00000000b6400000, 0x00000000b6500000, 0x00000000b6500000|100%| E|CS|TAMS 0x00000000b6400000| PB 0x00000000b6400000| Complete 
| 869|0x00000000b6500000, 0x00000000b6600000, 0x00000000b6600000|100%| E|CS|TAMS 0x00000000b6500000| PB 0x00000000b6500000| Complete 
| 870|0x00000000b6600000, 0x00000000b6700000, 0x00000000b6700000|100%| E|CS|TAMS 0x00000000b6600000| PB 0x00000000b6600000| Complete 
| 871|0x00000000b6700000, 0x00000000b6800000, 0x00000000b6800000|100%| E|CS|TAMS 0x00000000b6700000| PB 0x00000000b6700000| Complete 
| 872|0x00000000b6800000, 0x00000000b6900000, 0x00000000b6900000|100%| E|CS|TAMS 0x00000000b6800000| PB 0x00000000b6800000| Complete 
| 873|0x00000000b6900000, 0x00000000b6a00000, 0x00000000b6a00000|100%| E|CS|TAMS 0x00000000b6900000| PB 0x00000000b6900000| Complete 
| 874|0x00000000b6a00000, 0x00000000b6b00000, 0x00000000b6b00000|100%| E|CS|TAMS 0x00000000b6a00000| PB 0x00000000b6a00000| Complete 
| 875|0x00000000b6b00000, 0x00000000b6c00000, 0x00000000b6c00000|100%| E|CS|TAMS 0x00000000b6b00000| PB 0x00000000b6b00000| Complete 
| 876|0x00000000b6c00000, 0x00000000b6d00000, 0x00000000b6d00000|100%| E|CS|TAMS 0x00000000b6c00000| PB 0x00000000b6c00000| Complete 
| 877|0x00000000b6d00000, 0x00000000b6e00000, 0x00000000b6e00000|100%| E|CS|TAMS 0x00000000b6d00000| PB 0x00000000b6d00000| Complete 
| 878|0x00000000b6e00000, 0x00000000b6f00000, 0x00000000b6f00000|100%| E|CS|TAMS 0x00000000b6e00000| PB 0x00000000b6e00000| Complete 
| 879|0x00000000b6f00000, 0x00000000b7000000, 0x00000000b7000000|100%| E|CS|TAMS 0x00000000b6f00000| PB 0x00000000b6f00000| Complete 
| 880|0x00000000b7000000, 0x00000000b7100000, 0x00000000b7100000|100%| E|CS|TAMS 0x00000000b7000000| PB 0x00000000b7000000| Complete 
| 881|0x00000000b7100000, 0x00000000b7200000, 0x00000000b7200000|100%| E|CS|TAMS 0x00000000b7100000| PB 0x00000000b7100000| Complete 
| 882|0x00000000b7200000, 0x00000000b7300000, 0x00000000b7300000|100%| E|CS|TAMS 0x00000000b7200000| PB 0x00000000b7200000| Complete 
| 883|0x00000000b7300000, 0x00000000b7400000, 0x00000000b7400000|100%| E|CS|TAMS 0x00000000b7300000| PB 0x00000000b7300000| Complete 
| 884|0x00000000b7400000, 0x00000000b7500000, 0x00000000b7500000|100%| E|CS|TAMS 0x00000000b7400000| PB 0x00000000b7400000| Complete 
| 885|0x00000000b7500000, 0x00000000b7600000, 0x00000000b7600000|100%| E|CS|TAMS 0x00000000b7500000| PB 0x00000000b7500000| Complete 
| 886|0x00000000b7600000, 0x00000000b7700000, 0x00000000b7700000|100%| E|CS|TAMS 0x00000000b7600000| PB 0x00000000b7600000| Complete 
| 887|0x00000000b7700000, 0x00000000b7800000, 0x00000000b7800000|100%| E|CS|TAMS 0x00000000b7700000| PB 0x00000000b7700000| Complete 
| 888|0x00000000b7800000, 0x00000000b7900000, 0x00000000b7900000|100%| E|CS|TAMS 0x00000000b7800000| PB 0x00000000b7800000| Complete 
| 889|0x00000000b7900000, 0x00000000b7a00000, 0x00000000b7a00000|100%| E|CS|TAMS 0x00000000b7900000| PB 0x00000000b7900000| Complete 
| 890|0x00000000b7a00000, 0x00000000b7b00000, 0x00000000b7b00000|100%| E|CS|TAMS 0x00000000b7a00000| PB 0x00000000b7a00000| Complete 
| 891|0x00000000b7b00000, 0x00000000b7c00000, 0x00000000b7c00000|100%| E|CS|TAMS 0x00000000b7b00000| PB 0x00000000b7b00000| Complete 
| 892|0x00000000b7c00000, 0x00000000b7d00000, 0x00000000b7d00000|100%| E|CS|TAMS 0x00000000b7c00000| PB 0x00000000b7c00000| Complete 
| 893|0x00000000b7d00000, 0x00000000b7e00000, 0x00000000b7e00000|100%| E|CS|TAMS 0x00000000b7d00000| PB 0x00000000b7d00000| Complete 
| 894|0x00000000b7e00000, 0x00000000b7f00000, 0x00000000b7f00000|100%| E|CS|TAMS 0x00000000b7e00000| PB 0x00000000b7e00000| Complete 
| 895|0x00000000b7f00000, 0x00000000b8000000, 0x00000000b8000000|100%| E|CS|TAMS 0x00000000b7f00000| PB 0x00000000b7f00000| Complete 
| 896|0x00000000b8000000, 0x00000000b8100000, 0x00000000b8100000|100%| E|CS|TAMS 0x00000000b8000000| PB 0x00000000b8000000| Complete 
| 897|0x00000000b8100000, 0x00000000b8200000, 0x00000000b8200000|100%| E|CS|TAMS 0x00000000b8100000| PB 0x00000000b8100000| Complete 
| 898|0x00000000b8200000, 0x00000000b8300000, 0x00000000b8300000|100%| E|CS|TAMS 0x00000000b8200000| PB 0x00000000b8200000| Complete 
| 899|0x00000000b8300000, 0x00000000b8400000, 0x00000000b8400000|100%| E|CS|TAMS 0x00000000b8300000| PB 0x00000000b8300000| Complete 
| 900|0x00000000b8400000, 0x00000000b8500000, 0x00000000b8500000|100%| E|CS|TAMS 0x00000000b8400000| PB 0x00000000b8400000| Complete 
| 901|0x00000000b8500000, 0x00000000b8600000, 0x00000000b8600000|100%| E|CS|TAMS 0x00000000b8500000| PB 0x00000000b8500000| Complete 
| 902|0x00000000b8600000, 0x00000000b8700000, 0x00000000b8700000|100%| E|CS|TAMS 0x00000000b8600000| PB 0x00000000b8600000| Complete 
| 903|0x00000000b8700000, 0x00000000b8800000, 0x00000000b8800000|100%| E|CS|TAMS 0x00000000b8700000| PB 0x00000000b8700000| Complete 
| 904|0x00000000b8800000, 0x00000000b8900000, 0x00000000b8900000|100%| E|CS|TAMS 0x00000000b8800000| PB 0x00000000b8800000| Complete 
| 905|0x00000000b8900000, 0x00000000b8a00000, 0x00000000b8a00000|100%| E|CS|TAMS 0x00000000b8900000| PB 0x00000000b8900000| Complete 
| 906|0x00000000b8a00000, 0x00000000b8b00000, 0x00000000b8b00000|100%| E|CS|TAMS 0x00000000b8a00000| PB 0x00000000b8a00000| Complete 
| 907|0x00000000b8b00000, 0x00000000b8c00000, 0x00000000b8c00000|100%| E|CS|TAMS 0x00000000b8b00000| PB 0x00000000b8b00000| Complete 
| 908|0x00000000b8c00000, 0x00000000b8d00000, 0x00000000b8d00000|100%| E|CS|TAMS 0x00000000b8c00000| PB 0x00000000b8c00000| Complete 
| 909|0x00000000b8d00000, 0x00000000b8e00000, 0x00000000b8e00000|100%| E|CS|TAMS 0x00000000b8d00000| PB 0x00000000b8d00000| Complete 
| 910|0x00000000b8e00000, 0x00000000b8f00000, 0x00000000b8f00000|100%| E|CS|TAMS 0x00000000b8e00000| PB 0x00000000b8e00000| Complete 
| 911|0x00000000b8f00000, 0x00000000b9000000, 0x00000000b9000000|100%| E|CS|TAMS 0x00000000b8f00000| PB 0x00000000b8f00000| Complete 
| 912|0x00000000b9000000, 0x00000000b9100000, 0x00000000b9100000|100%| E|CS|TAMS 0x00000000b9000000| PB 0x00000000b9000000| Complete 
| 913|0x00000000b9100000, 0x00000000b9200000, 0x00000000b9200000|100%| E|CS|TAMS 0x00000000b9100000| PB 0x00000000b9100000| Complete 
| 914|0x00000000b9200000, 0x00000000b9300000, 0x00000000b9300000|100%| E|CS|TAMS 0x00000000b9200000| PB 0x00000000b9200000| Complete 
| 915|0x00000000b9300000, 0x00000000b9400000, 0x00000000b9400000|100%| E|CS|TAMS 0x00000000b9300000| PB 0x00000000b9300000| Complete 
| 916|0x00000000b9400000, 0x00000000b9500000, 0x00000000b9500000|100%| E|CS|TAMS 0x00000000b9400000| PB 0x00000000b9400000| Complete 
| 917|0x00000000b9500000, 0x00000000b9600000, 0x00000000b9600000|100%| E|CS|TAMS 0x00000000b9500000| PB 0x00000000b9500000| Complete 
| 918|0x00000000b9600000, 0x00000000b9700000, 0x00000000b9700000|100%| E|CS|TAMS 0x00000000b9600000| PB 0x00000000b9600000| Complete 
| 919|0x00000000b9700000, 0x00000000b9800000, 0x00000000b9800000|100%| E|CS|TAMS 0x00000000b9700000| PB 0x00000000b9700000| Complete 
| 920|0x00000000b9800000, 0x00000000b9900000, 0x00000000b9900000|100%| E|CS|TAMS 0x00000000b9800000| PB 0x00000000b9800000| Complete 
| 921|0x00000000b9900000, 0x00000000b9a00000, 0x00000000b9a00000|100%| E|CS|TAMS 0x00000000b9900000| PB 0x00000000b9900000| Complete 
| 922|0x00000000b9a00000, 0x00000000b9b00000, 0x00000000b9b00000|100%| E|CS|TAMS 0x00000000b9a00000| PB 0x00000000b9a00000| Complete 
| 923|0x00000000b9b00000, 0x00000000b9c00000, 0x00000000b9c00000|100%| E|CS|TAMS 0x00000000b9b00000| PB 0x00000000b9b00000| Complete 
| 924|0x00000000b9c00000, 0x00000000b9d00000, 0x00000000b9d00000|100%| E|CS|TAMS 0x00000000b9c00000| PB 0x00000000b9c00000| Complete 
| 925|0x00000000b9d00000, 0x00000000b9e00000, 0x00000000b9e00000|100%| E|CS|TAMS 0x00000000b9d00000| PB 0x00000000b9d00000| Complete 
| 926|0x00000000b9e00000, 0x00000000b9f00000, 0x00000000b9f00000|100%| E|CS|TAMS 0x00000000b9e00000| PB 0x00000000b9e00000| Complete 
| 927|0x00000000b9f00000, 0x00000000ba000000, 0x00000000ba000000|100%| E|CS|TAMS 0x00000000b9f00000| PB 0x00000000b9f00000| Complete 
| 928|0x00000000ba000000, 0x00000000ba100000, 0x00000000ba100000|100%| E|CS|TAMS 0x00000000ba000000| PB 0x00000000ba000000| Complete 
| 929|0x00000000ba100000, 0x00000000ba200000, 0x00000000ba200000|100%| E|CS|TAMS 0x00000000ba100000| PB 0x00000000ba100000| Complete 
| 930|0x00000000ba200000, 0x00000000ba300000, 0x00000000ba300000|100%| E|CS|TAMS 0x00000000ba200000| PB 0x00000000ba200000| Complete 
| 931|0x00000000ba300000, 0x00000000ba400000, 0x00000000ba400000|100%| E|CS|TAMS 0x00000000ba300000| PB 0x00000000ba300000| Complete 
| 932|0x00000000ba400000, 0x00000000ba500000, 0x00000000ba500000|100%| E|CS|TAMS 0x00000000ba400000| PB 0x00000000ba400000| Complete 
| 933|0x00000000ba500000, 0x00000000ba600000, 0x00000000ba600000|100%| E|CS|TAMS 0x00000000ba500000| PB 0x00000000ba500000| Complete 
| 934|0x00000000ba600000, 0x00000000ba700000, 0x00000000ba700000|100%| E|CS|TAMS 0x00000000ba600000| PB 0x00000000ba600000| Complete 
| 935|0x00000000ba700000, 0x00000000ba800000, 0x00000000ba800000|100%| E|CS|TAMS 0x00000000ba700000| PB 0x00000000ba700000| Complete 
| 936|0x00000000ba800000, 0x00000000ba900000, 0x00000000ba900000|100%| E|CS|TAMS 0x00000000ba800000| PB 0x00000000ba800000| Complete 
| 937|0x00000000ba900000, 0x00000000baa00000, 0x00000000baa00000|100%| E|CS|TAMS 0x00000000ba900000| PB 0x00000000ba900000| Complete 
| 938|0x00000000baa00000, 0x00000000bab00000, 0x00000000bab00000|100%| E|CS|TAMS 0x00000000baa00000| PB 0x00000000baa00000| Complete 
| 939|0x00000000bab00000, 0x00000000bac00000, 0x00000000bac00000|100%| E|CS|TAMS 0x00000000bab00000| PB 0x00000000bab00000| Complete 
| 940|0x00000000bac00000, 0x00000000bad00000, 0x00000000bad00000|100%| E|CS|TAMS 0x00000000bac00000| PB 0x00000000bac00000| Complete 
| 941|0x00000000bad00000, 0x00000000bae00000, 0x00000000bae00000|100%| E|CS|TAMS 0x00000000bad00000| PB 0x00000000bad00000| Complete 
| 942|0x00000000bae00000, 0x00000000baf00000, 0x00000000baf00000|100%| E|CS|TAMS 0x00000000bae00000| PB 0x00000000bae00000| Complete 
| 943|0x00000000baf00000, 0x00000000bb000000, 0x00000000bb000000|100%| E|CS|TAMS 0x00000000baf00000| PB 0x00000000baf00000| Complete 
| 944|0x00000000bb000000, 0x00000000bb100000, 0x00000000bb100000|100%| E|CS|TAMS 0x00000000bb000000| PB 0x00000000bb000000| Complete 
| 945|0x00000000bb100000, 0x00000000bb200000, 0x00000000bb200000|100%| E|CS|TAMS 0x00000000bb100000| PB 0x00000000bb100000| Complete 
| 946|0x00000000bb200000, 0x00000000bb300000, 0x00000000bb300000|100%| E|CS|TAMS 0x00000000bb200000| PB 0x00000000bb200000| Complete 
| 947|0x00000000bb300000, 0x00000000bb400000, 0x00000000bb400000|100%| E|CS|TAMS 0x00000000bb300000| PB 0x00000000bb300000| Complete 
| 948|0x00000000bb400000, 0x00000000bb500000, 0x00000000bb500000|100%| E|CS|TAMS 0x00000000bb400000| PB 0x00000000bb400000| Complete 
| 949|0x00000000bb500000, 0x00000000bb600000, 0x00000000bb600000|100%| E|CS|TAMS 0x00000000bb500000| PB 0x00000000bb500000| Complete 
| 950|0x00000000bb600000, 0x00000000bb700000, 0x00000000bb700000|100%| E|CS|TAMS 0x00000000bb600000| PB 0x00000000bb600000| Complete 
| 951|0x00000000bb700000, 0x00000000bb800000, 0x00000000bb800000|100%| E|CS|TAMS 0x00000000bb700000| PB 0x00000000bb700000| Complete 
| 952|0x00000000bb800000, 0x00000000bb900000, 0x00000000bb900000|100%| E|CS|TAMS 0x00000000bb800000| PB 0x00000000bb800000| Complete 
| 953|0x00000000bb900000, 0x00000000bba00000, 0x00000000bba00000|100%| E|CS|TAMS 0x00000000bb900000| PB 0x00000000bb900000| Complete 
| 954|0x00000000bba00000, 0x00000000bbb00000, 0x00000000bbb00000|100%| E|CS|TAMS 0x00000000bba00000| PB 0x00000000bba00000| Complete 
| 955|0x00000000bbb00000, 0x00000000bbc00000, 0x00000000bbc00000|100%| E|CS|TAMS 0x00000000bbb00000| PB 0x00000000bbb00000| Complete 
| 956|0x00000000bbc00000, 0x00000000bbd00000, 0x00000000bbd00000|100%| E|CS|TAMS 0x00000000bbc00000| PB 0x00000000bbc00000| Complete 
| 957|0x00000000bbd00000, 0x00000000bbe00000, 0x00000000bbe00000|100%| E|CS|TAMS 0x00000000bbd00000| PB 0x00000000bbd00000| Complete 
| 958|0x00000000bbe00000, 0x00000000bbf00000, 0x00000000bbf00000|100%| E|CS|TAMS 0x00000000bbe00000| PB 0x00000000bbe00000| Complete 
| 959|0x00000000bbf00000, 0x00000000bc000000, 0x00000000bc000000|100%| E|CS|TAMS 0x00000000bbf00000| PB 0x00000000bbf00000| Complete 
| 960|0x00000000bc000000, 0x00000000bc100000, 0x00000000bc100000|100%| E|CS|TAMS 0x00000000bc000000| PB 0x00000000bc000000| Complete 
| 961|0x00000000bc100000, 0x00000000bc200000, 0x00000000bc200000|100%| E|CS|TAMS 0x00000000bc100000| PB 0x00000000bc100000| Complete 
| 962|0x00000000bc200000, 0x00000000bc300000, 0x00000000bc300000|100%| E|CS|TAMS 0x00000000bc200000| PB 0x00000000bc200000| Complete 
| 963|0x00000000bc300000, 0x00000000bc400000, 0x00000000bc400000|100%| E|CS|TAMS 0x00000000bc300000| PB 0x00000000bc300000| Complete 
| 964|0x00000000bc400000, 0x00000000bc500000, 0x00000000bc500000|100%| E|CS|TAMS 0x00000000bc400000| PB 0x00000000bc400000| Complete 
| 965|0x00000000bc500000, 0x00000000bc600000, 0x00000000bc600000|100%| E|CS|TAMS 0x00000000bc500000| PB 0x00000000bc500000| Complete 
| 966|0x00000000bc600000, 0x00000000bc700000, 0x00000000bc700000|100%| E|CS|TAMS 0x00000000bc600000| PB 0x00000000bc600000| Complete 
| 967|0x00000000bc700000, 0x00000000bc800000, 0x00000000bc800000|100%| E|CS|TAMS 0x00000000bc700000| PB 0x00000000bc700000| Complete 
| 968|0x00000000bc800000, 0x00000000bc900000, 0x00000000bc900000|100%| E|CS|TAMS 0x00000000bc800000| PB 0x00000000bc800000| Complete 
| 969|0x00000000bc900000, 0x00000000bca00000, 0x00000000bca00000|100%| E|CS|TAMS 0x00000000bc900000| PB 0x00000000bc900000| Complete 
| 970|0x00000000bca00000, 0x00000000bcb00000, 0x00000000bcb00000|100%| E|CS|TAMS 0x00000000bca00000| PB 0x00000000bca00000| Complete 
| 971|0x00000000bcb00000, 0x00000000bcc00000, 0x00000000bcc00000|100%| E|CS|TAMS 0x00000000bcb00000| PB 0x00000000bcb00000| Complete 
| 972|0x00000000bcc00000, 0x00000000bcd00000, 0x00000000bcd00000|100%| E|CS|TAMS 0x00000000bcc00000| PB 0x00000000bcc00000| Complete 
| 973|0x00000000bcd00000, 0x00000000bce00000, 0x00000000bce00000|100%| E|CS|TAMS 0x00000000bcd00000| PB 0x00000000bcd00000| Complete 
| 974|0x00000000bce00000, 0x00000000bcf00000, 0x00000000bcf00000|100%| E|CS|TAMS 0x00000000bce00000| PB 0x00000000bce00000| Complete 
| 975|0x00000000bcf00000, 0x00000000bd000000, 0x00000000bd000000|100%| E|CS|TAMS 0x00000000bcf00000| PB 0x00000000bcf00000| Complete 
| 976|0x00000000bd000000, 0x00000000bd100000, 0x00000000bd100000|100%| E|CS|TAMS 0x00000000bd000000| PB 0x00000000bd000000| Complete 
| 977|0x00000000bd100000, 0x00000000bd200000, 0x00000000bd200000|100%| E|CS|TAMS 0x00000000bd100000| PB 0x00000000bd100000| Complete 
| 978|0x00000000bd200000, 0x00000000bd300000, 0x00000000bd300000|100%| E|CS|TAMS 0x00000000bd200000| PB 0x00000000bd200000| Complete 
| 979|0x00000000bd300000, 0x00000000bd400000, 0x00000000bd400000|100%| E|CS|TAMS 0x00000000bd300000| PB 0x00000000bd300000| Complete 
| 980|0x00000000bd400000, 0x00000000bd500000, 0x00000000bd500000|100%| E|CS|TAMS 0x00000000bd400000| PB 0x00000000bd400000| Complete 
| 981|0x00000000bd500000, 0x00000000bd600000, 0x00000000bd600000|100%| E|CS|TAMS 0x00000000bd500000| PB 0x00000000bd500000| Complete 
| 982|0x00000000bd600000, 0x00000000bd700000, 0x00000000bd700000|100%| E|CS|TAMS 0x00000000bd600000| PB 0x00000000bd600000| Complete 
| 983|0x00000000bd700000, 0x00000000bd800000, 0x00000000bd800000|100%| E|CS|TAMS 0x00000000bd700000| PB 0x00000000bd700000| Complete 
| 984|0x00000000bd800000, 0x00000000bd900000, 0x00000000bd900000|100%| E|CS|TAMS 0x00000000bd800000| PB 0x00000000bd800000| Complete 
| 985|0x00000000bd900000, 0x00000000bda00000, 0x00000000bda00000|100%| E|CS|TAMS 0x00000000bd900000| PB 0x00000000bd900000| Complete 
| 986|0x00000000bda00000, 0x00000000bdb00000, 0x00000000bdb00000|100%| E|CS|TAMS 0x00000000bda00000| PB 0x00000000bda00000| Complete 
| 987|0x00000000bdb00000, 0x00000000bdc00000, 0x00000000bdc00000|100%| E|CS|TAMS 0x00000000bdb00000| PB 0x00000000bdb00000| Complete 
| 988|0x00000000bdc00000, 0x00000000bdd00000, 0x00000000bdd00000|100%| E|CS|TAMS 0x00000000bdc00000| PB 0x00000000bdc00000| Complete 
| 989|0x00000000bdd00000, 0x00000000bde00000, 0x00000000bde00000|100%| E|CS|TAMS 0x00000000bdd00000| PB 0x00000000bdd00000| Complete 
| 990|0x00000000bde00000, 0x00000000bdf00000, 0x00000000bdf00000|100%| E|CS|TAMS 0x00000000bde00000| PB 0x00000000bde00000| Complete 
| 991|0x00000000bdf00000, 0x00000000be000000, 0x00000000be000000|100%| E|CS|TAMS 0x00000000bdf00000| PB 0x00000000bdf00000| Complete 
| 992|0x00000000be000000, 0x00000000be100000, 0x00000000be100000|100%| E|CS|TAMS 0x00000000be000000| PB 0x00000000be000000| Complete 
| 993|0x00000000be100000, 0x00000000be200000, 0x00000000be200000|100%| E|CS|TAMS 0x00000000be100000| PB 0x00000000be100000| Complete 
| 994|0x00000000be200000, 0x00000000be300000, 0x00000000be300000|100%| E|CS|TAMS 0x00000000be200000| PB 0x00000000be200000| Complete 
| 995|0x00000000be300000, 0x00000000be400000, 0x00000000be400000|100%| E|CS|TAMS 0x00000000be300000| PB 0x00000000be300000| Complete 
| 996|0x00000000be400000, 0x00000000be500000, 0x00000000be500000|100%| E|CS|TAMS 0x00000000be400000| PB 0x00000000be400000| Complete 
| 997|0x00000000be500000, 0x00000000be600000, 0x00000000be600000|100%| E|CS|TAMS 0x00000000be500000| PB 0x00000000be500000| Complete 
| 998|0x00000000be600000, 0x00000000be700000, 0x00000000be700000|100%| E|CS|TAMS 0x00000000be600000| PB 0x00000000be600000| Complete 
| 999|0x00000000be700000, 0x00000000be800000, 0x00000000be800000|100%| E|CS|TAMS 0x00000000be700000| PB 0x00000000be700000| Complete 
|1000|0x00000000be800000, 0x00000000be900000, 0x00000000be900000|100%| E|CS|TAMS 0x00000000be800000| PB 0x00000000be800000| Complete 
|1001|0x00000000be900000, 0x00000000bea00000, 0x00000000bea00000|100%| E|CS|TAMS 0x00000000be900000| PB 0x00000000be900000| Complete 
|1002|0x00000000bea00000, 0x00000000beb00000, 0x00000000beb00000|100%| E|CS|TAMS 0x00000000bea00000| PB 0x00000000bea00000| Complete 
|1003|0x00000000beb00000, 0x00000000bec00000, 0x00000000bec00000|100%| E|CS|TAMS 0x00000000beb00000| PB 0x00000000beb00000| Complete 
|1004|0x00000000bec00000, 0x00000000bed00000, 0x00000000bed00000|100%| E|CS|TAMS 0x00000000bec00000| PB 0x00000000bec00000| Complete 
|1005|0x00000000bed00000, 0x00000000bee00000, 0x00000000bee00000|100%| E|CS|TAMS 0x00000000bed00000| PB 0x00000000bed00000| Complete 
|1006|0x00000000bee00000, 0x00000000bef00000, 0x00000000bef00000|100%| E|CS|TAMS 0x00000000bee00000| PB 0x00000000bee00000| Complete 
|1007|0x00000000bef00000, 0x00000000bf000000, 0x00000000bf000000|100%| E|CS|TAMS 0x00000000bef00000| PB 0x00000000bef00000| Complete 
|1008|0x00000000bf000000, 0x00000000bf100000, 0x00000000bf100000|100%| E|CS|TAMS 0x00000000bf000000| PB 0x00000000bf000000| Complete 
|1009|0x00000000bf100000, 0x00000000bf200000, 0x00000000bf200000|100%| E|CS|TAMS 0x00000000bf100000| PB 0x00000000bf100000| Complete 
|1010|0x00000000bf200000, 0x00000000bf300000, 0x00000000bf300000|100%| E|CS|TAMS 0x00000000bf200000| PB 0x00000000bf200000| Complete 
|1011|0x00000000bf300000, 0x00000000bf400000, 0x00000000bf400000|100%| E|CS|TAMS 0x00000000bf300000| PB 0x00000000bf300000| Complete 
|1012|0x00000000bf400000, 0x00000000bf500000, 0x00000000bf500000|100%| E|CS|TAMS 0x00000000bf400000| PB 0x00000000bf400000| Complete 
|1013|0x00000000bf500000, 0x00000000bf600000, 0x00000000bf600000|100%| E|CS|TAMS 0x00000000bf500000| PB 0x00000000bf500000| Complete 
|1014|0x00000000bf600000, 0x00000000bf700000, 0x00000000bf700000|100%| E|CS|TAMS 0x00000000bf600000| PB 0x00000000bf600000| Complete 
|1015|0x00000000bf700000, 0x00000000bf800000, 0x00000000bf800000|100%| E|CS|TAMS 0x00000000bf700000| PB 0x00000000bf700000| Complete 
|1016|0x00000000bf800000, 0x00000000bf900000, 0x00000000bf900000|100%| E|CS|TAMS 0x00000000bf800000| PB 0x00000000bf800000| Complete 
|1017|0x00000000bf900000, 0x00000000bfa00000, 0x00000000bfa00000|100%| E|CS|TAMS 0x00000000bf900000| PB 0x00000000bf900000| Complete 
|1018|0x00000000bfa00000, 0x00000000bfb00000, 0x00000000bfb00000|100%| E|CS|TAMS 0x00000000bfa00000| PB 0x00000000bfa00000| Complete 
|1019|0x00000000bfb00000, 0x00000000bfc00000, 0x00000000bfc00000|100%| E|CS|TAMS 0x00000000bfb00000| PB 0x00000000bfb00000| Complete 
|1020|0x00000000bfc00000, 0x00000000bfd00000, 0x00000000bfd00000|100%| E|CS|TAMS 0x00000000bfc00000| PB 0x00000000bfc00000| Complete 
|1021|0x00000000bfd00000, 0x00000000bfe00000, 0x00000000bfe00000|100%| E|CS|TAMS 0x00000000bfd00000| PB 0x00000000bfd00000| Complete 
|1022|0x00000000bfe00000, 0x00000000bff00000, 0x00000000bff00000|100%| E|CS|TAMS 0x00000000bfe00000| PB 0x00000000bfe00000| Complete 
|1023|0x00000000bff00000, 0x00000000c0000000, 0x00000000c0000000|100%| E|CS|TAMS 0x00000000bff00000| PB 0x00000000bff00000| Complete 
|1024|0x00000000c0000000, 0x00000000c0100000, 0x00000000c0100000|100%| E|CS|TAMS 0x00000000c0000000| PB 0x00000000c0000000| Complete 
|1025|0x00000000c0100000, 0x00000000c0200000, 0x00000000c0200000|100%| E|CS|TAMS 0x00000000c0100000| PB 0x00000000c0100000| Complete 
|1026|0x00000000c0200000, 0x00000000c0300000, 0x00000000c0300000|100%| E|CS|TAMS 0x00000000c0200000| PB 0x00000000c0200000| Complete 
|1027|0x00000000c0300000, 0x00000000c0400000, 0x00000000c0400000|100%| E|CS|TAMS 0x00000000c0300000| PB 0x00000000c0300000| Complete 
|1028|0x00000000c0400000, 0x00000000c0500000, 0x00000000c0500000|100%| E|CS|TAMS 0x00000000c0400000| PB 0x00000000c0400000| Complete 
|1029|0x00000000c0500000, 0x00000000c0600000, 0x00000000c0600000|100%| E|CS|TAMS 0x00000000c0500000| PB 0x00000000c0500000| Complete 
|1030|0x00000000c0600000, 0x00000000c0700000, 0x00000000c0700000|100%| E|CS|TAMS 0x00000000c0600000| PB 0x00000000c0600000| Complete 
|1031|0x00000000c0700000, 0x00000000c0800000, 0x00000000c0800000|100%| E|CS|TAMS 0x00000000c0700000| PB 0x00000000c0700000| Complete 
|1032|0x00000000c0800000, 0x00000000c0900000, 0x00000000c0900000|100%| E|CS|TAMS 0x00000000c0800000| PB 0x00000000c0800000| Complete 
|1033|0x00000000c0900000, 0x00000000c0a00000, 0x00000000c0a00000|100%| E|CS|TAMS 0x00000000c0900000| PB 0x00000000c0900000| Complete 
|1034|0x00000000c0a00000, 0x00000000c0b00000, 0x00000000c0b00000|100%| E|CS|TAMS 0x00000000c0a00000| PB 0x00000000c0a00000| Complete 
|1035|0x00000000c0b00000, 0x00000000c0c00000, 0x00000000c0c00000|100%| E|CS|TAMS 0x00000000c0b00000| PB 0x00000000c0b00000| Complete 
|1036|0x00000000c0c00000, 0x00000000c0d00000, 0x00000000c0d00000|100%| E|CS|TAMS 0x00000000c0c00000| PB 0x00000000c0c00000| Complete 
|1037|0x00000000c0d00000, 0x00000000c0e00000, 0x00000000c0e00000|100%| E|CS|TAMS 0x00000000c0d00000| PB 0x00000000c0d00000| Complete 
|1038|0x00000000c0e00000, 0x00000000c0f00000, 0x00000000c0f00000|100%| E|CS|TAMS 0x00000000c0e00000| PB 0x00000000c0e00000| Complete 
|1039|0x00000000c0f00000, 0x00000000c1000000, 0x00000000c1000000|100%| E|CS|TAMS 0x00000000c0f00000| PB 0x00000000c0f00000| Complete 
|1040|0x00000000c1000000, 0x00000000c1100000, 0x00000000c1100000|100%| E|CS|TAMS 0x00000000c1000000| PB 0x00000000c1000000| Complete 
|1041|0x00000000c1100000, 0x00000000c1200000, 0x00000000c1200000|100%| E|CS|TAMS 0x00000000c1100000| PB 0x00000000c1100000| Complete 
|1042|0x00000000c1200000, 0x00000000c1300000, 0x00000000c1300000|100%| E|CS|TAMS 0x00000000c1200000| PB 0x00000000c1200000| Complete 
|1043|0x00000000c1300000, 0x00000000c1400000, 0x00000000c1400000|100%| E|CS|TAMS 0x00000000c1300000| PB 0x00000000c1300000| Complete 
|1044|0x00000000c1400000, 0x00000000c1500000, 0x00000000c1500000|100%| E|CS|TAMS 0x00000000c1400000| PB 0x00000000c1400000| Complete 
|1045|0x00000000c1500000, 0x00000000c1600000, 0x00000000c1600000|100%| E|CS|TAMS 0x00000000c1500000| PB 0x00000000c1500000| Complete 
|1046|0x00000000c1600000, 0x00000000c1700000, 0x00000000c1700000|100%| E|CS|TAMS 0x00000000c1600000| PB 0x00000000c1600000| Complete 
|1047|0x00000000c1700000, 0x00000000c1800000, 0x00000000c1800000|100%| E|CS|TAMS 0x00000000c1700000| PB 0x00000000c1700000| Complete 
|1048|0x00000000c1800000, 0x00000000c1900000, 0x00000000c1900000|100%| E|CS|TAMS 0x00000000c1800000| PB 0x00000000c1800000| Complete 
|1049|0x00000000c1900000, 0x00000000c1a00000, 0x00000000c1a00000|100%| E|CS|TAMS 0x00000000c1900000| PB 0x00000000c1900000| Complete 
|1050|0x00000000c1a00000, 0x00000000c1b00000, 0x00000000c1b00000|100%| E|CS|TAMS 0x00000000c1a00000| PB 0x00000000c1a00000| Complete 
|1051|0x00000000c1b00000, 0x00000000c1c00000, 0x00000000c1c00000|100%| E|CS|TAMS 0x00000000c1b00000| PB 0x00000000c1b00000| Complete 
|1052|0x00000000c1c00000, 0x00000000c1d00000, 0x00000000c1d00000|100%| E|CS|TAMS 0x00000000c1c00000| PB 0x00000000c1c00000| Complete 
|1053|0x00000000c1d00000, 0x00000000c1e00000, 0x00000000c1e00000|100%| E|CS|TAMS 0x00000000c1d00000| PB 0x00000000c1d00000| Complete 
|1054|0x00000000c1e00000, 0x00000000c1f00000, 0x00000000c1f00000|100%| E|CS|TAMS 0x00000000c1e00000| PB 0x00000000c1e00000| Complete 
|1055|0x00000000c1f00000, 0x00000000c2000000, 0x00000000c2000000|100%| E|CS|TAMS 0x00000000c1f00000| PB 0x00000000c1f00000| Complete 
|1056|0x00000000c2000000, 0x00000000c2100000, 0x00000000c2100000|100%| E|CS|TAMS 0x00000000c2000000| PB 0x00000000c2000000| Complete 
|1057|0x00000000c2100000, 0x00000000c2200000, 0x00000000c2200000|100%| E|CS|TAMS 0x00000000c2100000| PB 0x00000000c2100000| Complete 
|1058|0x00000000c2200000, 0x00000000c2300000, 0x00000000c2300000|100%| E|CS|TAMS 0x00000000c2200000| PB 0x00000000c2200000| Complete 
|1059|0x00000000c2300000, 0x00000000c2400000, 0x00000000c2400000|100%| E|CS|TAMS 0x00000000c2300000| PB 0x00000000c2300000| Complete 
|1060|0x00000000c2400000, 0x00000000c2500000, 0x00000000c2500000|100%| E|CS|TAMS 0x00000000c2400000| PB 0x00000000c2400000| Complete 
|1061|0x00000000c2500000, 0x00000000c2600000, 0x00000000c2600000|100%| E|CS|TAMS 0x00000000c2500000| PB 0x00000000c2500000| Complete 
|1062|0x00000000c2600000, 0x00000000c2700000, 0x00000000c2700000|100%| E|CS|TAMS 0x00000000c2600000| PB 0x00000000c2600000| Complete 
|1063|0x00000000c2700000, 0x00000000c2800000, 0x00000000c2800000|100%| E|CS|TAMS 0x00000000c2700000| PB 0x00000000c2700000| Complete 
|1064|0x00000000c2800000, 0x00000000c2900000, 0x00000000c2900000|100%| E|CS|TAMS 0x00000000c2800000| PB 0x00000000c2800000| Complete 
|1065|0x00000000c2900000, 0x00000000c2a00000, 0x00000000c2a00000|100%| E|CS|TAMS 0x00000000c2900000| PB 0x00000000c2900000| Complete 
|1066|0x00000000c2a00000, 0x00000000c2b00000, 0x00000000c2b00000|100%| E|CS|TAMS 0x00000000c2a00000| PB 0x00000000c2a00000| Complete 
|1067|0x00000000c2b00000, 0x00000000c2c00000, 0x00000000c2c00000|100%| E|CS|TAMS 0x00000000c2b00000| PB 0x00000000c2b00000| Complete 
|1068|0x00000000c2c00000, 0x00000000c2d00000, 0x00000000c2d00000|100%| E|CS|TAMS 0x00000000c2c00000| PB 0x00000000c2c00000| Complete 
|1069|0x00000000c2d00000, 0x00000000c2e00000, 0x00000000c2e00000|100%| E|CS|TAMS 0x00000000c2d00000| PB 0x00000000c2d00000| Complete 
|1070|0x00000000c2e00000, 0x00000000c2f00000, 0x00000000c2f00000|100%| E|CS|TAMS 0x00000000c2e00000| PB 0x00000000c2e00000| Complete 
|1071|0x00000000c2f00000, 0x00000000c3000000, 0x00000000c3000000|100%| E|CS|TAMS 0x00000000c2f00000| PB 0x00000000c2f00000| Complete 
|1072|0x00000000c3000000, 0x00000000c3100000, 0x00000000c3100000|100%| E|CS|TAMS 0x00000000c3000000| PB 0x00000000c3000000| Complete 
|1073|0x00000000c3100000, 0x00000000c3200000, 0x00000000c3200000|100%| E|CS|TAMS 0x00000000c3100000| PB 0x00000000c3100000| Complete 
|1074|0x00000000c3200000, 0x00000000c3300000, 0x00000000c3300000|100%| E|CS|TAMS 0x00000000c3200000| PB 0x00000000c3200000| Complete 
|1075|0x00000000c3300000, 0x00000000c3400000, 0x00000000c3400000|100%| E|CS|TAMS 0x00000000c3300000| PB 0x00000000c3300000| Complete 
|1076|0x00000000c3400000, 0x00000000c3500000, 0x00000000c3500000|100%| E|CS|TAMS 0x00000000c3400000| PB 0x00000000c3400000| Complete 
|1077|0x00000000c3500000, 0x00000000c3600000, 0x00000000c3600000|100%| E|CS|TAMS 0x00000000c3500000| PB 0x00000000c3500000| Complete 
|1078|0x00000000c3600000, 0x00000000c3700000, 0x00000000c3700000|100%| E|CS|TAMS 0x00000000c3600000| PB 0x00000000c3600000| Complete 
|1079|0x00000000c3700000, 0x00000000c3800000, 0x00000000c3800000|100%| E|CS|TAMS 0x00000000c3700000| PB 0x00000000c3700000| Complete 
|1080|0x00000000c3800000, 0x00000000c3900000, 0x00000000c3900000|100%| E|CS|TAMS 0x00000000c3800000| PB 0x00000000c3800000| Complete 
|1081|0x00000000c3900000, 0x00000000c3a00000, 0x00000000c3a00000|100%| E|CS|TAMS 0x00000000c3900000| PB 0x00000000c3900000| Complete 
|1082|0x00000000c3a00000, 0x00000000c3b00000, 0x00000000c3b00000|100%| E|CS|TAMS 0x00000000c3a00000| PB 0x00000000c3a00000| Complete 
|1083|0x00000000c3b00000, 0x00000000c3c00000, 0x00000000c3c00000|100%| E|CS|TAMS 0x00000000c3b00000| PB 0x00000000c3b00000| Complete 
|1084|0x00000000c3c00000, 0x00000000c3d00000, 0x00000000c3d00000|100%| E|CS|TAMS 0x00000000c3c00000| PB 0x00000000c3c00000| Complete 
|1085|0x00000000c3d00000, 0x00000000c3e00000, 0x00000000c3e00000|100%| E|CS|TAMS 0x00000000c3d00000| PB 0x00000000c3d00000| Complete 
|1086|0x00000000c3e00000, 0x00000000c3f00000, 0x00000000c3f00000|100%| E|CS|TAMS 0x00000000c3e00000| PB 0x00000000c3e00000| Complete 
|1087|0x00000000c3f00000, 0x00000000c4000000, 0x00000000c4000000|100%| E|CS|TAMS 0x00000000c3f00000| PB 0x00000000c3f00000| Complete 
|1088|0x00000000c4000000, 0x00000000c4100000, 0x00000000c4100000|100%| E|CS|TAMS 0x00000000c4000000| PB 0x00000000c4000000| Complete 
|1089|0x00000000c4100000, 0x00000000c4200000, 0x00000000c4200000|100%| E|CS|TAMS 0x00000000c4100000| PB 0x00000000c4100000| Complete 
|1090|0x00000000c4200000, 0x00000000c4300000, 0x00000000c4300000|100%| E|CS|TAMS 0x00000000c4200000| PB 0x00000000c4200000| Complete 
|1091|0x00000000c4300000, 0x00000000c4400000, 0x00000000c4400000|100%| E|CS|TAMS 0x00000000c4300000| PB 0x00000000c4300000| Complete 
|1092|0x00000000c4400000, 0x00000000c4500000, 0x00000000c4500000|100%| E|CS|TAMS 0x00000000c4400000| PB 0x00000000c4400000| Complete 
|1093|0x00000000c4500000, 0x00000000c4600000, 0x00000000c4600000|100%| E|CS|TAMS 0x00000000c4500000| PB 0x00000000c4500000| Complete 
|1094|0x00000000c4600000, 0x00000000c4700000, 0x00000000c4700000|100%| E|CS|TAMS 0x00000000c4600000| PB 0x00000000c4600000| Complete 
|1095|0x00000000c4700000, 0x00000000c4800000, 0x00000000c4800000|100%| E|CS|TAMS 0x00000000c4700000| PB 0x00000000c4700000| Complete 
|1096|0x00000000c4800000, 0x00000000c4900000, 0x00000000c4900000|100%| E|CS|TAMS 0x00000000c4800000| PB 0x00000000c4800000| Complete 
|1097|0x00000000c4900000, 0x00000000c4a00000, 0x00000000c4a00000|100%| E|CS|TAMS 0x00000000c4900000| PB 0x00000000c4900000| Complete 
|1098|0x00000000c4a00000, 0x00000000c4b00000, 0x00000000c4b00000|100%| E|CS|TAMS 0x00000000c4a00000| PB 0x00000000c4a00000| Complete 
|1099|0x00000000c4b00000, 0x00000000c4c00000, 0x00000000c4c00000|100%| E|CS|TAMS 0x00000000c4b00000| PB 0x00000000c4b00000| Complete 
|1100|0x00000000c4c00000, 0x00000000c4d00000, 0x00000000c4d00000|100%| E|CS|TAMS 0x00000000c4c00000| PB 0x00000000c4c00000| Complete 
|1101|0x00000000c4d00000, 0x00000000c4e00000, 0x00000000c4e00000|100%| E|CS|TAMS 0x00000000c4d00000| PB 0x00000000c4d00000| Complete 
|1102|0x00000000c4e00000, 0x00000000c4f00000, 0x00000000c4f00000|100%| E|CS|TAMS 0x00000000c4e00000| PB 0x00000000c4e00000| Complete 
|1103|0x00000000c4f00000, 0x00000000c5000000, 0x00000000c5000000|100%| E|CS|TAMS 0x00000000c4f00000| PB 0x00000000c4f00000| Complete 
|1104|0x00000000c5000000, 0x00000000c5100000, 0x00000000c5100000|100%| E|CS|TAMS 0x00000000c5000000| PB 0x00000000c5000000| Complete 
|1105|0x00000000c5100000, 0x00000000c5200000, 0x00000000c5200000|100%| E|CS|TAMS 0x00000000c5100000| PB 0x00000000c5100000| Complete 
|1106|0x00000000c5200000, 0x00000000c5300000, 0x00000000c5300000|100%| E|CS|TAMS 0x00000000c5200000| PB 0x00000000c5200000| Complete 
|1107|0x00000000c5300000, 0x00000000c5400000, 0x00000000c5400000|100%| E|CS|TAMS 0x00000000c5300000| PB 0x00000000c5300000| Complete 
|1108|0x00000000c5400000, 0x00000000c5500000, 0x00000000c5500000|100%| E|CS|TAMS 0x00000000c5400000| PB 0x00000000c5400000| Complete 
|1109|0x00000000c5500000, 0x00000000c5600000, 0x00000000c5600000|100%| E|CS|TAMS 0x00000000c5500000| PB 0x00000000c5500000| Complete 
|1110|0x00000000c5600000, 0x00000000c5700000, 0x00000000c5700000|100%| E|CS|TAMS 0x00000000c5600000| PB 0x00000000c5600000| Complete 
|1111|0x00000000c5700000, 0x00000000c5800000, 0x00000000c5800000|100%| E|CS|TAMS 0x00000000c5700000| PB 0x00000000c5700000| Complete 
|1112|0x00000000c5800000, 0x00000000c5900000, 0x00000000c5900000|100%| E|CS|TAMS 0x00000000c5800000| PB 0x00000000c5800000| Complete 
|1113|0x00000000c5900000, 0x00000000c5a00000, 0x00000000c5a00000|100%| E|CS|TAMS 0x00000000c5900000| PB 0x00000000c5900000| Complete 
|1114|0x00000000c5a00000, 0x00000000c5b00000, 0x00000000c5b00000|100%| E|CS|TAMS 0x00000000c5a00000| PB 0x00000000c5a00000| Complete 
|1115|0x00000000c5b00000, 0x00000000c5c00000, 0x00000000c5c00000|100%| E|CS|TAMS 0x00000000c5b00000| PB 0x00000000c5b00000| Complete 
|1116|0x00000000c5c00000, 0x00000000c5d00000, 0x00000000c5d00000|100%| E|CS|TAMS 0x00000000c5c00000| PB 0x00000000c5c00000| Complete 
|1117|0x00000000c5d00000, 0x00000000c5e00000, 0x00000000c5e00000|100%| E|CS|TAMS 0x00000000c5d00000| PB 0x00000000c5d00000| Complete 
|1118|0x00000000c5e00000, 0x00000000c5f00000, 0x00000000c5f00000|100%| E|CS|TAMS 0x00000000c5e00000| PB 0x00000000c5e00000| Complete 
|1119|0x00000000c5f00000, 0x00000000c6000000, 0x00000000c6000000|100%| E|CS|TAMS 0x00000000c5f00000| PB 0x00000000c5f00000| Complete 
|1120|0x00000000c6000000, 0x00000000c6100000, 0x00000000c6100000|100%| E|CS|TAMS 0x00000000c6000000| PB 0x00000000c6000000| Complete 
|1121|0x00000000c6100000, 0x00000000c6200000, 0x00000000c6200000|100%| E|CS|TAMS 0x00000000c6100000| PB 0x00000000c6100000| Complete 
|1122|0x00000000c6200000, 0x00000000c6300000, 0x00000000c6300000|100%| E|CS|TAMS 0x00000000c6200000| PB 0x00000000c6200000| Complete 
|1123|0x00000000c6300000, 0x00000000c6400000, 0x00000000c6400000|100%| E|CS|TAMS 0x00000000c6300000| PB 0x00000000c6300000| Complete 
|1124|0x00000000c6400000, 0x00000000c6500000, 0x00000000c6500000|100%| E|CS|TAMS 0x00000000c6400000| PB 0x00000000c6400000| Complete 
|1125|0x00000000c6500000, 0x00000000c6600000, 0x00000000c6600000|100%| E|CS|TAMS 0x00000000c6500000| PB 0x00000000c6500000| Complete 
|1126|0x00000000c6600000, 0x00000000c6700000, 0x00000000c6700000|100%| E|CS|TAMS 0x00000000c6600000| PB 0x00000000c6600000| Complete 
|1127|0x00000000c6700000, 0x00000000c6800000, 0x00000000c6800000|100%| E|CS|TAMS 0x00000000c6700000| PB 0x00000000c6700000| Complete 
|1128|0x00000000c6800000, 0x00000000c6900000, 0x00000000c6900000|100%| E|CS|TAMS 0x00000000c6800000| PB 0x00000000c6800000| Complete 
|1129|0x00000000c6900000, 0x00000000c6a00000, 0x00000000c6a00000|100%| E|CS|TAMS 0x00000000c6900000| PB 0x00000000c6900000| Complete 
|1130|0x00000000c6a00000, 0x00000000c6b00000, 0x00000000c6b00000|100%| E|CS|TAMS 0x00000000c6a00000| PB 0x00000000c6a00000| Complete 
|1131|0x00000000c6b00000, 0x00000000c6c00000, 0x00000000c6c00000|100%| E|CS|TAMS 0x00000000c6b00000| PB 0x00000000c6b00000| Complete 
|1132|0x00000000c6c00000, 0x00000000c6d00000, 0x00000000c6d00000|100%| E|CS|TAMS 0x00000000c6c00000| PB 0x00000000c6c00000| Complete 
|1133|0x00000000c6d00000, 0x00000000c6e00000, 0x00000000c6e00000|100%| E|CS|TAMS 0x00000000c6d00000| PB 0x00000000c6d00000| Complete 
|1134|0x00000000c6e00000, 0x00000000c6f00000, 0x00000000c6f00000|100%| E|CS|TAMS 0x00000000c6e00000| PB 0x00000000c6e00000| Complete 
|1135|0x00000000c6f00000, 0x00000000c7000000, 0x00000000c7000000|100%| E|CS|TAMS 0x00000000c6f00000| PB 0x00000000c6f00000| Complete 
|1136|0x00000000c7000000, 0x00000000c7100000, 0x00000000c7100000|100%| E|CS|TAMS 0x00000000c7000000| PB 0x00000000c7000000| Complete 
|1137|0x00000000c7100000, 0x00000000c7200000, 0x00000000c7200000|100%| E|CS|TAMS 0x00000000c7100000| PB 0x00000000c7100000| Complete 
|1138|0x00000000c7200000, 0x00000000c7300000, 0x00000000c7300000|100%| E|CS|TAMS 0x00000000c7200000| PB 0x00000000c7200000| Complete 
|1139|0x00000000c7300000, 0x00000000c7400000, 0x00000000c7400000|100%| E|CS|TAMS 0x00000000c7300000| PB 0x00000000c7300000| Complete 
|1140|0x00000000c7400000, 0x00000000c7500000, 0x00000000c7500000|100%| E|CS|TAMS 0x00000000c7400000| PB 0x00000000c7400000| Complete 
|1141|0x00000000c7500000, 0x00000000c7600000, 0x00000000c7600000|100%| E|CS|TAMS 0x00000000c7500000| PB 0x00000000c7500000| Complete 
|1142|0x00000000c7600000, 0x00000000c7700000, 0x00000000c7700000|100%| E|CS|TAMS 0x00000000c7600000| PB 0x00000000c7600000| Complete 
|1143|0x00000000c7700000, 0x00000000c7800000, 0x00000000c7800000|100%| E|CS|TAMS 0x00000000c7700000| PB 0x00000000c7700000| Complete 
|1144|0x00000000c7800000, 0x00000000c7900000, 0x00000000c7900000|100%| E|CS|TAMS 0x00000000c7800000| PB 0x00000000c7800000| Complete 
|1145|0x00000000c7900000, 0x00000000c7a00000, 0x00000000c7a00000|100%| E|CS|TAMS 0x00000000c7900000| PB 0x00000000c7900000| Complete 
|1146|0x00000000c7a00000, 0x00000000c7b00000, 0x00000000c7b00000|100%| E|CS|TAMS 0x00000000c7a00000| PB 0x00000000c7a00000| Complete 
|1147|0x00000000c7b00000, 0x00000000c7c00000, 0x00000000c7c00000|100%| E|CS|TAMS 0x00000000c7b00000| PB 0x00000000c7b00000| Complete 
|1148|0x00000000c7c00000, 0x00000000c7d00000, 0x00000000c7d00000|100%| E|CS|TAMS 0x00000000c7c00000| PB 0x00000000c7c00000| Complete 
|1149|0x00000000c7d00000, 0x00000000c7e00000, 0x00000000c7e00000|100%| E|CS|TAMS 0x00000000c7d00000| PB 0x00000000c7d00000| Complete 
|1150|0x00000000c7e00000, 0x00000000c7f00000, 0x00000000c7f00000|100%| E|CS|TAMS 0x00000000c7e00000| PB 0x00000000c7e00000| Complete 
|1151|0x00000000c7f00000, 0x00000000c8000000, 0x00000000c8000000|100%| E|CS|TAMS 0x00000000c7f00000| PB 0x00000000c7f00000| Complete 
|1152|0x00000000c8000000, 0x00000000c8100000, 0x00000000c8100000|100%| E|CS|TAMS 0x00000000c8000000| PB 0x00000000c8000000| Complete 
|1153|0x00000000c8100000, 0x00000000c8200000, 0x00000000c8200000|100%| E|CS|TAMS 0x00000000c8100000| PB 0x00000000c8100000| Complete 
|1154|0x00000000c8200000, 0x00000000c8300000, 0x00000000c8300000|100%| E|CS|TAMS 0x00000000c8200000| PB 0x00000000c8200000| Complete 
|1155|0x00000000c8300000, 0x00000000c8400000, 0x00000000c8400000|100%| E|CS|TAMS 0x00000000c8300000| PB 0x00000000c8300000| Complete 
|1156|0x00000000c8400000, 0x00000000c8500000, 0x00000000c8500000|100%| E|CS|TAMS 0x00000000c8400000| PB 0x00000000c8400000| Complete 
|1157|0x00000000c8500000, 0x00000000c8600000, 0x00000000c8600000|100%| E|CS|TAMS 0x00000000c8500000| PB 0x00000000c8500000| Complete 
|1158|0x00000000c8600000, 0x00000000c8700000, 0x00000000c8700000|100%| E|CS|TAMS 0x00000000c8600000| PB 0x00000000c8600000| Complete 
|1159|0x00000000c8700000, 0x00000000c8800000, 0x00000000c8800000|100%| E|CS|TAMS 0x00000000c8700000| PB 0x00000000c8700000| Complete 
|1160|0x00000000c8800000, 0x00000000c8900000, 0x00000000c8900000|100%| E|CS|TAMS 0x00000000c8800000| PB 0x00000000c8800000| Complete 
|1161|0x00000000c8900000, 0x00000000c8a00000, 0x00000000c8a00000|100%| E|CS|TAMS 0x00000000c8900000| PB 0x00000000c8900000| Complete 
|1162|0x00000000c8a00000, 0x00000000c8b00000, 0x00000000c8b00000|100%| E|CS|TAMS 0x00000000c8a00000| PB 0x00000000c8a00000| Complete 
|1163|0x00000000c8b00000, 0x00000000c8c00000, 0x00000000c8c00000|100%| E|CS|TAMS 0x00000000c8b00000| PB 0x00000000c8b00000| Complete 
|1164|0x00000000c8c00000, 0x00000000c8d00000, 0x00000000c8d00000|100%| E|CS|TAMS 0x00000000c8c00000| PB 0x00000000c8c00000| Complete 
|1165|0x00000000c8d00000, 0x00000000c8e00000, 0x00000000c8e00000|100%| E|CS|TAMS 0x00000000c8d00000| PB 0x00000000c8d00000| Complete 
|1166|0x00000000c8e00000, 0x00000000c8f00000, 0x00000000c8f00000|100%| E|CS|TAMS 0x00000000c8e00000| PB 0x00000000c8e00000| Complete 
|1167|0x00000000c8f00000, 0x00000000c9000000, 0x00000000c9000000|100%| E|CS|TAMS 0x00000000c8f00000| PB 0x00000000c8f00000| Complete 
|1168|0x00000000c9000000, 0x00000000c9100000, 0x00000000c9100000|100%| E|CS|TAMS 0x00000000c9000000| PB 0x00000000c9000000| Complete 
|1169|0x00000000c9100000, 0x00000000c9200000, 0x00000000c9200000|100%| E|CS|TAMS 0x00000000c9100000| PB 0x00000000c9100000| Complete 
|1170|0x00000000c9200000, 0x00000000c9300000, 0x00000000c9300000|100%| E|CS|TAMS 0x00000000c9200000| PB 0x00000000c9200000| Complete 
|1171|0x00000000c9300000, 0x00000000c9400000, 0x00000000c9400000|100%| E|CS|TAMS 0x00000000c9300000| PB 0x00000000c9300000| Complete 
|1172|0x00000000c9400000, 0x00000000c9500000, 0x00000000c9500000|100%| E|CS|TAMS 0x00000000c9400000| PB 0x00000000c9400000| Complete 
|1173|0x00000000c9500000, 0x00000000c9600000, 0x00000000c9600000|100%| E|CS|TAMS 0x00000000c9500000| PB 0x00000000c9500000| Complete 
|1174|0x00000000c9600000, 0x00000000c9700000, 0x00000000c9700000|100%| E|CS|TAMS 0x00000000c9600000| PB 0x00000000c9600000| Complete 
|1175|0x00000000c9700000, 0x00000000c9800000, 0x00000000c9800000|100%| E|CS|TAMS 0x00000000c9700000| PB 0x00000000c9700000| Complete 
|1176|0x00000000c9800000, 0x00000000c9900000, 0x00000000c9900000|100%| E|CS|TAMS 0x00000000c9800000| PB 0x00000000c9800000| Complete 
|1177|0x00000000c9900000, 0x00000000c9a00000, 0x00000000c9a00000|100%| E|CS|TAMS 0x00000000c9900000| PB 0x00000000c9900000| Complete 
|1178|0x00000000c9a00000, 0x00000000c9b00000, 0x00000000c9b00000|100%| E|CS|TAMS 0x00000000c9a00000| PB 0x00000000c9a00000| Complete 
|1179|0x00000000c9b00000, 0x00000000c9c00000, 0x00000000c9c00000|100%| E|CS|TAMS 0x00000000c9b00000| PB 0x00000000c9b00000| Complete 
|1180|0x00000000c9c00000, 0x00000000c9d00000, 0x00000000c9d00000|100%| E|CS|TAMS 0x00000000c9c00000| PB 0x00000000c9c00000| Complete 
|1181|0x00000000c9d00000, 0x00000000c9e00000, 0x00000000c9e00000|100%| E|CS|TAMS 0x00000000c9d00000| PB 0x00000000c9d00000| Complete 
|1182|0x00000000c9e00000, 0x00000000c9f00000, 0x00000000c9f00000|100%| E|CS|TAMS 0x00000000c9e00000| PB 0x00000000c9e00000| Complete 
|1183|0x00000000c9f00000, 0x00000000ca000000, 0x00000000ca000000|100%| E|CS|TAMS 0x00000000c9f00000| PB 0x00000000c9f00000| Complete 
|1184|0x00000000ca000000, 0x00000000ca100000, 0x00000000ca100000|100%| E|CS|TAMS 0x00000000ca000000| PB 0x00000000ca000000| Complete 
|1185|0x00000000ca100000, 0x00000000ca200000, 0x00000000ca200000|100%| E|CS|TAMS 0x00000000ca100000| PB 0x00000000ca100000| Complete 
|1186|0x00000000ca200000, 0x00000000ca300000, 0x00000000ca300000|100%| E|CS|TAMS 0x00000000ca200000| PB 0x00000000ca200000| Complete 
|1187|0x00000000ca300000, 0x00000000ca400000, 0x00000000ca400000|100%| E|CS|TAMS 0x00000000ca300000| PB 0x00000000ca300000| Complete 
|1188|0x00000000ca400000, 0x00000000ca500000, 0x00000000ca500000|100%| E|CS|TAMS 0x00000000ca400000| PB 0x00000000ca400000| Complete 
|1189|0x00000000ca500000, 0x00000000ca600000, 0x00000000ca600000|100%| E|CS|TAMS 0x00000000ca500000| PB 0x00000000ca500000| Complete 
|1190|0x00000000ca600000, 0x00000000ca700000, 0x00000000ca700000|100%| E|CS|TAMS 0x00000000ca600000| PB 0x00000000ca600000| Complete 
|1191|0x00000000ca700000, 0x00000000ca800000, 0x00000000ca800000|100%| E|CS|TAMS 0x00000000ca700000| PB 0x00000000ca700000| Complete 
|1192|0x00000000ca800000, 0x00000000ca900000, 0x00000000ca900000|100%| E|CS|TAMS 0x00000000ca800000| PB 0x00000000ca800000| Complete 
|1193|0x00000000ca900000, 0x00000000caa00000, 0x00000000caa00000|100%| E|CS|TAMS 0x00000000ca900000| PB 0x00000000ca900000| Complete 
|1194|0x00000000caa00000, 0x00000000cab00000, 0x00000000cab00000|100%| E|CS|TAMS 0x00000000caa00000| PB 0x00000000caa00000| Complete 
|1195|0x00000000cab00000, 0x00000000cac00000, 0x00000000cac00000|100%| E|CS|TAMS 0x00000000cab00000| PB 0x00000000cab00000| Complete 
|1196|0x00000000cac00000, 0x00000000cad00000, 0x00000000cad00000|100%| E|CS|TAMS 0x00000000cac00000| PB 0x00000000cac00000| Complete 
|1197|0x00000000cad00000, 0x00000000cae00000, 0x00000000cae00000|100%| E|CS|TAMS 0x00000000cad00000| PB 0x00000000cad00000| Complete 
|1198|0x00000000cae00000, 0x00000000caf00000, 0x00000000caf00000|100%| E|CS|TAMS 0x00000000cae00000| PB 0x00000000cae00000| Complete 
|1199|0x00000000caf00000, 0x00000000cb000000, 0x00000000cb000000|100%| E|CS|TAMS 0x00000000caf00000| PB 0x00000000caf00000| Complete 
|1200|0x00000000cb000000, 0x00000000cb100000, 0x00000000cb100000|100%| E|CS|TAMS 0x00000000cb000000| PB 0x00000000cb000000| Complete 
|1201|0x00000000cb100000, 0x00000000cb200000, 0x00000000cb200000|100%| E|CS|TAMS 0x00000000cb100000| PB 0x00000000cb100000| Complete 
|1202|0x00000000cb200000, 0x00000000cb300000, 0x00000000cb300000|100%| E|CS|TAMS 0x00000000cb200000| PB 0x00000000cb200000| Complete 
|1203|0x00000000cb300000, 0x00000000cb400000, 0x00000000cb400000|100%| E|CS|TAMS 0x00000000cb300000| PB 0x00000000cb300000| Complete 
|1204|0x00000000cb400000, 0x00000000cb500000, 0x00000000cb500000|100%| E|CS|TAMS 0x00000000cb400000| PB 0x00000000cb400000| Complete 
|1205|0x00000000cb500000, 0x00000000cb600000, 0x00000000cb600000|100%| E|CS|TAMS 0x00000000cb500000| PB 0x00000000cb500000| Complete 
|1206|0x00000000cb600000, 0x00000000cb700000, 0x00000000cb700000|100%| E|CS|TAMS 0x00000000cb600000| PB 0x00000000cb600000| Complete 
|1207|0x00000000cb700000, 0x00000000cb800000, 0x00000000cb800000|100%| E|CS|TAMS 0x00000000cb700000| PB 0x00000000cb700000| Complete 
|1208|0x00000000cb800000, 0x00000000cb900000, 0x00000000cb900000|100%| E|CS|TAMS 0x00000000cb800000| PB 0x00000000cb800000| Complete 
|1209|0x00000000cb900000, 0x00000000cba00000, 0x00000000cba00000|100%| E|CS|TAMS 0x00000000cb900000| PB 0x00000000cb900000| Complete 
|1210|0x00000000cba00000, 0x00000000cbb00000, 0x00000000cbb00000|100%| E|CS|TAMS 0x00000000cba00000| PB 0x00000000cba00000| Complete 
|1211|0x00000000cbb00000, 0x00000000cbc00000, 0x00000000cbc00000|100%| E|CS|TAMS 0x00000000cbb00000| PB 0x00000000cbb00000| Complete 
|1212|0x00000000cbc00000, 0x00000000cbd00000, 0x00000000cbd00000|100%| E|CS|TAMS 0x00000000cbc00000| PB 0x00000000cbc00000| Complete 
|1213|0x00000000cbd00000, 0x00000000cbe00000, 0x00000000cbe00000|100%| E|CS|TAMS 0x00000000cbd00000| PB 0x00000000cbd00000| Complete 
|1214|0x00000000cbe00000, 0x00000000cbf00000, 0x00000000cbf00000|100%| E|CS|TAMS 0x00000000cbe00000| PB 0x00000000cbe00000| Complete 
|1215|0x00000000cbf00000, 0x00000000cc000000, 0x00000000cc000000|100%| E|CS|TAMS 0x00000000cbf00000| PB 0x00000000cbf00000| Complete 
|1216|0x00000000cc000000, 0x00000000cc100000, 0x00000000cc100000|100%| E|CS|TAMS 0x00000000cc000000| PB 0x00000000cc000000| Complete 
|1217|0x00000000cc100000, 0x00000000cc200000, 0x00000000cc200000|100%| E|CS|TAMS 0x00000000cc100000| PB 0x00000000cc100000| Complete 
|1218|0x00000000cc200000, 0x00000000cc300000, 0x00000000cc300000|100%| E|CS|TAMS 0x00000000cc200000| PB 0x00000000cc200000| Complete 
|1219|0x00000000cc300000, 0x00000000cc400000, 0x00000000cc400000|100%| E|CS|TAMS 0x00000000cc300000| PB 0x00000000cc300000| Complete 
|1220|0x00000000cc400000, 0x00000000cc500000, 0x00000000cc500000|100%| E|CS|TAMS 0x00000000cc400000| PB 0x00000000cc400000| Complete 
|1221|0x00000000cc500000, 0x00000000cc600000, 0x00000000cc600000|100%| E|CS|TAMS 0x00000000cc500000| PB 0x00000000cc500000| Complete 
|1222|0x00000000cc600000, 0x00000000cc700000, 0x00000000cc700000|100%| E|CS|TAMS 0x00000000cc600000| PB 0x00000000cc600000| Complete 
|1223|0x00000000cc700000, 0x00000000cc800000, 0x00000000cc800000|100%| E|CS|TAMS 0x00000000cc700000| PB 0x00000000cc700000| Complete 
|1224|0x00000000cc800000, 0x00000000cc900000, 0x00000000cc900000|100%| E|CS|TAMS 0x00000000cc800000| PB 0x00000000cc800000| Complete 
|1225|0x00000000cc900000, 0x00000000cca00000, 0x00000000cca00000|100%| E|CS|TAMS 0x00000000cc900000| PB 0x00000000cc900000| Complete 
|1226|0x00000000cca00000, 0x00000000ccb00000, 0x00000000ccb00000|100%| E|CS|TAMS 0x00000000cca00000| PB 0x00000000cca00000| Complete 
|1227|0x00000000ccb00000, 0x00000000ccc00000, 0x00000000ccc00000|100%| E|CS|TAMS 0x00000000ccb00000| PB 0x00000000ccb00000| Complete 
|1228|0x00000000ccc00000, 0x00000000ccd00000, 0x00000000ccd00000|100%| E|CS|TAMS 0x00000000ccc00000| PB 0x00000000ccc00000| Complete 
|1229|0x00000000ccd00000, 0x00000000cce00000, 0x00000000cce00000|100%| E|CS|TAMS 0x00000000ccd00000| PB 0x00000000ccd00000| Complete 
|1230|0x00000000cce00000, 0x00000000ccf00000, 0x00000000ccf00000|100%| E|CS|TAMS 0x00000000cce00000| PB 0x00000000cce00000| Complete 
|1231|0x00000000ccf00000, 0x00000000cd000000, 0x00000000cd000000|100%| E|CS|TAMS 0x00000000ccf00000| PB 0x00000000ccf00000| Complete 
|1232|0x00000000cd000000, 0x00000000cd100000, 0x00000000cd100000|100%| E|CS|TAMS 0x00000000cd000000| PB 0x00000000cd000000| Complete 
|1233|0x00000000cd100000, 0x00000000cd200000, 0x00000000cd200000|100%| E|CS|TAMS 0x00000000cd100000| PB 0x00000000cd100000| Complete 
|1234|0x00000000cd200000, 0x00000000cd300000, 0x00000000cd300000|100%| E|CS|TAMS 0x00000000cd200000| PB 0x00000000cd200000| Complete 
|1235|0x00000000cd300000, 0x00000000cd400000, 0x00000000cd400000|100%| E|CS|TAMS 0x00000000cd300000| PB 0x00000000cd300000| Complete 
|1236|0x00000000cd400000, 0x00000000cd500000, 0x00000000cd500000|100%| E|CS|TAMS 0x00000000cd400000| PB 0x00000000cd400000| Complete 
|1237|0x00000000cd500000, 0x00000000cd600000, 0x00000000cd600000|100%| E|CS|TAMS 0x00000000cd500000| PB 0x00000000cd500000| Complete 
|1238|0x00000000cd600000, 0x00000000cd700000, 0x00000000cd700000|100%| E|CS|TAMS 0x00000000cd600000| PB 0x00000000cd600000| Complete 
|1239|0x00000000cd700000, 0x00000000cd800000, 0x00000000cd800000|100%| E|CS|TAMS 0x00000000cd700000| PB 0x00000000cd700000| Complete 
|1240|0x00000000cd800000, 0x00000000cd900000, 0x00000000cd900000|100%| E|CS|TAMS 0x00000000cd800000| PB 0x00000000cd800000| Complete 
|1241|0x00000000cd900000, 0x00000000cda00000, 0x00000000cda00000|100%| E|CS|TAMS 0x00000000cd900000| PB 0x00000000cd900000| Complete 
|1242|0x00000000cda00000, 0x00000000cdb00000, 0x00000000cdb00000|100%| E|CS|TAMS 0x00000000cda00000| PB 0x00000000cda00000| Complete 
|1243|0x00000000cdb00000, 0x00000000cdc00000, 0x00000000cdc00000|100%| E|CS|TAMS 0x00000000cdb00000| PB 0x00000000cdb00000| Complete 
|1244|0x00000000cdc00000, 0x00000000cdd00000, 0x00000000cdd00000|100%| E|CS|TAMS 0x00000000cdc00000| PB 0x00000000cdc00000| Complete 
|1245|0x00000000cdd00000, 0x00000000cde00000, 0x00000000cde00000|100%| E|CS|TAMS 0x00000000cdd00000| PB 0x00000000cdd00000| Complete 
|1246|0x00000000cde00000, 0x00000000cdf00000, 0x00000000cdf00000|100%| E|CS|TAMS 0x00000000cde00000| PB 0x00000000cde00000| Complete 
|1247|0x00000000cdf00000, 0x00000000ce000000, 0x00000000ce000000|100%| E|CS|TAMS 0x00000000cdf00000| PB 0x00000000cdf00000| Complete 
|1248|0x00000000ce000000, 0x00000000ce100000, 0x00000000ce100000|100%| E|CS|TAMS 0x00000000ce000000| PB 0x00000000ce000000| Complete 
|1249|0x00000000ce100000, 0x00000000ce200000, 0x00000000ce200000|100%| E|CS|TAMS 0x00000000ce100000| PB 0x00000000ce100000| Complete 
|1250|0x00000000ce200000, 0x00000000ce300000, 0x00000000ce300000|100%| E|CS|TAMS 0x00000000ce200000| PB 0x00000000ce200000| Complete 
|1251|0x00000000ce300000, 0x00000000ce400000, 0x00000000ce400000|100%| E|CS|TAMS 0x00000000ce300000| PB 0x00000000ce300000| Complete 
|1252|0x00000000ce400000, 0x00000000ce500000, 0x00000000ce500000|100%| E|CS|TAMS 0x00000000ce400000| PB 0x00000000ce400000| Complete 
|1253|0x00000000ce500000, 0x00000000ce600000, 0x00000000ce600000|100%| E|CS|TAMS 0x00000000ce500000| PB 0x00000000ce500000| Complete 
|1254|0x00000000ce600000, 0x00000000ce700000, 0x00000000ce700000|100%| E|CS|TAMS 0x00000000ce600000| PB 0x00000000ce600000| Complete 
|1255|0x00000000ce700000, 0x00000000ce800000, 0x00000000ce800000|100%| E|CS|TAMS 0x00000000ce700000| PB 0x00000000ce700000| Complete 
|1256|0x00000000ce800000, 0x00000000ce900000, 0x00000000ce900000|100%| E|CS|TAMS 0x00000000ce800000| PB 0x00000000ce800000| Complete 
|1257|0x00000000ce900000, 0x00000000cea00000, 0x00000000cea00000|100%| E|CS|TAMS 0x00000000ce900000| PB 0x00000000ce900000| Complete 
|1258|0x00000000cea00000, 0x00000000ceb00000, 0x00000000ceb00000|100%| E|CS|TAMS 0x00000000cea00000| PB 0x00000000cea00000| Complete 
|1259|0x00000000ceb00000, 0x00000000cec00000, 0x00000000cec00000|100%| E|CS|TAMS 0x00000000ceb00000| PB 0x00000000ceb00000| Complete 
|1260|0x00000000cec00000, 0x00000000ced00000, 0x00000000ced00000|100%| E|CS|TAMS 0x00000000cec00000| PB 0x00000000cec00000| Complete 
|1261|0x00000000ced00000, 0x00000000cee00000, 0x00000000cee00000|100%| E|CS|TAMS 0x00000000ced00000| PB 0x00000000ced00000| Complete 
|1262|0x00000000cee00000, 0x00000000cef00000, 0x00000000cef00000|100%| E|CS|TAMS 0x00000000cee00000| PB 0x00000000cee00000| Complete 
|1263|0x00000000cef00000, 0x00000000cf000000, 0x00000000cf000000|100%| E|CS|TAMS 0x00000000cef00000| PB 0x00000000cef00000| Complete 
|1264|0x00000000cf000000, 0x00000000cf100000, 0x00000000cf100000|100%| E|CS|TAMS 0x00000000cf000000| PB 0x00000000cf000000| Complete 
|1265|0x00000000cf100000, 0x00000000cf200000, 0x00000000cf200000|100%| E|CS|TAMS 0x00000000cf100000| PB 0x00000000cf100000| Complete 
|1266|0x00000000cf200000, 0x00000000cf300000, 0x00000000cf300000|100%| E|CS|TAMS 0x00000000cf200000| PB 0x00000000cf200000| Complete 
|1267|0x00000000cf300000, 0x00000000cf400000, 0x00000000cf400000|100%| E|CS|TAMS 0x00000000cf300000| PB 0x00000000cf300000| Complete 
|1268|0x00000000cf400000, 0x00000000cf500000, 0x00000000cf500000|100%| E|CS|TAMS 0x00000000cf400000| PB 0x00000000cf400000| Complete 
|1269|0x00000000cf500000, 0x00000000cf600000, 0x00000000cf600000|100%| E|CS|TAMS 0x00000000cf500000| PB 0x00000000cf500000| Complete 
|1270|0x00000000cf600000, 0x00000000cf700000, 0x00000000cf700000|100%| E|CS|TAMS 0x00000000cf600000| PB 0x00000000cf600000| Complete 
|1271|0x00000000cf700000, 0x00000000cf800000, 0x00000000cf800000|100%| E|CS|TAMS 0x00000000cf700000| PB 0x00000000cf700000| Complete 
|1272|0x00000000cf800000, 0x00000000cf900000, 0x00000000cf900000|100%| E|CS|TAMS 0x00000000cf800000| PB 0x00000000cf800000| Complete 
|1273|0x00000000cf900000, 0x00000000cfa00000, 0x00000000cfa00000|100%| E|CS|TAMS 0x00000000cf900000| PB 0x00000000cf900000| Complete 
|1274|0x00000000cfa00000, 0x00000000cfb00000, 0x00000000cfb00000|100%| E|CS|TAMS 0x00000000cfa00000| PB 0x00000000cfa00000| Complete 
|1275|0x00000000cfb00000, 0x00000000cfc00000, 0x00000000cfc00000|100%| E|CS|TAMS 0x00000000cfb00000| PB 0x00000000cfb00000| Complete 
|1276|0x00000000cfc00000, 0x00000000cfd00000, 0x00000000cfd00000|100%| E|CS|TAMS 0x00000000cfc00000| PB 0x00000000cfc00000| Complete 
|1277|0x00000000cfd00000, 0x00000000cfe00000, 0x00000000cfe00000|100%| E|CS|TAMS 0x00000000cfd00000| PB 0x00000000cfd00000| Complete 
|1278|0x00000000cfe00000, 0x00000000cff00000, 0x00000000cff00000|100%| E|CS|TAMS 0x00000000cfe00000| PB 0x00000000cfe00000| Complete 
|1279|0x00000000cff00000, 0x00000000d0000000, 0x00000000d0000000|100%| E|CS|TAMS 0x00000000cff00000| PB 0x00000000cff00000| Complete 
|1280|0x00000000d0000000, 0x00000000d0100000, 0x00000000d0100000|100%| E|CS|TAMS 0x00000000d0000000| PB 0x00000000d0000000| Complete 
|1281|0x00000000d0100000, 0x00000000d0200000, 0x00000000d0200000|100%| E|CS|TAMS 0x00000000d0100000| PB 0x00000000d0100000| Complete 
|1282|0x00000000d0200000, 0x00000000d0300000, 0x00000000d0300000|100%| E|CS|TAMS 0x00000000d0200000| PB 0x00000000d0200000| Complete 
|1283|0x00000000d0300000, 0x00000000d0400000, 0x00000000d0400000|100%| E|CS|TAMS 0x00000000d0300000| PB 0x00000000d0300000| Complete 
|1284|0x00000000d0400000, 0x00000000d0500000, 0x00000000d0500000|100%| E|CS|TAMS 0x00000000d0400000| PB 0x00000000d0400000| Complete 
|1285|0x00000000d0500000, 0x00000000d0600000, 0x00000000d0600000|100%| E|CS|TAMS 0x00000000d0500000| PB 0x00000000d0500000| Complete 
|1286|0x00000000d0600000, 0x00000000d0700000, 0x00000000d0700000|100%| E|CS|TAMS 0x00000000d0600000| PB 0x00000000d0600000| Complete 
|1287|0x00000000d0700000, 0x00000000d0800000, 0x00000000d0800000|100%| E|CS|TAMS 0x00000000d0700000| PB 0x00000000d0700000| Complete 
|1288|0x00000000d0800000, 0x00000000d0900000, 0x00000000d0900000|100%| E|CS|TAMS 0x00000000d0800000| PB 0x00000000d0800000| Complete 
|1289|0x00000000d0900000, 0x00000000d0a00000, 0x00000000d0a00000|100%| E|CS|TAMS 0x00000000d0900000| PB 0x00000000d0900000| Complete 
|1290|0x00000000d0a00000, 0x00000000d0b00000, 0x00000000d0b00000|100%| E|CS|TAMS 0x00000000d0a00000| PB 0x00000000d0a00000| Complete 
|1291|0x00000000d0b00000, 0x00000000d0c00000, 0x00000000d0c00000|100%| E|CS|TAMS 0x00000000d0b00000| PB 0x00000000d0b00000| Complete 
|1292|0x00000000d0c00000, 0x00000000d0d00000, 0x00000000d0d00000|100%| E|CS|TAMS 0x00000000d0c00000| PB 0x00000000d0c00000| Complete 
|1293|0x00000000d0d00000, 0x00000000d0e00000, 0x00000000d0e00000|100%| E|CS|TAMS 0x00000000d0d00000| PB 0x00000000d0d00000| Complete 
|1294|0x00000000d0e00000, 0x00000000d0f00000, 0x00000000d0f00000|100%| E|CS|TAMS 0x00000000d0e00000| PB 0x00000000d0e00000| Complete 
|1295|0x00000000d0f00000, 0x00000000d1000000, 0x00000000d1000000|100%| E|CS|TAMS 0x00000000d0f00000| PB 0x00000000d0f00000| Complete 
|1296|0x00000000d1000000, 0x00000000d1100000, 0x00000000d1100000|100%| E|CS|TAMS 0x00000000d1000000| PB 0x00000000d1000000| Complete 
|1297|0x00000000d1100000, 0x00000000d1200000, 0x00000000d1200000|100%| E|CS|TAMS 0x00000000d1100000| PB 0x00000000d1100000| Complete 
|1298|0x00000000d1200000, 0x00000000d1300000, 0x00000000d1300000|100%| E|CS|TAMS 0x00000000d1200000| PB 0x00000000d1200000| Complete 
|1299|0x00000000d1300000, 0x00000000d1400000, 0x00000000d1400000|100%| E|CS|TAMS 0x00000000d1300000| PB 0x00000000d1300000| Complete 
|1300|0x00000000d1400000, 0x00000000d1500000, 0x00000000d1500000|100%| E|CS|TAMS 0x00000000d1400000| PB 0x00000000d1400000| Complete 
|1301|0x00000000d1500000, 0x00000000d1600000, 0x00000000d1600000|100%| E|CS|TAMS 0x00000000d1500000| PB 0x00000000d1500000| Complete 
|1302|0x00000000d1600000, 0x00000000d1700000, 0x00000000d1700000|100%| E|CS|TAMS 0x00000000d1600000| PB 0x00000000d1600000| Complete 
|1303|0x00000000d1700000, 0x00000000d1800000, 0x00000000d1800000|100%| E|CS|TAMS 0x00000000d1700000| PB 0x00000000d1700000| Complete 
|1304|0x00000000d1800000, 0x00000000d1900000, 0x00000000d1900000|100%| E|CS|TAMS 0x00000000d1800000| PB 0x00000000d1800000| Complete 
|1305|0x00000000d1900000, 0x00000000d1a00000, 0x00000000d1a00000|100%| E|CS|TAMS 0x00000000d1900000| PB 0x00000000d1900000| Complete 
|1306|0x00000000d1a00000, 0x00000000d1b00000, 0x00000000d1b00000|100%| E|CS|TAMS 0x00000000d1a00000| PB 0x00000000d1a00000| Complete 
|1307|0x00000000d1b00000, 0x00000000d1c00000, 0x00000000d1c00000|100%| E|CS|TAMS 0x00000000d1b00000| PB 0x00000000d1b00000| Complete 
|1308|0x00000000d1c00000, 0x00000000d1d00000, 0x00000000d1d00000|100%| E|CS|TAMS 0x00000000d1c00000| PB 0x00000000d1c00000| Complete 
|1309|0x00000000d1d00000, 0x00000000d1e00000, 0x00000000d1e00000|100%| E|CS|TAMS 0x00000000d1d00000| PB 0x00000000d1d00000| Complete 
|1310|0x00000000d1e00000, 0x00000000d1f00000, 0x00000000d1f00000|100%| E|CS|TAMS 0x00000000d1e00000| PB 0x00000000d1e00000| Complete 
|1311|0x00000000d1f00000, 0x00000000d2000000, 0x00000000d2000000|100%| E|CS|TAMS 0x00000000d1f00000| PB 0x00000000d1f00000| Complete 
|1312|0x00000000d2000000, 0x00000000d2100000, 0x00000000d2100000|100%| E|CS|TAMS 0x00000000d2000000| PB 0x00000000d2000000| Complete 
|1313|0x00000000d2100000, 0x00000000d2200000, 0x00000000d2200000|100%| E|CS|TAMS 0x00000000d2100000| PB 0x00000000d2100000| Complete 
|1314|0x00000000d2200000, 0x00000000d2300000, 0x00000000d2300000|100%| E|CS|TAMS 0x00000000d2200000| PB 0x00000000d2200000| Complete 
|1315|0x00000000d2300000, 0x00000000d2400000, 0x00000000d2400000|100%| E|CS|TAMS 0x00000000d2300000| PB 0x00000000d2300000| Complete 
|1316|0x00000000d2400000, 0x00000000d2500000, 0x00000000d2500000|100%| E|CS|TAMS 0x00000000d2400000| PB 0x00000000d2400000| Complete 
|1317|0x00000000d2500000, 0x00000000d2600000, 0x00000000d2600000|100%| E|CS|TAMS 0x00000000d2500000| PB 0x00000000d2500000| Complete 
|1318|0x00000000d2600000, 0x00000000d2700000, 0x00000000d2700000|100%| E|CS|TAMS 0x00000000d2600000| PB 0x00000000d2600000| Complete 
|1319|0x00000000d2700000, 0x00000000d2800000, 0x00000000d2800000|100%| E|CS|TAMS 0x00000000d2700000| PB 0x00000000d2700000| Complete 
|1320|0x00000000d2800000, 0x00000000d2900000, 0x00000000d2900000|100%| E|CS|TAMS 0x00000000d2800000| PB 0x00000000d2800000| Complete 
|1321|0x00000000d2900000, 0x00000000d2a00000, 0x00000000d2a00000|100%| E|CS|TAMS 0x00000000d2900000| PB 0x00000000d2900000| Complete 
|1322|0x00000000d2a00000, 0x00000000d2b00000, 0x00000000d2b00000|100%| E|CS|TAMS 0x00000000d2a00000| PB 0x00000000d2a00000| Complete 
|1323|0x00000000d2b00000, 0x00000000d2c00000, 0x00000000d2c00000|100%| E|CS|TAMS 0x00000000d2b00000| PB 0x00000000d2b00000| Complete 
|1324|0x00000000d2c00000, 0x00000000d2d00000, 0x00000000d2d00000|100%| E|CS|TAMS 0x00000000d2c00000| PB 0x00000000d2c00000| Complete 
|1325|0x00000000d2d00000, 0x00000000d2e00000, 0x00000000d2e00000|100%| E|CS|TAMS 0x00000000d2d00000| PB 0x00000000d2d00000| Complete 
|1326|0x00000000d2e00000, 0x00000000d2f00000, 0x00000000d2f00000|100%| E|CS|TAMS 0x00000000d2e00000| PB 0x00000000d2e00000| Complete 
|1327|0x00000000d2f00000, 0x00000000d3000000, 0x00000000d3000000|100%| E|CS|TAMS 0x00000000d2f00000| PB 0x00000000d2f00000| Complete 
|1328|0x00000000d3000000, 0x00000000d3100000, 0x00000000d3100000|100%| E|CS|TAMS 0x00000000d3000000| PB 0x00000000d3000000| Complete 
|1329|0x00000000d3100000, 0x00000000d3200000, 0x00000000d3200000|100%| E|CS|TAMS 0x00000000d3100000| PB 0x00000000d3100000| Complete 
|1330|0x00000000d3200000, 0x00000000d3300000, 0x00000000d3300000|100%| E|CS|TAMS 0x00000000d3200000| PB 0x00000000d3200000| Complete 
|1331|0x00000000d3300000, 0x00000000d3400000, 0x00000000d3400000|100%| E|CS|TAMS 0x00000000d3300000| PB 0x00000000d3300000| Complete 
|1332|0x00000000d3400000, 0x00000000d3500000, 0x00000000d3500000|100%| E|CS|TAMS 0x00000000d3400000| PB 0x00000000d3400000| Complete 
|1333|0x00000000d3500000, 0x00000000d3600000, 0x00000000d3600000|100%| E|CS|TAMS 0x00000000d3500000| PB 0x00000000d3500000| Complete 
|1334|0x00000000d3600000, 0x00000000d3700000, 0x00000000d3700000|100%| E|CS|TAMS 0x00000000d3600000| PB 0x00000000d3600000| Complete 
|1335|0x00000000d3700000, 0x00000000d3800000, 0x00000000d3800000|100%| E|CS|TAMS 0x00000000d3700000| PB 0x00000000d3700000| Complete 
|1336|0x00000000d3800000, 0x00000000d3900000, 0x00000000d3900000|100%| E|CS|TAMS 0x00000000d3800000| PB 0x00000000d3800000| Complete 
|1337|0x00000000d3900000, 0x00000000d3a00000, 0x00000000d3a00000|100%| E|CS|TAMS 0x00000000d3900000| PB 0x00000000d3900000| Complete 
|1338|0x00000000d3a00000, 0x00000000d3b00000, 0x00000000d3b00000|100%| E|CS|TAMS 0x00000000d3a00000| PB 0x00000000d3a00000| Complete 
|1339|0x00000000d3b00000, 0x00000000d3c00000, 0x00000000d3c00000|100%| E|CS|TAMS 0x00000000d3b00000| PB 0x00000000d3b00000| Complete 
|1340|0x00000000d3c00000, 0x00000000d3d00000, 0x00000000d3d00000|100%| E|CS|TAMS 0x00000000d3c00000| PB 0x00000000d3c00000| Complete 
|1341|0x00000000d3d00000, 0x00000000d3e00000, 0x00000000d3e00000|100%| E|CS|TAMS 0x00000000d3d00000| PB 0x00000000d3d00000| Complete 
|1342|0x00000000d3e00000, 0x00000000d3f00000, 0x00000000d3f00000|100%| E|CS|TAMS 0x00000000d3e00000| PB 0x00000000d3e00000| Complete 
|1343|0x00000000d3f00000, 0x00000000d4000000, 0x00000000d4000000|100%| E|CS|TAMS 0x00000000d3f00000| PB 0x00000000d3f00000| Complete 
|1344|0x00000000d4000000, 0x00000000d4100000, 0x00000000d4100000|100%| E|CS|TAMS 0x00000000d4000000| PB 0x00000000d4000000| Complete 
|1345|0x00000000d4100000, 0x00000000d4200000, 0x00000000d4200000|100%| E|CS|TAMS 0x00000000d4100000| PB 0x00000000d4100000| Complete 
|1346|0x00000000d4200000, 0x00000000d4300000, 0x00000000d4300000|100%| E|CS|TAMS 0x00000000d4200000| PB 0x00000000d4200000| Complete 
|1347|0x00000000d4300000, 0x00000000d4400000, 0x00000000d4400000|100%| E|CS|TAMS 0x00000000d4300000| PB 0x00000000d4300000| Complete 
|1348|0x00000000d4400000, 0x00000000d4500000, 0x00000000d4500000|100%| E|CS|TAMS 0x00000000d4400000| PB 0x00000000d4400000| Complete 
|1349|0x00000000d4500000, 0x00000000d4600000, 0x00000000d4600000|100%| E|CS|TAMS 0x00000000d4500000| PB 0x00000000d4500000| Complete 
|1350|0x00000000d4600000, 0x00000000d4700000, 0x00000000d4700000|100%| E|CS|TAMS 0x00000000d4600000| PB 0x00000000d4600000| Complete 
|1351|0x00000000d4700000, 0x00000000d4800000, 0x00000000d4800000|100%| E|CS|TAMS 0x00000000d4700000| PB 0x00000000d4700000| Complete 
|1352|0x00000000d4800000, 0x00000000d4900000, 0x00000000d4900000|100%| E|CS|TAMS 0x00000000d4800000| PB 0x00000000d4800000| Complete 
|1353|0x00000000d4900000, 0x00000000d4a00000, 0x00000000d4a00000|100%| E|CS|TAMS 0x00000000d4900000| PB 0x00000000d4900000| Complete 
|1354|0x00000000d4a00000, 0x00000000d4b00000, 0x00000000d4b00000|100%| E|CS|TAMS 0x00000000d4a00000| PB 0x00000000d4a00000| Complete 
|1355|0x00000000d4b00000, 0x00000000d4c00000, 0x00000000d4c00000|100%| E|CS|TAMS 0x00000000d4b00000| PB 0x00000000d4b00000| Complete 
|1356|0x00000000d4c00000, 0x00000000d4d00000, 0x00000000d4d00000|100%| E|CS|TAMS 0x00000000d4c00000| PB 0x00000000d4c00000| Complete 
|1357|0x00000000d4d00000, 0x00000000d4e00000, 0x00000000d4e00000|100%| E|CS|TAMS 0x00000000d4d00000| PB 0x00000000d4d00000| Complete 
|1358|0x00000000d4e00000, 0x00000000d4f00000, 0x00000000d4f00000|100%| E|CS|TAMS 0x00000000d4e00000| PB 0x00000000d4e00000| Complete 
|1359|0x00000000d4f00000, 0x00000000d5000000, 0x00000000d5000000|100%| E|CS|TAMS 0x00000000d4f00000| PB 0x00000000d4f00000| Complete 
|1360|0x00000000d5000000, 0x00000000d5100000, 0x00000000d5100000|100%| E|CS|TAMS 0x00000000d5000000| PB 0x00000000d5000000| Complete 
|1361|0x00000000d5100000, 0x00000000d5200000, 0x00000000d5200000|100%| E|CS|TAMS 0x00000000d5100000| PB 0x00000000d5100000| Complete 
|1362|0x00000000d5200000, 0x00000000d5300000, 0x00000000d5300000|100%| E|CS|TAMS 0x00000000d5200000| PB 0x00000000d5200000| Complete 
|1363|0x00000000d5300000, 0x00000000d5400000, 0x00000000d5400000|100%| E|CS|TAMS 0x00000000d5300000| PB 0x00000000d5300000| Complete 
|1364|0x00000000d5400000, 0x00000000d5500000, 0x00000000d5500000|100%| E|CS|TAMS 0x00000000d5400000| PB 0x00000000d5400000| Complete 
|1365|0x00000000d5500000, 0x00000000d5600000, 0x00000000d5600000|100%| E|CS|TAMS 0x00000000d5500000| PB 0x00000000d5500000| Complete 
|1366|0x00000000d5600000, 0x00000000d5700000, 0x00000000d5700000|100%| E|CS|TAMS 0x00000000d5600000| PB 0x00000000d5600000| Complete 
|1367|0x00000000d5700000, 0x00000000d5800000, 0x00000000d5800000|100%| E|CS|TAMS 0x00000000d5700000| PB 0x00000000d5700000| Complete 
|1368|0x00000000d5800000, 0x00000000d5900000, 0x00000000d5900000|100%| E|CS|TAMS 0x00000000d5800000| PB 0x00000000d5800000| Complete 
|1369|0x00000000d5900000, 0x00000000d5a00000, 0x00000000d5a00000|100%| E|CS|TAMS 0x00000000d5900000| PB 0x00000000d5900000| Complete 
|1370|0x00000000d5a00000, 0x00000000d5b00000, 0x00000000d5b00000|100%| E|CS|TAMS 0x00000000d5a00000| PB 0x00000000d5a00000| Complete 
|1371|0x00000000d5b00000, 0x00000000d5c00000, 0x00000000d5c00000|100%| E|CS|TAMS 0x00000000d5b00000| PB 0x00000000d5b00000| Complete 
|1372|0x00000000d5c00000, 0x00000000d5d00000, 0x00000000d5d00000|100%| E|CS|TAMS 0x00000000d5c00000| PB 0x00000000d5c00000| Complete 
|1373|0x00000000d5d00000, 0x00000000d5e00000, 0x00000000d5e00000|100%| E|CS|TAMS 0x00000000d5d00000| PB 0x00000000d5d00000| Complete 
|1374|0x00000000d5e00000, 0x00000000d5f00000, 0x00000000d5f00000|100%| E|CS|TAMS 0x00000000d5e00000| PB 0x00000000d5e00000| Complete 
|1375|0x00000000d5f00000, 0x00000000d6000000, 0x00000000d6000000|100%| E|CS|TAMS 0x00000000d5f00000| PB 0x00000000d5f00000| Complete 
|1376|0x00000000d6000000, 0x00000000d6100000, 0x00000000d6100000|100%| E|CS|TAMS 0x00000000d6000000| PB 0x00000000d6000000| Complete 
|1377|0x00000000d6100000, 0x00000000d6200000, 0x00000000d6200000|100%| E|CS|TAMS 0x00000000d6100000| PB 0x00000000d6100000| Complete 
|1378|0x00000000d6200000, 0x00000000d6300000, 0x00000000d6300000|100%| E|CS|TAMS 0x00000000d6200000| PB 0x00000000d6200000| Complete 
|1379|0x00000000d6300000, 0x00000000d6400000, 0x00000000d6400000|100%| E|CS|TAMS 0x00000000d6300000| PB 0x00000000d6300000| Complete 
|1380|0x00000000d6400000, 0x00000000d6500000, 0x00000000d6500000|100%| E|CS|TAMS 0x00000000d6400000| PB 0x00000000d6400000| Complete 
|1381|0x00000000d6500000, 0x00000000d6600000, 0x00000000d6600000|100%| E|CS|TAMS 0x00000000d6500000| PB 0x00000000d6500000| Complete 
|1382|0x00000000d6600000, 0x00000000d6700000, 0x00000000d6700000|100%| E|CS|TAMS 0x00000000d6600000| PB 0x00000000d6600000| Complete 
|1383|0x00000000d6700000, 0x00000000d6800000, 0x00000000d6800000|100%| E|CS|TAMS 0x00000000d6700000| PB 0x00000000d6700000| Complete 
|1384|0x00000000d6800000, 0x00000000d6900000, 0x00000000d6900000|100%| E|CS|TAMS 0x00000000d6800000| PB 0x00000000d6800000| Complete 
|1385|0x00000000d6900000, 0x00000000d6a00000, 0x00000000d6a00000|100%| E|CS|TAMS 0x00000000d6900000| PB 0x00000000d6900000| Complete 
|1386|0x00000000d6a00000, 0x00000000d6b00000, 0x00000000d6b00000|100%| E|CS|TAMS 0x00000000d6a00000| PB 0x00000000d6a00000| Complete 
|1387|0x00000000d6b00000, 0x00000000d6c00000, 0x00000000d6c00000|100%| E|CS|TAMS 0x00000000d6b00000| PB 0x00000000d6b00000| Complete 
|1388|0x00000000d6c00000, 0x00000000d6d00000, 0x00000000d6d00000|100%| E|CS|TAMS 0x00000000d6c00000| PB 0x00000000d6c00000| Complete 
|1389|0x00000000d6d00000, 0x00000000d6e00000, 0x00000000d6e00000|100%| E|CS|TAMS 0x00000000d6d00000| PB 0x00000000d6d00000| Complete 
|1390|0x00000000d6e00000, 0x00000000d6f00000, 0x00000000d6f00000|100%| E|CS|TAMS 0x00000000d6e00000| PB 0x00000000d6e00000| Complete 
|1391|0x00000000d6f00000, 0x00000000d7000000, 0x00000000d7000000|100%| E|CS|TAMS 0x00000000d6f00000| PB 0x00000000d6f00000| Complete 
|1392|0x00000000d7000000, 0x00000000d7100000, 0x00000000d7100000|100%| E|CS|TAMS 0x00000000d7000000| PB 0x00000000d7000000| Complete 
|1393|0x00000000d7100000, 0x00000000d7200000, 0x00000000d7200000|100%| E|CS|TAMS 0x00000000d7100000| PB 0x00000000d7100000| Complete 
|1394|0x00000000d7200000, 0x00000000d7300000, 0x00000000d7300000|100%| E|CS|TAMS 0x00000000d7200000| PB 0x00000000d7200000| Complete 
|1395|0x00000000d7300000, 0x00000000d7400000, 0x00000000d7400000|100%| E|CS|TAMS 0x00000000d7300000| PB 0x00000000d7300000| Complete 
|1396|0x00000000d7400000, 0x00000000d7500000, 0x00000000d7500000|100%| E|CS|TAMS 0x00000000d7400000| PB 0x00000000d7400000| Complete 
|1397|0x00000000d7500000, 0x00000000d7600000, 0x00000000d7600000|100%| E|CS|TAMS 0x00000000d7500000| PB 0x00000000d7500000| Complete 
|1398|0x00000000d7600000, 0x00000000d7700000, 0x00000000d7700000|100%| E|CS|TAMS 0x00000000d7600000| PB 0x00000000d7600000| Complete 
|1399|0x00000000d7700000, 0x00000000d7800000, 0x00000000d7800000|100%| E|CS|TAMS 0x00000000d7700000| PB 0x00000000d7700000| Complete 
|1400|0x00000000d7800000, 0x00000000d7900000, 0x00000000d7900000|100%| E|CS|TAMS 0x00000000d7800000| PB 0x00000000d7800000| Complete 
|1401|0x00000000d7900000, 0x00000000d7a00000, 0x00000000d7a00000|100%| E|CS|TAMS 0x00000000d7900000| PB 0x00000000d7900000| Complete 
|1908|0x00000000f7400000, 0x00000000f7500000, 0x00000000f7500000|100%| E|CS|TAMS 0x00000000f7400000| PB 0x00000000f7400000| Complete 
|1909|0x00000000f7500000, 0x00000000f7600000, 0x00000000f7600000|100%| E|CS|TAMS 0x00000000f7500000| PB 0x00000000f7500000| Complete 
|1910|0x00000000f7600000, 0x00000000f7700000, 0x00000000f7700000|100%| E|CS|TAMS 0x00000000f7600000| PB 0x00000000f7600000| Complete 
|1911|0x00000000f7700000, 0x00000000f7800000, 0x00000000f7800000|100%| E|CS|TAMS 0x00000000f7700000| PB 0x00000000f7700000| Complete 
|1912|0x00000000f7800000, 0x00000000f7900000, 0x00000000f7900000|100%| E|CS|TAMS 0x00000000f7800000| PB 0x00000000f7800000| Complete 
|1913|0x00000000f7900000, 0x00000000f7a00000, 0x00000000f7a00000|100%| E|CS|TAMS 0x00000000f7900000| PB 0x00000000f7900000| Complete 
|1914|0x00000000f7a00000, 0x00000000f7b00000, 0x00000000f7b00000|100%| E|CS|TAMS 0x00000000f7a00000| PB 0x00000000f7a00000| Complete 
|1915|0x00000000f7b00000, 0x00000000f7c00000, 0x00000000f7c00000|100%| E|CS|TAMS 0x00000000f7b00000| PB 0x00000000f7b00000| Complete 
|1916|0x00000000f7c00000, 0x00000000f7d00000, 0x00000000f7d00000|100%| E|CS|TAMS 0x00000000f7c00000| PB 0x00000000f7c00000| Complete 
|1917|0x00000000f7d00000, 0x00000000f7e00000, 0x00000000f7e00000|100%| E|CS|TAMS 0x00000000f7d00000| PB 0x00000000f7d00000| Complete 
|1918|0x00000000f7e00000, 0x00000000f7f00000, 0x00000000f7f00000|100%| E|CS|TAMS 0x00000000f7e00000| PB 0x00000000f7e00000| Complete 
|1919|0x00000000f7f00000, 0x00000000f8000000, 0x00000000f8000000|100%| E|CS|TAMS 0x00000000f7f00000| PB 0x00000000f7f00000| Complete 
|1920|0x00000000f8000000, 0x00000000f8100000, 0x00000000f8100000|100%| E|CS|TAMS 0x00000000f8000000| PB 0x00000000f8000000| Complete 
|1921|0x00000000f8100000, 0x00000000f8200000, 0x00000000f8200000|100%| E|CS|TAMS 0x00000000f8100000| PB 0x00000000f8100000| Complete 
|1922|0x00000000f8200000, 0x00000000f8300000, 0x00000000f8300000|100%| E|CS|TAMS 0x00000000f8200000| PB 0x00000000f8200000| Complete 
|1923|0x00000000f8300000, 0x00000000f8400000, 0x00000000f8400000|100%| E|CS|TAMS 0x00000000f8300000| PB 0x00000000f8300000| Complete 
|1924|0x00000000f8400000, 0x00000000f8500000, 0x00000000f8500000|100%| E|CS|TAMS 0x00000000f8400000| PB 0x00000000f8400000| Complete 
|1925|0x00000000f8500000, 0x00000000f8600000, 0x00000000f8600000|100%| E|CS|TAMS 0x00000000f8500000| PB 0x00000000f8500000| Complete 
|1926|0x00000000f8600000, 0x00000000f8700000, 0x00000000f8700000|100%| E|CS|TAMS 0x00000000f8600000| PB 0x00000000f8600000| Complete 
|1927|0x00000000f8700000, 0x00000000f8800000, 0x00000000f8800000|100%| E|CS|TAMS 0x00000000f8700000| PB 0x00000000f8700000| Complete 
|1928|0x00000000f8800000, 0x00000000f8900000, 0x00000000f8900000|100%| E|CS|TAMS 0x00000000f8800000| PB 0x00000000f8800000| Complete 
|1929|0x00000000f8900000, 0x00000000f8a00000, 0x00000000f8a00000|100%| E|CS|TAMS 0x00000000f8900000| PB 0x00000000f8900000| Complete 
|1930|0x00000000f8a00000, 0x00000000f8b00000, 0x00000000f8b00000|100%| E|CS|TAMS 0x00000000f8a00000| PB 0x00000000f8a00000| Complete 
|1931|0x00000000f8b00000, 0x00000000f8c00000, 0x00000000f8c00000|100%| E|CS|TAMS 0x00000000f8b00000| PB 0x00000000f8b00000| Complete 
|1932|0x00000000f8c00000, 0x00000000f8d00000, 0x00000000f8d00000|100%| E|CS|TAMS 0x00000000f8c00000| PB 0x00000000f8c00000| Complete 
|1933|0x00000000f8d00000, 0x00000000f8e00000, 0x00000000f8e00000|100%| E|CS|TAMS 0x00000000f8d00000| PB 0x00000000f8d00000| Complete 
|1934|0x00000000f8e00000, 0x00000000f8f00000, 0x00000000f8f00000|100%| E|CS|TAMS 0x00000000f8e00000| PB 0x00000000f8e00000| Complete 
|1935|0x00000000f8f00000, 0x00000000f9000000, 0x00000000f9000000|100%| E|CS|TAMS 0x00000000f8f00000| PB 0x00000000f8f00000| Complete 
|1936|0x00000000f9000000, 0x00000000f9100000, 0x00000000f9100000|100%| E|CS|TAMS 0x00000000f9000000| PB 0x00000000f9000000| Complete 
|1937|0x00000000f9100000, 0x00000000f9200000, 0x00000000f9200000|100%| E|CS|TAMS 0x00000000f9100000| PB 0x00000000f9100000| Complete 
|1938|0x00000000f9200000, 0x00000000f9300000, 0x00000000f9300000|100%| E|CS|TAMS 0x00000000f9200000| PB 0x00000000f9200000| Complete 
|1939|0x00000000f9300000, 0x00000000f9400000, 0x00000000f9400000|100%| E|CS|TAMS 0x00000000f9300000| PB 0x00000000f9300000| Complete 
|1940|0x00000000f9400000, 0x00000000f9500000, 0x00000000f9500000|100%| E|CS|TAMS 0x00000000f9400000| PB 0x00000000f9400000| Complete 
|1941|0x00000000f9500000, 0x00000000f9600000, 0x00000000f9600000|100%| E|CS|TAMS 0x00000000f9500000| PB 0x00000000f9500000| Complete 
|1942|0x00000000f9600000, 0x00000000f9700000, 0x00000000f9700000|100%| E|CS|TAMS 0x00000000f9600000| PB 0x00000000f9600000| Complete 
|1943|0x00000000f9700000, 0x00000000f9800000, 0x00000000f9800000|100%| E|CS|TAMS 0x00000000f9700000| PB 0x00000000f9700000| Complete 
|1944|0x00000000f9800000, 0x00000000f9900000, 0x00000000f9900000|100%| E|CS|TAMS 0x00000000f9800000| PB 0x00000000f9800000| Complete 
|1945|0x00000000f9900000, 0x00000000f9a00000, 0x00000000f9a00000|100%| E|CS|TAMS 0x00000000f9900000| PB 0x00000000f9900000| Complete 
|1946|0x00000000f9a00000, 0x00000000f9b00000, 0x00000000f9b00000|100%| E|CS|TAMS 0x00000000f9a00000| PB 0x00000000f9a00000| Complete 
|1947|0x00000000f9b00000, 0x00000000f9c00000, 0x00000000f9c00000|100%| E|CS|TAMS 0x00000000f9b00000| PB 0x00000000f9b00000| Complete 
|1948|0x00000000f9c00000, 0x00000000f9d00000, 0x00000000f9d00000|100%| E|CS|TAMS 0x00000000f9c00000| PB 0x00000000f9c00000| Complete 
|1949|0x00000000f9d00000, 0x00000000f9e00000, 0x00000000f9e00000|100%| E|CS|TAMS 0x00000000f9d00000| PB 0x00000000f9d00000| Complete 
|1950|0x00000000f9e00000, 0x00000000f9f00000, 0x00000000f9f00000|100%| E|CS|TAMS 0x00000000f9e00000| PB 0x00000000f9e00000| Complete 
|1951|0x00000000f9f00000, 0x00000000fa000000, 0x00000000fa000000|100%| E|CS|TAMS 0x00000000f9f00000| PB 0x00000000f9f00000| Complete 
|1952|0x00000000fa000000, 0x00000000fa100000, 0x00000000fa100000|100%| E|CS|TAMS 0x00000000fa000000| PB 0x00000000fa000000| Complete 
|1953|0x00000000fa100000, 0x00000000fa200000, 0x00000000fa200000|100%| E|CS|TAMS 0x00000000fa100000| PB 0x00000000fa100000| Complete 
|1954|0x00000000fa200000, 0x00000000fa300000, 0x00000000fa300000|100%| E|CS|TAMS 0x00000000fa200000| PB 0x00000000fa200000| Complete 
|1955|0x00000000fa300000, 0x00000000fa400000, 0x00000000fa400000|100%| E|CS|TAMS 0x00000000fa300000| PB 0x00000000fa300000| Complete 
|1956|0x00000000fa400000, 0x00000000fa500000, 0x00000000fa500000|100%| E|CS|TAMS 0x00000000fa400000| PB 0x00000000fa400000| Complete 
|1957|0x00000000fa500000, 0x00000000fa600000, 0x00000000fa600000|100%| E|CS|TAMS 0x00000000fa500000| PB 0x00000000fa500000| Complete 
|1958|0x00000000fa600000, 0x00000000fa700000, 0x00000000fa700000|100%| E|CS|TAMS 0x00000000fa600000| PB 0x00000000fa600000| Complete 
|1959|0x00000000fa700000, 0x00000000fa800000, 0x00000000fa800000|100%| E|CS|TAMS 0x00000000fa700000| PB 0x00000000fa700000| Complete 
|1960|0x00000000fa800000, 0x00000000fa900000, 0x00000000fa900000|100%| E|CS|TAMS 0x00000000fa800000| PB 0x00000000fa800000| Complete 
|1961|0x00000000fa900000, 0x00000000faa00000, 0x00000000faa00000|100%| E|CS|TAMS 0x00000000fa900000| PB 0x00000000fa900000| Complete 
|1962|0x00000000faa00000, 0x00000000fab00000, 0x00000000fab00000|100%| E|CS|TAMS 0x00000000faa00000| PB 0x00000000faa00000| Complete 
|1963|0x00000000fab00000, 0x00000000fac00000, 0x00000000fac00000|100%| E|CS|TAMS 0x00000000fab00000| PB 0x00000000fab00000| Complete 
|1964|0x00000000fac00000, 0x00000000fad00000, 0x00000000fad00000|100%| E|CS|TAMS 0x00000000fac00000| PB 0x00000000fac00000| Complete 
|1965|0x00000000fad00000, 0x00000000fae00000, 0x00000000fae00000|100%| E|CS|TAMS 0x00000000fad00000| PB 0x00000000fad00000| Complete 
|1966|0x00000000fae00000, 0x00000000faf00000, 0x00000000faf00000|100%| E|CS|TAMS 0x00000000fae00000| PB 0x00000000fae00000| Complete 
|1967|0x00000000faf00000, 0x00000000fb000000, 0x00000000fb000000|100%| E|CS|TAMS 0x00000000faf00000| PB 0x00000000faf00000| Complete 
|1968|0x00000000fb000000, 0x00000000fb100000, 0x00000000fb100000|100%| E|CS|TAMS 0x00000000fb000000| PB 0x00000000fb000000| Complete 
|1969|0x00000000fb100000, 0x00000000fb200000, 0x00000000fb200000|100%| E|CS|TAMS 0x00000000fb100000| PB 0x00000000fb100000| Complete 
|1970|0x00000000fb200000, 0x00000000fb300000, 0x00000000fb300000|100%| E|CS|TAMS 0x00000000fb200000| PB 0x00000000fb200000| Complete 
|1971|0x00000000fb300000, 0x00000000fb400000, 0x00000000fb400000|100%| E|CS|TAMS 0x00000000fb300000| PB 0x00000000fb300000| Complete 
|1972|0x00000000fb400000, 0x00000000fb500000, 0x00000000fb500000|100%| E|CS|TAMS 0x00000000fb400000| PB 0x00000000fb400000| Complete 
|1973|0x00000000fb500000, 0x00000000fb600000, 0x00000000fb600000|100%| E|CS|TAMS 0x00000000fb500000| PB 0x00000000fb500000| Complete 
|1974|0x00000000fb600000, 0x00000000fb700000, 0x00000000fb700000|100%| E|CS|TAMS 0x00000000fb600000| PB 0x00000000fb600000| Complete 
|1975|0x00000000fb700000, 0x00000000fb800000, 0x00000000fb800000|100%| E|CS|TAMS 0x00000000fb700000| PB 0x00000000fb700000| Complete 
|1976|0x00000000fb800000, 0x00000000fb900000, 0x00000000fb900000|100%| E|CS|TAMS 0x00000000fb800000| PB 0x00000000fb800000| Complete 
|1977|0x00000000fb900000, 0x00000000fba00000, 0x00000000fba00000|100%| E|CS|TAMS 0x00000000fb900000| PB 0x00000000fb900000| Complete 
|1978|0x00000000fba00000, 0x00000000fbb00000, 0x00000000fbb00000|100%| E|CS|TAMS 0x00000000fba00000| PB 0x00000000fba00000| Complete 
|1979|0x00000000fbb00000, 0x00000000fbc00000, 0x00000000fbc00000|100%| E|CS|TAMS 0x00000000fbb00000| PB 0x00000000fbb00000| Complete 
|1980|0x00000000fbc00000, 0x00000000fbd00000, 0x00000000fbd00000|100%| E|CS|TAMS 0x00000000fbc00000| PB 0x00000000fbc00000| Complete 
|1981|0x00000000fbd00000, 0x00000000fbe00000, 0x00000000fbe00000|100%| E|CS|TAMS 0x00000000fbd00000| PB 0x00000000fbd00000| Complete 
|1982|0x00000000fbe00000, 0x00000000fbf00000, 0x00000000fbf00000|100%| E|CS|TAMS 0x00000000fbe00000| PB 0x00000000fbe00000| Complete 
|1983|0x00000000fbf00000, 0x00000000fc000000, 0x00000000fc000000|100%| E|CS|TAMS 0x00000000fbf00000| PB 0x00000000fbf00000| Complete 
|1984|0x00000000fc000000, 0x00000000fc100000, 0x00000000fc100000|100%| E|CS|TAMS 0x00000000fc000000| PB 0x00000000fc000000| Complete 
|1985|0x00000000fc100000, 0x00000000fc200000, 0x00000000fc200000|100%| E|CS|TAMS 0x00000000fc100000| PB 0x00000000fc100000| Complete 
|1986|0x00000000fc200000, 0x00000000fc300000, 0x00000000fc300000|100%| E|CS|TAMS 0x00000000fc200000| PB 0x00000000fc200000| Complete 
|1987|0x00000000fc300000, 0x00000000fc400000, 0x00000000fc400000|100%| E|CS|TAMS 0x00000000fc300000| PB 0x00000000fc300000| Complete 
|1988|0x00000000fc400000, 0x00000000fc500000, 0x00000000fc500000|100%| E|CS|TAMS 0x00000000fc400000| PB 0x00000000fc400000| Complete 
|1989|0x00000000fc500000, 0x00000000fc600000, 0x00000000fc600000|100%| E|CS|TAMS 0x00000000fc500000| PB 0x00000000fc500000| Complete 
|1990|0x00000000fc600000, 0x00000000fc700000, 0x00000000fc700000|100%| E|CS|TAMS 0x00000000fc600000| PB 0x00000000fc600000| Complete 
|1991|0x00000000fc700000, 0x00000000fc800000, 0x00000000fc800000|100%| E|CS|TAMS 0x00000000fc700000| PB 0x00000000fc700000| Complete 
|1992|0x00000000fc800000, 0x00000000fc900000, 0x00000000fc900000|100%| E|CS|TAMS 0x00000000fc800000| PB 0x00000000fc800000| Complete 
|1993|0x00000000fc900000, 0x00000000fca00000, 0x00000000fca00000|100%| E|CS|TAMS 0x00000000fc900000| PB 0x00000000fc900000| Complete 
|1994|0x00000000fca00000, 0x00000000fcb00000, 0x00000000fcb00000|100%| E|CS|TAMS 0x00000000fca00000| PB 0x00000000fca00000| Complete 
|1995|0x00000000fcb00000, 0x00000000fcc00000, 0x00000000fcc00000|100%| E|CS|TAMS 0x00000000fcb00000| PB 0x00000000fcb00000| Complete 
|1996|0x00000000fcc00000, 0x00000000fcd00000, 0x00000000fcd00000|100%| E|CS|TAMS 0x00000000fcc00000| PB 0x00000000fcc00000| Complete 
|1997|0x00000000fcd00000, 0x00000000fce00000, 0x00000000fce00000|100%| E|CS|TAMS 0x00000000fcd00000| PB 0x00000000fcd00000| Complete 
|1998|0x00000000fce00000, 0x00000000fcf00000, 0x00000000fcf00000|100%| E|CS|TAMS 0x00000000fce00000| PB 0x00000000fce00000| Complete 
|1999|0x00000000fcf00000, 0x00000000fd000000, 0x00000000fd000000|100%| E|CS|TAMS 0x00000000fcf00000| PB 0x00000000fcf00000| Complete 
|2000|0x00000000fd000000, 0x00000000fd100000, 0x00000000fd100000|100%| E|CS|TAMS 0x00000000fd000000| PB 0x00000000fd000000| Complete 
|2001|0x00000000fd100000, 0x00000000fd200000, 0x00000000fd200000|100%| E|CS|TAMS 0x00000000fd100000| PB 0x00000000fd100000| Complete 
|2002|0x00000000fd200000, 0x00000000fd300000, 0x00000000fd300000|100%| E|CS|TAMS 0x00000000fd200000| PB 0x00000000fd200000| Complete 
|2003|0x00000000fd300000, 0x00000000fd400000, 0x00000000fd400000|100%| E|CS|TAMS 0x00000000fd300000| PB 0x00000000fd300000| Complete 
|2004|0x00000000fd400000, 0x00000000fd500000, 0x00000000fd500000|100%| E|CS|TAMS 0x00000000fd400000| PB 0x00000000fd400000| Complete 
|2005|0x00000000fd500000, 0x00000000fd600000, 0x00000000fd600000|100%| E|CS|TAMS 0x00000000fd500000| PB 0x00000000fd500000| Complete 
|2006|0x00000000fd600000, 0x00000000fd700000, 0x00000000fd700000|100%| E|CS|TAMS 0x00000000fd600000| PB 0x00000000fd600000| Complete 
|2007|0x00000000fd700000, 0x00000000fd800000, 0x00000000fd800000|100%| E|CS|TAMS 0x00000000fd700000| PB 0x00000000fd700000| Complete 
|2008|0x00000000fd800000, 0x00000000fd900000, 0x00000000fd900000|100%| E|CS|TAMS 0x00000000fd800000| PB 0x00000000fd800000| Complete 
|2009|0x00000000fd900000, 0x00000000fda00000, 0x00000000fda00000|100%| E|CS|TAMS 0x00000000fd900000| PB 0x00000000fd900000| Complete 
|2010|0x00000000fda00000, 0x00000000fdb00000, 0x00000000fdb00000|100%| E|CS|TAMS 0x00000000fda00000| PB 0x00000000fda00000| Complete 
|2011|0x00000000fdb00000, 0x00000000fdc00000, 0x00000000fdc00000|100%| E|CS|TAMS 0x00000000fdb00000| PB 0x00000000fdb00000| Complete 
|2012|0x00000000fdc00000, 0x00000000fdd00000, 0x00000000fdd00000|100%| E|CS|TAMS 0x00000000fdc00000| PB 0x00000000fdc00000| Complete 
|2013|0x00000000fdd00000, 0x00000000fde00000, 0x00000000fde00000|100%| E|CS|TAMS 0x00000000fdd00000| PB 0x00000000fdd00000| Complete 
|2014|0x00000000fde00000, 0x00000000fdf00000, 0x00000000fdf00000|100%| E|CS|TAMS 0x00000000fde00000| PB 0x00000000fde00000| Complete 
|2015|0x00000000fdf00000, 0x00000000fe000000, 0x00000000fe000000|100%| E|CS|TAMS 0x00000000fdf00000| PB 0x00000000fdf00000| Complete 
|2016|0x00000000fe000000, 0x00000000fe100000, 0x00000000fe100000|100%| E|CS|TAMS 0x00000000fe000000| PB 0x00000000fe000000| Complete 
|2017|0x00000000fe100000, 0x00000000fe200000, 0x00000000fe200000|100%| E|CS|TAMS 0x00000000fe100000| PB 0x00000000fe100000| Complete 
|2018|0x00000000fe200000, 0x00000000fe300000, 0x00000000fe300000|100%| E|CS|TAMS 0x00000000fe200000| PB 0x00000000fe200000| Complete 
|2019|0x00000000fe300000, 0x00000000fe400000, 0x00000000fe400000|100%| E|CS|TAMS 0x00000000fe300000| PB 0x00000000fe300000| Complete 
|2020|0x00000000fe400000, 0x00000000fe500000, 0x00000000fe500000|100%| E|CS|TAMS 0x00000000fe400000| PB 0x00000000fe400000| Complete 
|2021|0x00000000fe500000, 0x00000000fe600000, 0x00000000fe600000|100%| E|CS|TAMS 0x00000000fe500000| PB 0x00000000fe500000| Complete 
|2022|0x00000000fe600000, 0x00000000fe700000, 0x00000000fe700000|100%| E|CS|TAMS 0x00000000fe600000| PB 0x00000000fe600000| Complete 
|2023|0x00000000fe700000, 0x00000000fe800000, 0x00000000fe800000|100%| E|CS|TAMS 0x00000000fe700000| PB 0x00000000fe700000| Complete 
|2024|0x00000000fe800000, 0x00000000fe900000, 0x00000000fe900000|100%| E|CS|TAMS 0x00000000fe800000| PB 0x00000000fe800000| Complete 
|2025|0x00000000fe900000, 0x00000000fea00000, 0x00000000fea00000|100%| E|CS|TAMS 0x00000000fe900000| PB 0x00000000fe900000| Complete 
|2026|0x00000000fea00000, 0x00000000feb00000, 0x00000000feb00000|100%| E|CS|TAMS 0x00000000fea00000| PB 0x00000000fea00000| Complete 
|2027|0x00000000feb00000, 0x00000000fec00000, 0x00000000fec00000|100%| E|CS|TAMS 0x00000000feb00000| PB 0x00000000feb00000| Complete 
|2028|0x00000000fec00000, 0x00000000fed00000, 0x00000000fed00000|100%| E|CS|TAMS 0x00000000fec00000| PB 0x00000000fec00000| Complete 
|2029|0x00000000fed00000, 0x00000000fee00000, 0x00000000fee00000|100%| E|CS|TAMS 0x00000000fed00000| PB 0x00000000fed00000| Complete 
|2030|0x00000000fee00000, 0x00000000fef00000, 0x00000000fef00000|100%| E|CS|TAMS 0x00000000fee00000| PB 0x00000000fee00000| Complete 
|2031|0x00000000fef00000, 0x00000000ff000000, 0x00000000ff000000|100%| E|CS|TAMS 0x00000000fef00000| PB 0x00000000fef00000| Complete 
|2032|0x00000000ff000000, 0x00000000ff100000, 0x00000000ff100000|100%| E|CS|TAMS 0x00000000ff000000| PB 0x00000000ff000000| Complete 
|2033|0x00000000ff100000, 0x00000000ff200000, 0x00000000ff200000|100%| E|CS|TAMS 0x00000000ff100000| PB 0x00000000ff100000| Complete 
|2034|0x00000000ff200000, 0x00000000ff300000, 0x00000000ff300000|100%| E|CS|TAMS 0x00000000ff200000| PB 0x00000000ff200000| Complete 
|2035|0x00000000ff300000, 0x00000000ff400000, 0x00000000ff400000|100%| E|CS|TAMS 0x00000000ff300000| PB 0x00000000ff300000| Complete 
|2036|0x00000000ff400000, 0x00000000ff500000, 0x00000000ff500000|100%| E|CS|TAMS 0x00000000ff400000| PB 0x00000000ff400000| Complete 
|2037|0x00000000ff500000, 0x00000000ff600000, 0x00000000ff600000|100%| E|CS|TAMS 0x00000000ff500000| PB 0x00000000ff500000| Complete 
|2038|0x00000000ff600000, 0x00000000ff700000, 0x00000000ff700000|100%| E|CS|TAMS 0x00000000ff600000| PB 0x00000000ff600000| Complete 
|2039|0x00000000ff700000, 0x00000000ff800000, 0x00000000ff800000|100%| E|CS|TAMS 0x00000000ff700000| PB 0x00000000ff700000| Complete 
|2040|0x00000000ff800000, 0x00000000ff900000, 0x00000000ff900000|100%| E|CS|TAMS 0x00000000ff800000| PB 0x00000000ff800000| Complete 
|2041|0x00000000ff900000, 0x00000000ffa00000, 0x00000000ffa00000|100%| E|CS|TAMS 0x00000000ff900000| PB 0x00000000ff900000| Complete 
|2042|0x00000000ffa00000, 0x00000000ffb00000, 0x00000000ffb00000|100%| E|  |TAMS 0x00000000ffa00000| PB 0x00000000ffa00000| Complete 
|2043|0x00000000ffb00000, 0x00000000ffc00000, 0x00000000ffc00000|100%| E|CS|TAMS 0x00000000ffb00000| PB 0x00000000ffb00000| Complete 
|2044|0x00000000ffc00000, 0x00000000ffd00000, 0x00000000ffd00000|100%| E|CS|TAMS 0x00000000ffc00000| PB 0x00000000ffc00000| Complete 
|2045|0x00000000ffd00000, 0x00000000ffe00000, 0x00000000ffe00000|100%| E|CS|TAMS 0x00000000ffd00000| PB 0x00000000ffd00000| Complete 
|2046|0x00000000ffe00000, 0x00000000fff00000, 0x00000000fff00000|100%| E|CS|TAMS 0x00000000ffe00000| PB 0x00000000ffe00000| Complete 
|2047|0x00000000fff00000, 0x0000000100000000, 0x0000000100000000|100%| E|CS|TAMS 0x00000000fff00000| PB 0x00000000fff00000| Complete 

Card table byte_map: [0x0000023d37480000,0x0000023d37880000] _byte_map_base: 0x0000023d37080000

Marking Bits: (CMBitMap*) 0x0000023d1ee7b070
 Bits: [0x0000023d37880000, 0x0000023d39880000)

Polling page: 0x0000023d1cce0000

Metaspace:

Usage:
  Non-class:    106.90 MB used.
      Class:     15.74 MB used.
       Both:    122.64 MB used.

Virtual space:
  Non-class space:      128.00 MB reserved,     107.88 MB ( 84%) committed,  2 nodes.
      Class space:        1.00 GB reserved,      16.81 MB (  2%) committed,  1 nodes.
             Both:        1.12 GB reserved,     124.69 MB ( 11%) committed. 

Chunk freelists:
   Non-Class:  4.08 MB
       Class:  15.24 MB
        Both:  19.32 MB

MaxMetaspaceSize: unlimited
CompressedClassSpaceSize: 1.00 GB
Initial GC threshold: 21.00 MB
Current GC threshold: 206.81 MB
CDS: on
 - commit_granule_bytes: 65536.
 - commit_granule_words: 8192.
 - virtual_space_node_default_size: 8388608.
 - enlarge_chunks_in_place: 1.
 - use_allocation_guard: 0.


Internal statistics:

num_allocs_failed_limit: 14.
num_arena_births: 5726.
num_arena_deaths: 2604.
num_vsnodes_births: 3.
num_vsnodes_deaths: 0.
num_space_committed: 2026.
num_space_uncommitted: 19.
num_chunks_returned_to_freelist: 3128.
num_chunks_taken_from_freelist: 13058.
num_chunk_merges: 1062.
num_chunk_splits: 7418.
num_chunks_enlarged: 4393.
num_inconsistent_stats: 0.

CodeHeap 'non-profiled nmethods': size=119168Kb used=4221Kb max_used=22535Kb free=114946Kb
 bounds [0x0000023d2ee40000, 0x0000023d30480000, 0x0000023d362a0000]
CodeHeap 'profiled nmethods': size=119104Kb used=1247Kb max_used=40531Kb free=117856Kb
 bounds [0x0000023d272a0000, 0x0000023d29a70000, 0x0000023d2e6f0000]
CodeHeap 'non-nmethods': size=7488Kb used=3567Kb max_used=4804Kb free=3921Kb
 bounds [0x0000023d2e6f0000, 0x0000023d2ebb0000, 0x0000023d2ee40000]
 total_blobs=2953 nmethods=1885 adapters=969
 compilation: enabled
              stopped_count=0, restarted_count=0
 full_count=0

Compilation events (20 events):
Event: 2795.288 Thread 0x0000023d3d047590 48526       3       java.lang.reflect.Constructor::acquireConstructorAccessor (75 bytes)
Event: 2795.288 Thread 0x0000023d06c70ce0 nmethod 48530 0x0000023d28ed7b10 code [0x0000023d28ed7cc0, 0x0000023d28ed8128]
Event: 2795.288 Thread 0x0000023d06c70ce0 48522       1       java.lang.reflect.Method::getModifiers (5 bytes)
Event: 2795.288 Thread 0x0000023d06c70ce0 nmethod 48522 0x0000023d2ef0d890 code [0x0000023d2ef0da20, 0x0000023d2ef0dae8]
Event: 2795.288 Thread 0x0000023d06c70ce0 48532       1       java.lang.reflect.Method::getSharedParameterTypes (5 bytes)
Event: 2795.288 Thread 0x0000023d05cb51b0 nmethod 48518 0x0000023d2ef48590 code [0x0000023d2ef48720, 0x0000023d2ef487d8]
Event: 2795.288 Thread 0x0000023d06c70ce0 nmethod 48532 0x0000023d2ef56d90 code [0x0000023d2ef56f20, 0x0000023d2ef56fe8]
Event: 2795.288 Thread 0x0000023d05cb51b0 48533       4       java.util.LinkedHashMap$LinkedHashIterator::nextNode (68 bytes)
Event: 2795.288 Thread 0x0000023d3d047590 nmethod 48526 0x0000023d27abe110 code [0x0000023d27abe320, 0x0000023d27abe9c0]
Event: 2795.290 Thread 0x0000023d05cb51b0 nmethod 48533 0x0000023d2f179c10 code [0x0000023d2f179da0, 0x0000023d2f17a078]
Event: 2795.290 Thread 0x0000023d05cb51b0 48536       4       sun.reflect.annotation.AnnotationType::getInstance (65 bytes)
Event: 2795.292 Thread 0x0000023d05cb51b0 nmethod 48536 0x0000023d2f2af090 code [0x0000023d2f2af240, 0x0000023d2f2af420]
Event: 2795.292 Thread 0x0000023d05cb51b0 48534       4       java.lang.PublicMethods$MethodList::getMostSpecific (63 bytes)
Event: 2795.293 Thread 0x0000023d05cb51b0 nmethod 48534 0x0000023d2f33e410 code [0x0000023d2f33e5a0, 0x0000023d2f33e788]
Event: 2795.293 Thread 0x0000023d05cb51b0 48528       4       java.lang.PublicMethods$Key::matches (31 bytes)
Event: 2795.295 Thread 0x0000023d05cb51b0 nmethod 48528 0x0000023d2f37c410 code [0x0000023d2f37c5a0, 0x0000023d2f37c790]
Event: 2795.295 Thread 0x0000023d05cb51b0 48513       4       java.lang.reflect.Executable::<init> (5 bytes)
Event: 2795.295 Thread 0x0000023d0afc3540 nmethod 48527 0x0000023d2ef26b10 code [0x0000023d2ef26ce0, 0x0000023d2ef27560]
Event: 2795.295 Thread 0x0000023d05cb51b0 nmethod 48513 0x0000023d2f032310 code [0x0000023d2f032480, 0x0000023d2f032508]
Event: 2795.297 Thread 0x0000023d3d038170 nmethod 48510 0x0000023d2f1b3c90 code [0x0000023d2f1b3f80, 0x0000023d2f1b5050]

GC Heap History (20 events):
Event: 2794.240 GC heap before
{Heap before GC invocations=152 (full 0):
 garbage-first heap   total 1448960K, used 1094195K [0x0000000080000000, 0x0000000100000000)
  region size 1024K, 851 young (871424K), 37 survivors (37888K)
 Metaspace       used 123928K, committed 126208K, reserved 1179648K
  class space    used 15925K, committed 17088K, reserved 1048576K
}
Event: 2794.247 GC heap after
{Heap after GC invocations=153 (full 0):
 garbage-first heap   total 1448960K, used 267235K [0x0000000080000000, 0x0000000100000000)
  region size 1024K, 43 young (44032K), 43 survivors (44032K)
 Metaspace       used 123928K, committed 126208K, reserved 1179648K
  class space    used 15925K, committed 17088K, reserved 1048576K
}
Event: 2794.358 GC heap before
{Heap before GC invocations=153 (full 0):
 garbage-first heap   total 1448960K, used 1091555K [0x0000000080000000, 0x0000000100000000)
  region size 1024K, 849 young (869376K), 43 survivors (44032K)
 Metaspace       used 123928K, committed 126208K, reserved 1179648K
  class space    used 15925K, committed 17088K, reserved 1048576K
}
Event: 2794.363 GC heap after
{Heap after GC invocations=154 (full 0):
 garbage-first heap   total 1448960K, used 269357K [0x0000000080000000, 0x0000000100000000)
  region size 1024K, 44 young (45056K), 44 survivors (45056K)
 Metaspace       used 123928K, committed 126208K, reserved 1179648K
  class space    used 15925K, committed 17088K, reserved 1048576K
}
Event: 2794.476 GC heap before
{Heap before GC invocations=155 (full 0):
 garbage-first heap   total 1448960K, used 1093677K [0x0000000080000000, 0x0000000100000000)
  region size 1024K, 849 young (869376K), 44 survivors (45056K)
 Metaspace       used 123929K, committed 126208K, reserved 1179648K
  class space    used 15925K, committed 17088K, reserved 1048576K
}
Event: 2794.483 GC heap after
{Heap after GC invocations=156 (full 0):
 garbage-first heap   total 1448960K, used 282681K [0x0000000080000000, 0x0000000100000000)
  region size 1024K, 56 young (57344K), 56 survivors (57344K)
 Metaspace       used 123929K, committed 126208K, reserved 1179648K
  class space    used 15925K, committed 17088K, reserved 1048576K
}
Event: 2794.576 GC heap before
{Heap before GC invocations=156 (full 0):
 garbage-first heap   total 1448960K, used 1094713K [0x0000000080000000, 0x0000000100000000)
  region size 1024K, 849 young (869376K), 56 survivors (57344K)
 Metaspace       used 123929K, committed 126208K, reserved 1179648K
  class space    used 15925K, committed 17088K, reserved 1048576K
}
Event: 2794.583 GC heap after
{Heap after GC invocations=157 (full 0):
 garbage-first heap   total 1448960K, used 281416K [0x0000000080000000, 0x0000000100000000)
  region size 1024K, 56 young (57344K), 56 survivors (57344K)
 Metaspace       used 123929K, committed 126208K, reserved 1179648K
  class space    used 15925K, committed 17088K, reserved 1048576K
}
Event: 2794.681 GC heap before
{Heap before GC invocations=157 (full 0):
 garbage-first heap   total 1448960K, used 1092424K [0x0000000080000000, 0x0000000100000000)
  region size 1024K, 849 young (869376K), 56 survivors (57344K)
 Metaspace       used 123929K, committed 126208K, reserved 1179648K
  class space    used 15925K, committed 17088K, reserved 1048576K
}
Event: 2794.687 GC heap after
{Heap after GC invocations=158 (full 0):
 garbage-first heap   total 1448960K, used 287109K [0x0000000080000000, 0x0000000100000000)
  region size 1024K, 59 young (60416K), 59 survivors (60416K)
 Metaspace       used 123929K, committed 126208K, reserved 1179648K
  class space    used 15925K, committed 17088K, reserved 1048576K
}
Event: 2794.796 GC heap before
{Heap before GC invocations=159 (full 0):
 garbage-first heap   total 1448960K, used 1095045K [0x0000000080000000, 0x0000000100000000)
  region size 1024K, 849 young (869376K), 59 survivors (60416K)
 Metaspace       used 123929K, committed 126208K, reserved 1179648K
  class space    used 15925K, committed 17088K, reserved 1048576K
}
Event: 2794.803 GC heap after
{Heap after GC invocations=160 (full 0):
 garbage-first heap   total 1448960K, used 287636K [0x0000000080000000, 0x0000000100000000)
  region size 1024K, 58 young (59392K), 58 survivors (59392K)
 Metaspace       used 123929K, committed 126208K, reserved 1179648K
  class space    used 15925K, committed 17088K, reserved 1048576K
}
Event: 2794.901 GC heap before
{Heap before GC invocations=160 (full 0):
 garbage-first heap   total 1448960K, used 1096596K [0x0000000080000000, 0x0000000100000000)
  region size 1024K, 849 young (869376K), 58 survivors (59392K)
 Metaspace       used 123929K, committed 126208K, reserved 1179648K
  class space    used 15925K, committed 17088K, reserved 1048576K
}
Event: 2794.909 GC heap after
{Heap after GC invocations=161 (full 0):
 garbage-first heap   total 1579008K, used 286101K [0x0000000080000000, 0x0000000100000000)
  region size 1024K, 57 young (58368K), 57 survivors (58368K)
 Metaspace       used 123929K, committed 126208K, reserved 1179648K
  class space    used 15925K, committed 17088K, reserved 1048576K
}
Event: 2795.023 GC heap before
{Heap before GC invocations=161 (full 0):
 garbage-first heap   total 1579008K, used 1173909K [0x0000000080000000, 0x0000000100000000)
  region size 1024K, 925 young (947200K), 57 survivors (58368K)
 Metaspace       used 123930K, committed 126208K, reserved 1179648K
  class space    used 15925K, committed 17088K, reserved 1048576K
}
Event: 2795.029 GC heap after
{Heap after GC invocations=162 (full 0):
 garbage-first heap   total 1579008K, used 286960K [0x0000000080000000, 0x0000000100000000)
  region size 1024K, 56 young (57344K), 56 survivors (57344K)
 Metaspace       used 123930K, committed 126208K, reserved 1179648K
  class space    used 15925K, committed 17088K, reserved 1048576K
}
Event: 2795.148 GC heap before
{Heap before GC invocations=163 (full 0):
 garbage-first heap   total 1579008K, used 1175792K [0x0000000080000000, 0x0000000100000000)
  region size 1024K, 925 young (947200K), 56 survivors (57344K)
 Metaspace       used 123973K, committed 126272K, reserved 1179648K
  class space    used 15927K, committed 17088K, reserved 1048576K
}
Event: 2795.153 GC heap after
{Heap after GC invocations=164 (full 0):
 garbage-first heap   total 1579008K, used 283904K [0x0000000080000000, 0x0000000100000000)
  region size 1024K, 50 young (51200K), 50 survivors (51200K)
 Metaspace       used 123973K, committed 126272K, reserved 1179648K
  class space    used 15927K, committed 17088K, reserved 1048576K
}
Event: 2795.255 GC heap before
{Heap before GC invocations=164 (full 0):
 garbage-first heap   total 1579008K, used 1178880K [0x0000000080000000, 0x0000000100000000)
  region size 1024K, 925 young (947200K), 50 survivors (51200K)
 Metaspace       used 124003K, committed 126272K, reserved 1179648K
  class space    used 15932K, committed 17088K, reserved 1048576K
}
Event: 2795.260 GC heap after
{Heap after GC invocations=165 (full 0):
 garbage-first heap   total 1579008K, used 277241K [0x0000000080000000, 0x0000000100000000)
  region size 1024K, 42 young (43008K), 42 survivors (43008K)
 Metaspace       used 124003K, committed 126272K, reserved 1179648K
  class space    used 15932K, committed 17088K, reserved 1048576K
}

Dll operation events (15 events):
Event: 0.005 Loaded shared library C:\Program Files\Java\jdk-21\bin\java.dll
Event: 0.025 Loaded shared library C:\Program Files\Java\jdk-21\bin\jsvml.dll
Event: 0.045 Loaded shared library C:\Program Files\Java\jdk-21\bin\zip.dll
Event: 0.046 Loaded shared library C:\Program Files\Java\jdk-21\bin\instrument.dll
Event: 0.048 Loaded shared library C:\Program Files\Java\jdk-21\bin\net.dll
Event: 0.049 Loaded shared library C:\Program Files\Java\jdk-21\bin\nio.dll
Event: 0.051 Loaded shared library C:\Program Files\Java\jdk-21\bin\zip.dll
Event: 0.121 Loaded shared library C:\Program Files\Java\jdk-21\bin\jimage.dll
Event: 0.206 Loaded shared library C:\Program Files\Java\jdk-21\bin\verify.dll
Event: 0.220 Loaded shared library C:\Users\byd\.gradle\native\660c5614fbf4a5f2a75b1949f50a0caf5cd603558e7d8a26e50b933a0cfb79d1\windows-amd64\native-platform.dll
Event: 0.224 Loaded shared library C:\Users\byd\.gradle\native\0.2.8\x86_64-windows-gnu\gradle-fileevents.dll
Event: 0.534 Loaded shared library C:\Program Files\Java\jdk-21\bin\management.dll
Event: 0.535 Loaded shared library C:\Program Files\Java\jdk-21\bin\management_ext.dll
Event: 0.598 Loaded shared library C:\Program Files\Java\jdk-21\bin\extnet.dll
Event: 0.683 Loaded shared library C:\Program Files\Java\jdk-21\bin\sunmscapi.dll

Deoptimization events (20 events):
Event: 2793.687 Thread 0x0000023d122aaab0 DEOPT PACKING pc=0x0000023d27abbdde sp=0x000000f28a1fe720
Event: 2793.687 Thread 0x0000023d122aaab0 DEOPT UNPACKING pc=0x0000023d2e744e42 sp=0x000000f28a1fdba0 mode 0
Event: 2793.691 Thread 0x0000023d122a9070 DEOPT PACKING pc=0x0000023d27abbdde sp=0x000000f289efe8b0
Event: 2793.691 Thread 0x0000023d122a9070 DEOPT UNPACKING pc=0x0000023d2e744e42 sp=0x000000f289efdd30 mode 0
Event: 2794.526 Thread 0x0000023d0aeb30f0 Uncommon trap: trap_request=0xffffff45 fr.pc=0x0000023d2f2b7b04 relative=0x0000000000001324
Event: 2794.526 Thread 0x0000023d0aeb30f0 Uncommon trap: reason=unstable_if action=reinterpret pc=0x0000023d2f2b7b04 method=daomephsta.unpick.impl.UnpickInterpreter.binaryOperation(Lorg/objectweb/asm/tree/AbstractInsnNode;Ldaomephsta/unpick/impl/UnpickValue;Ldaomephsta/unpick/impl/UnpickValue;)Ld
Event: 2794.526 Thread 0x0000023d0aeb30f0 DEOPT PACKING pc=0x0000023d2f2b7b04 sp=0x000000f28acfeec0
Event: 2794.526 Thread 0x0000023d0aeb30f0 DEOPT UNPACKING pc=0x0000023d2e7446a2 sp=0x000000f28acfee98 mode 2
Event: 2794.763 Thread 0x0000023d0d63b6e0 Uncommon trap: trap_request=0xffffff5c fr.pc=0x0000023d2f036bbc relative=0x000000000000083c
Event: 2794.763 Thread 0x0000023d0d63b6e0 Uncommon trap: reason=speculate_null_check action=make_not_entrant pc=0x0000023d2f036bbc method=java.util.Objects.isNull(Ljava/lang/Object;)Z @ 1 c2
Event: 2794.763 Thread 0x0000023d0d63b6e0 DEOPT PACKING pc=0x0000023d2f036bbc sp=0x000000f28abfe9b0
Event: 2794.763 Thread 0x0000023d0d63b6e0 DEOPT UNPACKING pc=0x0000023d2e7446a2 sp=0x000000f28abfe698 mode 2
Event: 2794.869 Thread 0x0000023d122abe60 Uncommon trap: trap_request=0xffffffcd fr.pc=0x0000023d2efb3714 relative=0x0000000000000174
Event: 2794.869 Thread 0x0000023d122abe60 Uncommon trap: reason=intrinsic_or_type_checked_inlining action=reinterpret pc=0x0000023d2efb3714 method=java.lang.invoke.LambdaForm$MH/0x0000023d3fa0cc00.invoke(Ljava/lang/Object;Ljava/lang/Object;Ljava/lang/Object;)I @ 66 c2
Event: 2794.869 Thread 0x0000023d122abe60 DEOPT PACKING pc=0x0000023d2efb3714 sp=0x000000f289bfe710
Event: 2794.869 Thread 0x0000023d122abe60 DEOPT UNPACKING pc=0x0000023d2e7446a2 sp=0x000000f289bfe340 mode 2
Event: 2795.105 Thread 0x0000023d0aeb44a0 Uncommon trap: trap_request=0xffffff45 fr.pc=0x0000023d2f52cefc relative=0x0000000000000bfc
Event: 2795.105 Thread 0x0000023d0aeb44a0 Uncommon trap: reason=unstable_if action=reinterpret pc=0x0000023d2f52cefc method=org.objectweb.asm.ByteVector.putUTF8(Ljava/lang/String;)Lorg/objectweb/asm/ByteVector; @ 93 c2
Event: 2795.105 Thread 0x0000023d0aeb44a0 DEOPT PACKING pc=0x0000023d2f52cefc sp=0x000000f28b2fefc0
Event: 2795.105 Thread 0x0000023d0aeb44a0 DEOPT UNPACKING pc=0x0000023d2e7446a2 sp=0x000000f28b2fef08 mode 2

Classes loaded (20 events):
Event: 2795.298 Loading class java/awt/Dialog done
Event: 2795.298 Loading class java/awt/Dialog$ModalExclusionType
Event: 2795.299 Loading class java/awt/Dialog$ModalExclusionType done
Event: 2795.299 Loading class java/awt/event/WindowListener
Event: 2795.299 Loading class java/awt/event/WindowListener done
Event: 2795.299 Loading class java/awt/event/WindowFocusListener
Event: 2795.299 Loading class java/awt/event/WindowFocusListener done
Event: 2795.299 Loading class java/awt/event/WindowStateListener
Event: 2795.299 Loading class java/awt/event/WindowStateListener done
Event: 2795.299 Loading class java/awt/BufferCapabilities
Event: 2795.299 Loading class java/awt/BufferCapabilities done
Event: 2795.299 Loading class java/awt/AWTException
Event: 2795.299 Loading class java/awt/AWTException done
Event: 2795.299 Loading class java/awt/image/BufferStrategy
Event: 2795.300 Loading class java/awt/image/BufferStrategy done
Event: 2795.300 Loading class java/awt/Window$Type
Event: 2795.300 Loading class java/awt/Window$Type done
Event: 2795.300 Loading class java/awt/im/InputContext
Event: 2795.300 Loading class java/awt/im/InputContext done
Event: 2795.300 Loading class sun/awt/util/IdentityArrayList

Classes unloaded (20 events):
Event: 2789.442 Thread 0x0000023d3ca68a50 Unloading class 0x0000023d3f330000 'java/lang/invoke/LambdaForm$MH+0x0000023d3f330000'
Event: 2789.442 Thread 0x0000023d3ca68a50 Unloading class 0x0000023d3f2a0000 'java/lang/invoke/LambdaForm$MH+0x0000023d3f2a0000'
Event: 2789.442 Thread 0x0000023d3ca68a50 Unloading class 0x0000023d3f262000 'java/lang/invoke/LambdaForm$MH+0x0000023d3f262000'
Event: 2789.442 Thread 0x0000023d3ca68a50 Unloading class 0x0000023d3f260000 'java/lang/invoke/LambdaForm$MH+0x0000023d3f260000'
Event: 2789.442 Thread 0x0000023d3ca68a50 Unloading class 0x0000023d3f256c00 'java/lang/invoke/LambdaForm$MH+0x0000023d3f256c00'
Event: 2789.442 Thread 0x0000023d3ca68a50 Unloading class 0x0000023d3f256800 'java/lang/invoke/LambdaForm$MH+0x0000023d3f256800'
Event: 2789.442 Thread 0x0000023d3ca68a50 Unloading class 0x0000023d3f171400 'java/lang/invoke/LambdaForm$MH+0x0000023d3f171400'
Event: 2789.442 Thread 0x0000023d3ca68a50 Unloading class 0x0000023d3f170c00 'java/lang/invoke/LambdaForm$MH+0x0000023d3f170c00'
Event: 2789.442 Thread 0x0000023d3ca68a50 Unloading class 0x0000023d3f155c00 'java/lang/invoke/LambdaForm$MH+0x0000023d3f155c00'
Event: 2789.442 Thread 0x0000023d3ca68a50 Unloading class 0x0000023d3f155800 'java/lang/invoke/LambdaForm$MH+0x0000023d3f155800'
Event: 2789.442 Thread 0x0000023d3ca68a50 Unloading class 0x0000023d3f155400 'java/lang/invoke/LambdaForm$MH+0x0000023d3f155400'
Event: 2789.442 Thread 0x0000023d3ca68a50 Unloading class 0x0000023d3f154c00 'java/lang/invoke/LambdaForm$MH+0x0000023d3f154c00'
Event: 2789.442 Thread 0x0000023d3ca68a50 Unloading class 0x0000023d3f154400 'java/lang/invoke/LambdaForm$MH+0x0000023d3f154400'
Event: 2789.442 Thread 0x0000023d3ca68a50 Unloading class 0x0000023d3f154000 'java/lang/invoke/LambdaForm$MH+0x0000023d3f154000'
Event: 2789.442 Thread 0x0000023d3ca68a50 Unloading class 0x0000023d3f14cc00 'java/lang/invoke/LambdaForm$MH+0x0000023d3f14cc00'
Event: 2789.442 Thread 0x0000023d3ca68a50 Unloading class 0x0000023d3f0f8400 'java/lang/invoke/LambdaForm$MH+0x0000023d3f0f8400'
Event: 2789.442 Thread 0x0000023d3ca68a50 Unloading class 0x0000023d3f0f8000 'java/lang/invoke/LambdaForm$MH+0x0000023d3f0f8000'
Event: 2789.442 Thread 0x0000023d3ca68a50 Unloading class 0x0000023d3f0b0c00 'java/lang/invoke/LambdaForm$MH+0x0000023d3f0b0c00'
Event: 2789.442 Thread 0x0000023d3ca68a50 Unloading class 0x0000023d3f001400 'java/lang/invoke/LambdaForm$MH+0x0000023d3f001400'
Event: 2791.843 Thread 0x0000023d3ca68a50 Unloading class 0x0000023d3fa8fc00 'java/lang/invoke/LambdaForm$MH+0x0000023d3fa8fc00'

Classes redefined (0 events):
No events

Internal exceptions (20 events):
Event: 2790.681 Thread 0x0000023d0c1e7900 Implicit null exception at 0x0000023d2f7f61cd to 0x0000023d2f7ff078
Event: 2790.743 Thread 0x0000023d0c1e7900 Exception <a 'java/lang/NoSuchMethodError'{0x00000000fede1b38}: 'int java.lang.invoke.DelegatingMethodHandle$Holder.delegate(java.lang.Object, int, java.lang.Object)'> (0x00000000fede1b38) 
thrown [s\open\src\hotspot\share\interpreter\linkResolver.cpp, line 773]
Event: 2791.129 Thread 0x0000023d0c1e7900 Implicit null exception at 0x0000023d2ee90bc0 to 0x0000023d2ee90c6c
Event: 2791.437 Thread 0x0000023d0c1e7900 Exception <a 'sun/nio/fs/WindowsException'{0x00000000a1d56a48}> (0x00000000a1d56a48) 
thrown [s\open\src\hotspot\share\prims\jni.cpp, line 520]
Event: 2791.438 Thread 0x0000023d0c1e7900 Exception <a 'sun/nio/fs/WindowsException'{0x00000000a1d58968}> (0x00000000a1d58968) 
thrown [s\open\src\hotspot\share\prims\jni.cpp, line 520]
Event: 2791.438 Thread 0x0000023d0c1e7900 Exception <a 'sun/nio/fs/WindowsException'{0x00000000a1d5aa08}> (0x00000000a1d5aa08) 
thrown [s\open\src\hotspot\share\prims\jni.cpp, line 520]
Event: 2791.438 Thread 0x0000023d0c1e7900 Exception <a 'sun/nio/fs/WindowsException'{0x00000000a1d5bb28}> (0x00000000a1d5bb28) 
thrown [s\open\src\hotspot\share\prims\jni.cpp, line 520]
Event: 2791.441 Thread 0x0000023d122a9700 Implicit null exception at 0x0000023d302af6f8 to 0x0000023d302afa14
Event: 2791.451 Thread 0x0000023d122a9700 Implicit null exception at 0x0000023d2f32c01e to 0x0000023d2f32c488
Event: 2791.452 Thread 0x0000023d122abe60 Implicit null exception at 0x0000023d2ef54da2 to 0x0000023d2ef55210
Event: 2791.455 Thread 0x0000023d122aaab0 Implicit null exception at 0x0000023d2f162fb5 to 0x0000023d2f1695d4
Event: 2791.614 Thread 0x0000023d0d63c400 Exception <a 'java/lang/NoSuchMethodError'{0x00000000fa4949e8}: 'java.lang.Object java.lang.invoke.DirectMethodHandle$Holder.newInvokeSpecial(java.lang.Object, java.lang.Object, java.lang.Object, java.lang.Object, long)'> (0x00000000fa4949e8) 
thrown [s\open\src\hotspot\share\interpreter\linkResolver.cpp, line 773]
Event: 2791.614 Thread 0x0000023d0d63c400 Exception <a 'java/lang/NoSuchMethodError'{0x00000000fa498ac8}: 'java.lang.Object java.lang.invoke.DirectMethodHandle$Holder.invokeSpecial(java.lang.Object, java.lang.Object, java.lang.Object, java.lang.Object, java.lang.Object, long)'> (0x00000000fa498ac8) 
thrown [s\open\src\hotspot\share\interpreter\linkResolver.cpp, line 773]
Event: 2791.614 Thread 0x0000023d0d63c400 Exception <a 'java/lang/NoSuchMethodError'{0x00000000fa49c478}: 'java.lang.Object java.lang.invoke.Invokers$Holder.linkToTargetMethod(java.lang.Object, java.lang.Object, java.lang.Object, long, java.lang.Object)'> (0x00000000fa49c478) 
thrown [s\open\src\hotspot\share\interpreter\linkResolver.cpp, line 773]
Event: 2792.921 Thread 0x0000023d0d63b6e0 Implicit null exception at 0x0000023d2f901e92 to 0x0000023d2f9023f8
Event: 2793.293 Thread 0x0000023d122abe60 Implicit null exception at 0x0000023d2f0365c7 to 0x0000023d2f036af8
Event: 2793.601 Thread 0x0000023d0d63b6e0 Implicit null exception at 0x0000023d30056248 to 0x0000023d30057b48
Event: 2793.602 Thread 0x0000023d0d63b6e0 Implicit null exception at 0x0000023d2f805db3 to 0x0000023d2f8064c0
Event: 2793.658 Thread 0x0000023d0aeb44a0 Implicit null exception at 0x0000023d2ee7ed5c to 0x0000023d2ee7f434
Event: 2794.763 Thread 0x0000023d0d63b6e0 Implicit null exception at 0x0000023d2f0365b4 to 0x0000023d2f036bac

ZGC Phase Switch (0 events):
No events

VM Operations (20 events):
Event: 2794.739 Executing VM operation: G1PauseRemark
Event: 2794.741 Executing VM operation: G1PauseRemark done
Event: 2794.774 Executing VM operation: G1PauseCleanup
Event: 2794.774 Executing VM operation: G1PauseCleanup done
Event: 2794.796 Executing VM operation: G1CollectForAllocation (G1 Evacuation Pause)
Event: 2794.803 Executing VM operation: G1CollectForAllocation (G1 Evacuation Pause) done
Event: 2794.901 Executing VM operation: G1CollectForAllocation (G1 Evacuation Pause)
Event: 2794.909 Executing VM operation: G1CollectForAllocation (G1 Evacuation Pause) done
Event: 2795.023 Executing VM operation: G1CollectForAllocation (G1 Evacuation Pause)
Event: 2795.029 Executing VM operation: G1CollectForAllocation (G1 Evacuation Pause) done
Event: 2795.081 Executing VM operation: G1PauseRemark
Event: 2795.083 Executing VM operation: G1PauseRemark done
Event: 2795.117 Executing VM operation: G1PauseCleanup
Event: 2795.117 Executing VM operation: G1PauseCleanup done
Event: 2795.147 Executing VM operation: G1CollectForAllocation (G1 Evacuation Pause)
Event: 2795.147 Executing VM operation: G1CollectForAllocation (G1 Evacuation Pause) done
Event: 2795.148 Executing VM operation: G1CollectForAllocation (GCLocker Initiated GC)
Event: 2795.153 Executing VM operation: G1CollectForAllocation (GCLocker Initiated GC) done
Event: 2795.255 Executing VM operation: G1CollectForAllocation (G1 Evacuation Pause)
Event: 2795.260 Executing VM operation: G1CollectForAllocation (G1 Evacuation Pause) done

Events (20 events):
Event: 2794.741 Thread 0x0000023d3ca68a50 flushing nmethod 0x0000023d2efeaa10
Event: 2794.741 Thread 0x0000023d3ca68a50 flushing nmethod 0x0000023d2f676e10
Event: 2794.741 Thread 0x0000023d3ca68a50 flushing nmethod 0x0000023d2f69ab90
Event: 2794.741 Thread 0x0000023d3ca68a50 flushing nmethod 0x0000023d2f6a4990
Event: 2794.741 Thread 0x0000023d3ca68a50 flushing nmethod 0x0000023d2f8ea190
Event: 2794.741 Thread 0x0000023d3ca68a50 flushing nmethod 0x0000023d27788490
Event: 2794.741 Thread 0x0000023d3ca68a50 flushing nmethod 0x0000023d277acd90
Event: 2794.741 Thread 0x0000023d3ca68a50 flushing nmethod 0x0000023d2f8a8710
Event: 2794.741 Thread 0x0000023d3ca68a50 flushing nmethod 0x0000023d2f8a8d10
Event: 2795.083 Thread 0x0000023d3ca68a50 flushing nmethod 0x0000023d2f2b6390
Event: 2795.083 Thread 0x0000023d3ca68a50 flushing nmethod 0x0000023d27e17110
Event: 2795.083 Thread 0x0000023d3ca68a50 flushing nmethod 0x0000023d28619590
Event: 2795.083 Thread 0x0000023d3ca68a50 flushing nmethod 0x0000023d280e7d10
Event: 2795.083 Thread 0x0000023d3ca68a50 flushing nmethod 0x0000023d28d97d10
Event: 2795.083 Thread 0x0000023d3ca68a50 flushing nmethod 0x0000023d2883a990
Event: 2795.083 Thread 0x0000023d3ca68a50 flushing nmethod 0x0000023d28a4c910
Event: 2795.085 Thread 0x0000023d0afc5080 Thread exited: 0x0000023d0afc5080
Event: 2795.087 Thread 0x0000023d0d643a50 Thread exited: 0x0000023d0d643a50
Event: 2795.285 Thread 0x0000023d0afc3540 Thread added: 0x0000023d0afc3540
Event: 2795.286 Thread 0x0000023d05cb51b0 Thread added: 0x0000023d05cb51b0


Dynamic libraries:
0x00007ff7751c0000 - 0x00007ff7751d0000 	C:\Program Files\Java\jdk-21\bin\java.exe
0x00007ffc3eb40000 - 0x00007ffc3eda8000 	C:\Windows\SYSTEM32\ntdll.dll
0x00007ffc3d500000 - 0x00007ffc3d5c9000 	C:\Windows\System32\KERNEL32.DLL
0x00007ffc3b420000 - 0x00007ffc3b811000 	C:\Windows\System32\KERNELBASE.dll
0x00007ffc3c500000 - 0x00007ffc3c64b000 	C:\Windows\System32\ucrtbase.dll
0x00007ffc17a80000 - 0x00007ffc17a99000 	C:\Program Files\Java\jdk-21\bin\jli.dll
0x00007ffc166a0000 - 0x00007ffc166bb000 	C:\Program Files\Java\jdk-21\bin\VCRUNTIME140.dll
0x00007ffc3e250000 - 0x00007ffc3e304000 	C:\Windows\System32\ADVAPI32.dll
0x00007ffc3e690000 - 0x00007ffc3e739000 	C:\Windows\System32\msvcrt.dll
0x00007ffc3c9e0000 - 0x00007ffc3ca86000 	C:\Windows\System32\sechost.dll
0x00007ffc3e390000 - 0x00007ffc3e4a8000 	C:\Windows\System32\RPCRT4.dll
0x00007ffc3d820000 - 0x00007ffc3d9e6000 	C:\Windows\System32\USER32.dll
0x00007ffc3c4d0000 - 0x00007ffc3c4f7000 	C:\Windows\System32\win32u.dll
0x00007ffc237d0000 - 0x00007ffc23a63000 	C:\Windows\WinSxS\amd64_microsoft.windows.common-controls_6595b64144ccf1df_6.0.26100.7824_none_3e0870b2e3345462\COMCTL32.dll
0x00007ffc3ea40000 - 0x00007ffc3ea6b000 	C:\Windows\System32\GDI32.dll
0x00007ffc3c650000 - 0x00007ffc3c77b000 	C:\Windows\System32\gdi32full.dll
0x00007ffc3c830000 - 0x00007ffc3c8d3000 	C:\Windows\System32\msvcp_win.dll
0x00007ffc35b70000 - 0x00007ffc35b7b000 	C:\Windows\SYSTEM32\VERSION.dll
0x00007ffc3d5d0000 - 0x00007ffc3d601000 	C:\Windows\System32\IMM32.DLL
0x00007ffc252a0000 - 0x00007ffc252ac000 	C:\Program Files\Java\jdk-21\bin\vcruntime140_1.dll
0x00007ffbfc4b0000 - 0x00007ffbfc53e000 	C:\Program Files\Java\jdk-21\bin\msvcp140.dll
0x00007ffaf7b90000 - 0x00007ffaf88a8000 	C:\Program Files\Java\jdk-21\bin\server\jvm.dll
0x00007ffc3e150000 - 0x00007ffc3e1c4000 	C:\Windows\System32\WS2_32.dll
0x00007ffc3b0d0000 - 0x00007ffc3b12e000 	C:\Windows\SYSTEM32\POWRPROF.dll
0x00007ffc2fbf0000 - 0x00007ffc2fc25000 	C:\Windows\SYSTEM32\WINMM.dll
0x00007ffc3b0b0000 - 0x00007ffc3b0c4000 	C:\Windows\SYSTEM32\UMPDC.dll
0x00007ffc3a1c0000 - 0x00007ffc3a1db000 	C:\Windows\SYSTEM32\kernel.appcore.dll
0x00007ffc21960000 - 0x00007ffc2196a000 	C:\Program Files\Java\jdk-21\bin\jimage.dll
0x00007ffc275c0000 - 0x00007ffc27802000 	C:\Windows\SYSTEM32\DBGHELP.DLL
0x00007ffc3d0a0000 - 0x00007ffc3d426000 	C:\Windows\System32\combase.dll
0x00007ffc3e4b0000 - 0x00007ffc3e587000 	C:\Windows\System32\OLEAUT32.dll
0x00007ffbedaf0000 - 0x00007ffbedb2b000 	C:\Windows\SYSTEM32\dbgcore.DLL
0x00007ffc3c780000 - 0x00007ffc3c825000 	C:\Windows\System32\bcryptPrimitives.dll
0x00007ffc20050000 - 0x00007ffc2005f000 	C:\Program Files\Java\jdk-21\bin\instrument.dll
0x00007ffc11c40000 - 0x00007ffc11c5f000 	C:\Program Files\Java\jdk-21\bin\java.dll
0x00007ffc3d9f0000 - 0x00007ffc3e142000 	C:\Windows\System32\SHELL32.dll
0x00007ffc3b820000 - 0x00007ffc3b98a000 	C:\Windows\System32\wintypes.dll
0x00007ffc3bc60000 - 0x00007ffc3c4c3000 	C:\Windows\System32\windows.storage.dll
0x00007ffc3e590000 - 0x00007ffc3e686000 	C:\Windows\System32\SHCORE.dll
0x00007ffc3d7b0000 - 0x00007ffc3d817000 	C:\Windows\System32\shlwapi.dll
0x00007ffc3b340000 - 0x00007ffc3b369000 	C:\Windows\SYSTEM32\profapi.dll
0x00007ffbb0d20000 - 0x00007ffbb0df7000 	C:\Program Files\Java\jdk-21\bin\jsvml.dll
0x00007ffc0c110000 - 0x00007ffc0c128000 	C:\Program Files\Java\jdk-21\bin\zip.dll
0x00007ffc1cd00000 - 0x00007ffc1cd10000 	C:\Program Files\Java\jdk-21\bin\net.dll
0x00007ffc34fc0000 - 0x00007ffc350e7000 	C:\Windows\SYSTEM32\WINHTTP.dll
0x00007ffc3a730000 - 0x00007ffc3a79b000 	C:\Windows\system32\mswsock.dll
0x00007ffc0c0f0000 - 0x00007ffc0c106000 	C:\Program Files\Java\jdk-21\bin\nio.dll
0x00007ffc18530000 - 0x00007ffc18540000 	C:\Program Files\Java\jdk-21\bin\verify.dll
0x00007ffc0c460000 - 0x00007ffc0c487000 	C:\Users\byd\.gradle\native\660c5614fbf4a5f2a75b1949f50a0caf5cd603558e7d8a26e50b933a0cfb79d1\windows-amd64\native-platform.dll
0x00007ffbb5ec0000 - 0x00007ffbb5f37000 	C:\Users\byd\.gradle\native\0.2.8\x86_64-windows-gnu\gradle-fileevents.dll
0x00007ffc15840000 - 0x00007ffc1584a000 	C:\Program Files\Java\jdk-21\bin\management.dll
0x00007ffc11c30000 - 0x00007ffc11c3b000 	C:\Program Files\Java\jdk-21\bin\management_ext.dll
0x00007ffc3e810000 - 0x00007ffc3e818000 	C:\Windows\System32\PSAPI.DLL
0x00007ffc39be0000 - 0x00007ffc39c14000 	C:\Windows\SYSTEM32\IPHLPAPI.DLL
0x00007ffc3d4f0000 - 0x00007ffc3d4fa000 	C:\Windows\System32\NSI.dll
0x00007ffc0c450000 - 0x00007ffc0c459000 	C:\Program Files\Java\jdk-21\bin\extnet.dll
0x00007ffc3aa10000 - 0x00007ffc3aa2b000 	C:\Windows\SYSTEM32\CRYPTSP.dll
0x00007ffc3a120000 - 0x00007ffc3a159000 	C:\Windows\system32\rsaenh.dll
0x00007ffc3a7e0000 - 0x00007ffc3a80b000 	C:\Windows\SYSTEM32\USERENV.dll
0x00007ffc3b310000 - 0x00007ffc3b33a000 	C:\Windows\SYSTEM32\bcrypt.dll
0x00007ffc3aa00000 - 0x00007ffc3aa0c000 	C:\Windows\SYSTEM32\CRYPTBASE.dll
0x00007ffc0b310000 - 0x00007ffc0b31e000 	C:\Program Files\Java\jdk-21\bin\sunmscapi.dll
0x00007ffc3ba50000 - 0x00007ffc3bbc7000 	C:\Windows\System32\CRYPT32.dll
0x00007ffc3ac20000 - 0x00007ffc3ac50000 	C:\Windows\SYSTEM32\ncrypt.dll
0x00007ffc3abd0000 - 0x00007ffc3ac0f000 	C:\Windows\SYSTEM32\NTASN1.dll
0x00007ffc0aa20000 - 0x00007ffc0aa28000 	C:\Windows\system32\wshunix.dll
0x00007ffc3a2e0000 - 0x00007ffc3a316000 	C:\Windows\SYSTEM32\ntmarta.dll

dbghelp: loaded successfully - version: 4.0.5 - missing functions: none
symbol engine: initialized successfully - sym options: 0x614 - pdb path: .;C:\Program Files\Java\jdk-21\bin;C:\Windows\SYSTEM32;C:\Windows\WinSxS\amd64_microsoft.windows.common-controls_6595b64144ccf1df_6.0.26100.7824_none_3e0870b2e3345462;C:\Program Files\Java\jdk-21\bin\server;C:\Users\byd\.gradle\native\660c5614fbf4a5f2a75b1949f50a0caf5cd603558e7d8a26e50b933a0cfb79d1\windows-amd64;C:\Users\byd\.gradle\native\0.2.8\x86_64-windows-gnu

VM Arguments:
jvm_args: --add-opens=java.base/java.lang=ALL-UNNAMED --add-opens=java.base/java.lang.invoke=ALL-UNNAMED --add-opens=java.base/java.util=ALL-UNNAMED --add-opens=java.prefs/java.util.prefs=ALL-UNNAMED --add-exports=jdk.compiler/com.sun.tools.javac.api=ALL-UNNAMED --add-exports=jdk.compiler/com.sun.tools.javac.util=ALL-UNNAMED --add-opens=java.base/java.util=ALL-UNNAMED --add-opens=java.prefs/java.util.prefs=ALL-UNNAMED --add-opens=java.base/java.nio.charset=ALL-UNNAMED --add-opens=java.base/java.net=ALL-UNNAMED --add-opens=java.base/java.util.concurrent=ALL-UNNAMED --add-opens=java.base/java.util.concurrent.atomic=ALL-UNNAMED --add-opens=java.xml/javax.xml.namespace=ALL-UNNAMED --add-opens=java.base/java.time=ALL-UNNAMED -Xmx2G -Dfile.encoding=UTF-8 -Duser.country=CN -Duser.language=zh -Duser.variant -javaagent:C:\Users\byd\.gradle\wrapper\dists\gradle-9.4.0-bin\lcvyxq3t37f6mx9miaydrrgs\gradle-9.4.0\lib\agents\gradle-instrumentation-agent-9.4.0.jar 
java_command: org.gradle.launcher.daemon.bootstrap.GradleDaemon 9.4.0
java_class_path (initial): C:\Users\byd\.gradle\wrapper\dists\gradle-9.4.0-bin\lcvyxq3t37f6mx9miaydrrgs\gradle-9.4.0\lib\gradle-daemon-main-9.4.0.jar
Launcher Type: SUN_STANDARD

[Global flags]
     intx CICompilerCount                          = 12                                        {product} {ergonomic}
     uint ConcGCThreads                            = 5                                         {product} {ergonomic}
     uint G1ConcRefinementThreads                  = 18                                        {product} {ergonomic}
   size_t G1HeapRegionSize                         = 1048576                                   {product} {ergonomic}
    uintx GCDrainStackTargetSize                   = 64                                        {product} {ergonomic}
   size_t InitialHeapSize                          = 534773760                                 {product} {ergonomic}
   size_t MarkStackSize                            = 4194304                                   {product} {ergonomic}
   size_t MaxHeapSize                              = 2147483648                                {product} {command line}
   size_t MaxNewSize                               = 1287651328                                {product} {ergonomic}
   size_t MinHeapDeltaBytes                        = 1048576                                   {product} {ergonomic}
   size_t MinHeapSize                              = 8388608                                   {product} {ergonomic}
    uintx NonNMethodCodeHeapSize                   = 7602480                                {pd product} {ergonomic}
    uintx NonProfiledCodeHeapSize                  = 122027880                              {pd product} {ergonomic}
    uintx ProfiledCodeHeapSize                     = 122027880                              {pd product} {ergonomic}
    uintx ReservedCodeCacheSize                    = 251658240                              {pd product} {ergonomic}
     bool SegmentedCodeCache                       = true                                      {product} {ergonomic}
   size_t SoftMaxHeapSize                          = 2147483648                             {manageable} {ergonomic}
     bool UseCompressedOops                        = true                           {product lp64_product} {ergonomic}
     bool UseG1GC                                  = true                                      {product} {ergonomic}
     bool UseLargePagesIndividualAllocation        = false                                  {pd product} {ergonomic}

Logging:
Log output configuration:
 #0: stdout all=warning uptime,level,tags foldmultilines=false
 #1: stderr all=off uptime,level,tags foldmultilines=false

Environment Variables:
PATH=C:\Program Files\NVIDIA GPU Computing Toolkit\CUDA\v12.9\bin;C:\Program Files\NVIDIA GPU Computing Toolkit\CUDA\v12.9\libnvvp;D:\Oculus\Support\oculus-runtime;C:\Program Files\Common Files\Oracle\Java\javapath;C:\Program Files (x86)\Common Files\Oracle\Java\java8path;C:\Program Files (x86)\Common Files\Oracle\Java\javapath;C:\Windows\system32;C:\Windows;C:\Windows\System32\Wbem;C:\Windows\System32\WindowsPowerShell\v1.0\;C:\Windows\System32\OpenSSH\;C:\Program Files\dotnet\;C:\Program Files (x86)\NVIDIA Corporation\PhysX\Common;C:\Program Files\Git\cmd;C:\Program Files\NVIDIA Corporation\NVIDIA app\NvDLISR;C:\Program Files\NVIDIA Corporation\Nsight Compute 2025.2.1\;C:\Program Files\NVIDIA GPU Computing Toolkit\CUDA\v12.9\include;C:\Program Files\NVIDIA GPU Computing Toolkit\CUDA\v12.9\lib;C:\Program Files\NVIDIA GPU Computing Toolkit\CUDA\v12.9\libnvvp;F:\TensorRT-10.12.0.36\lib;F:\TensorRT-10.12.0.36\bin;C:\Program Files\NVIDIA\CUDNN\v9.10\bin\12.9;C:\Users\byd\AppData\Local\Programs\Python\Python310\Scripts\;C:\Users\byd\AppData\Local\Programs\Python\Python310\;C:\Users\byd\AppData\Local\Programs\Python\Python311\Scripts\;C:\Users\byd\AppData\Local\Programs\Python\Python311\;C:\Users\byd\AppData\Local\Microsoft\WindowsApps;C:\Users\byd\AppData\Local\Programs\Microsoft VS Code\bin;C:\Users\byd\.lmstudio\bin;C:\Users\byd\AppData\Local\Microsoft\WinGet\Packages\Gyan.FFmpeg_Microsoft.Winget.Source_8wekyb3d8bbwe\ffmpeg-7.0.2-full_build\bin;E:\IntelliJ IDEA 2025.3.3\bin
USERNAME=byd
OS=Windows_NT
PROCESSOR_IDENTIFIER=Intel64 Family 6 Model 183 Stepping 1, GenuineIntel
TMP=C:\Users\byd\AppData\Local\Temp
TEMP=C:\Users\byd\AppData\Local\Temp




Periodic native trim disabled

---------------  S Y S T E M  ---------------

OS:
 Windows 11 , 64 bit Build 26100 (10.0.26100.7705)
OS uptime: 16 days 7:23 hours

CPU: total 24 (initial active 24) (12 cores per cpu, 2 threads per core) family 6 model 183 stepping 1 microcode 0x12b, cx8, cmov, fxsr, ht, mmx, 3dnowpref, sse, sse2, sse3, ssse3, sse4.1, sse4.2, popcnt, lzcnt, tsc, tscinvbit, avx, avx2, aes, erms, clmul, bmi1, bmi2, adx, sha, fma, vzeroupper, clflush, clflushopt, clwb, serialize, rdtscp, rdpid, fsrm, f16c, pku, cet_ibt, cet_ss
Processor Information for all 24 processors :
  Max Mhz: 3400, Current Mhz: 3400, Mhz Limit: 3400

Memory: 4k page, system-wide physical 32577M (10906M free)
TotalPageFile size 114322M (AvailPageFile size 71615M)
current process WorkingSet (physical memory assigned to process): 2054M, peak: 2056M
current process commit charge ("private bytes"): 2141M, peak: 2143M

vm_info: Java HotSpot(TM) 64-Bit Server VM (21.0.5+9-LTS-239) for windows-amd64 JRE (21.0.5+9-LTS-239), built on 2024-09-30T05:17:38Z by "mach5one" with MS VC++ 17.6 (VS2022)

END.
